question_id,resumo,status_editorial,instituicao,banca,ano,origem_conhecida,origin_kind,autoria_provavel,rights_status,evidencia_classificacao,requires_media,media_present,media_rights_status,commercial_status,grupo_origem,disciplina,motivo,proximo_passo
ef5c8134-9cb3-46b6-818c-97c27315af75,"Paciente com insuficiência cardíaca apresenta hepatomegalia dolorosa à palpação, edema de membros inferiores, turgência jugular patológica e",published,,,,Casos Clínicos/tutorial/Cardiologia/Caso 4.docx,authorial,provavel_com_dependencia_de_terceiro,pending,"Questão redigida pelo usuário, mas o caso/tutorial-fonte citado é material curricular da instituição de ensino (PUC), possivelmente de autoria de docente/curso — extensão de reuso verbatim do caso não auditada neste levantamento. Sem atestação humana de direitos.",false,false,not_applicable,hold_rights,curricular_PUC_tutorial_caso,Cardiologia,"Questão redigida pelo usuário, mas o caso/tutorial-fonte citado é material curricular da instituição de ensino (PUC), possivelmente de autoria de docente/curso — extensão de reuso verbatim do caso não auditada neste levantamento. Sem atestação humana de direitos.","Obter atestação humana específica de titularidade/direitos (ou licença documentada) antes de liberação comercial; para os grupos com fonte curricular/institucional de terceiro, isso inclui validar essa fonte (autorização do docente/instituição ou reautoria preservando tema/competência)."
f15ed84b-e0b9-4b8c-8eda-e8a3f5db7816,Qual é a importância de uma endocardite infecciosa prévia como fator de risco para um novo episódio?,published,,,,Biblioteca/Medicina/Cardiologia/Clínica/Endocardite Infecciosa.docx + Casos Clínicos/tutorial/Cardiologia/Caso 3 — Endocardite Infecciosa.pdf,authorial,provavel_com_dependencia_de_terceiro,pending,"Questão redigida pelo usuário, mas o caso/tutorial-fonte citado é material curricular da instituição de ensino (PUC), possivelmente de autoria de docente/curso — extensão de reuso verbatim do caso não auditada neste levantamento. Sem atestação humana de direitos.",false,false,not_applicable,hold_rights,curricular_PUC_tutorial_caso,Infectologia,"Questão redigida pelo usuário, mas o caso/tutorial-fonte citado é material curricular da instituição de ensino (PUC), possivelmente de autoria de docente/curso — extensão de reuso verbatim do caso não auditada neste levantamento. Sem atestação humana de direitos.","Obter atestação humana específica de titularidade/direitos (ou licença documentada) antes de liberação comercial; para os grupos com fonte curricular/institucional de terceiro, isso inclui validar essa fonte (autorização do docente/instituição ou reautoria preservando tema/competência)."
5a90358a-8688-4d50-8ddf-b15e71d2a35a,"Como se forma uma vegetação na endocardite infecciosa, desde a lesão endotelial até o biofilme microbiano?",published,,,,Biblioteca/Medicina/Cardiologia/Clínica/Endocardite Infecciosa.docx + Casos Clínicos/tutorial/Cardiologia/Caso 3 — Endocardite Infecciosa.pdf,authorial,provavel_com_dependencia_de_terceiro,pending,"Questão redigida pelo usuário, mas o caso/tutorial-fonte citado é material curricular da instituição de ensino (PUC), possivelmente de autoria de docente/curso — extensão de reuso verbatim do caso não auditada neste levantamento. Sem atestação humana de direitos.",false,false,not_applicable,hold_rights,curricular_PUC_tutorial_caso,Infectologia,"Questão redigida pelo usuário, mas o caso/tutorial-fonte citado é material curricular da instituição de ensino (PUC), possivelmente de autoria de docente/curso — extensão de reuso verbatim do caso não auditada neste levantamento. Sem atestação humana de direitos.","Obter atestação humana específica de titularidade/direitos (ou licença documentada) antes de liberação comercial; para os grupos com fonte curricular/institucional de terceiro, isso inclui validar essa fonte (autorização do docente/instituição ou reautoria preservando tema/competência)."
7fc035a3-b4d9-40e5-923a-0b9f6520095a,Quais são os quatro mecanismos centrais responsáveis pelas consequências clínicas da endocardite infecciosa?,published,,,,Biblioteca/Medicina/Cardiologia/Clínica/Endocardite Infecciosa.docx + Casos Clínicos/tutorial/Cardiologia/Caso 3 — Endocardite Infecciosa.pdf,authorial,provavel_com_dependencia_de_terceiro,pending,"Questão redigida pelo usuário, mas o caso/tutorial-fonte citado é material curricular da instituição de ensino (PUC), possivelmente de autoria de docente/curso — extensão de reuso verbatim do caso não auditada neste levantamento. Sem atestação humana de direitos.",false,false,not_applicable,hold_rights,curricular_PUC_tutorial_caso,Infectologia,"Questão redigida pelo usuário, mas o caso/tutorial-fonte citado é material curricular da instituição de ensino (PUC), possivelmente de autoria de docente/curso — extensão de reuso verbatim do caso não auditada neste levantamento. Sem atestação humana de direitos.","Obter atestação humana específica de titularidade/direitos (ou licença documentada) antes de liberação comercial; para os grupos com fonte curricular/institucional de terceiro, isso inclui validar essa fonte (autorização do docente/instituição ou reautoria preservando tema/competência)."
d766c4f6-9bc5-46be-a401-ddb0d5c13e5f,Quais agentes devem ser priorizados na cobertura empírica inicial da endocardite infecciosa de valva nativa adquirida na comunidade?,published,,,,Biblioteca/Medicina/Cardiologia/Clínica/Endocardite Infecciosa.docx + Casos Clínicos/tutorial/Cardiologia/Caso 3 — Endocardite Infecciosa.pdf,authorial,provavel_com_dependencia_de_terceiro,pending,"Questão redigida pelo usuário, mas o caso/tutorial-fonte citado é material curricular da instituição de ensino (PUC), possivelmente de autoria de docente/curso — extensão de reuso verbatim do caso não auditada neste levantamento. Sem atestação humana de direitos.",false,false,not_applicable,hold_rights,curricular_PUC_tutorial_caso,Infectologia,"Questão redigida pelo usuário, mas o caso/tutorial-fonte citado é material curricular da instituição de ensino (PUC), possivelmente de autoria de docente/curso — extensão de reuso verbatim do caso não auditada neste levantamento. Sem atestação humana de direitos.","Obter atestação humana específica de titularidade/direitos (ou licença documentada) antes de liberação comercial; para os grupos com fonte curricular/institucional de terceiro, isso inclui validar essa fonte (autorização do docente/instituição ou reautoria preservando tema/competência)."
11ae579d-b89b-4ffc-b079-76ec30d1302f,Quais microrganismos devem ser considerados na endocardite de prótese valvar e de que fatores depende sua frequência?,published,,,,Biblioteca/Medicina/Cardiologia/Clínica/Endocardite Infecciosa.docx + Casos Clínicos/tutorial/Cardiologia/Caso 3 — Endocardite Infecciosa.pdf,authorial,provavel_com_dependencia_de_terceiro,pending,"Questão redigida pelo usuário, mas o caso/tutorial-fonte citado é material curricular da instituição de ensino (PUC), possivelmente de autoria de docente/curso — extensão de reuso verbatim do caso não auditada neste levantamento. Sem atestação humana de direitos.",false,false,not_applicable,hold_rights,curricular_PUC_tutorial_caso,Infectologia,"Questão redigida pelo usuário, mas o caso/tutorial-fonte citado é material curricular da instituição de ensino (PUC), possivelmente de autoria de docente/curso — extensão de reuso verbatim do caso não auditada neste levantamento. Sem atestação humana de direitos.","Obter atestação humana específica de titularidade/direitos (ou licença documentada) antes de liberação comercial; para os grupos com fonte curricular/institucional de terceiro, isso inclui validar essa fonte (autorização do docente/instituição ou reautoria preservando tema/competência)."
a46f08a9-3d03-481c-8f13-3d853c2bbe87,"Qual agente, valva acometida e complicação embólica são típicos da endocardite infecciosa associada ao uso de drogas injetáveis?",published,,,,Biblioteca/Medicina/Cardiologia/Clínica/Endocardite Infecciosa.docx + Casos Clínicos/tutorial/Cardiologia/Caso 3 — Endocardite Infecciosa.pdf,authorial,provavel_com_dependencia_de_terceiro,pending,"Questão redigida pelo usuário, mas o caso/tutorial-fonte citado é material curricular da instituição de ensino (PUC), possivelmente de autoria de docente/curso — extensão de reuso verbatim do caso não auditada neste levantamento. Sem atestação humana de direitos.",false,false,not_applicable,hold_rights,curricular_PUC_tutorial_caso,Infectologia,"Questão redigida pelo usuário, mas o caso/tutorial-fonte citado é material curricular da instituição de ensino (PUC), possivelmente de autoria de docente/curso — extensão de reuso verbatim do caso não auditada neste levantamento. Sem atestação humana de direitos.","Obter atestação humana específica de titularidade/direitos (ou licença documentada) antes de liberação comercial; para os grupos com fonte curricular/institucional de terceiro, isso inclui validar essa fonte (autorização do docente/instituição ou reautoria preservando tema/competência)."
b32b9d5c-0395-46bd-8f87-1a5d574263e2,Como deve ser investigada uma suspeita de endocardite infecciosa com hemoculturas persistentemente negativas?,published,,,,Biblioteca/Medicina/Cardiologia/Clínica/Endocardite Infecciosa.docx + Casos Clínicos/tutorial/Cardiologia/Caso 3 — Endocardite Infecciosa.pdf,authorial,provavel_com_dependencia_de_terceiro,pending,"Questão redigida pelo usuário, mas o caso/tutorial-fonte citado é material curricular da instituição de ensino (PUC), possivelmente de autoria de docente/curso — extensão de reuso verbatim do caso não auditada neste levantamento. Sem atestação humana de direitos.",false,false,not_applicable,hold_rights,curricular_PUC_tutorial_caso,Infectologia,"Questão redigida pelo usuário, mas o caso/tutorial-fonte citado é material curricular da instituição de ensino (PUC), possivelmente de autoria de docente/curso — extensão de reuso verbatim do caso não auditada neste levantamento. Sem atestação humana de direitos.","Obter atestação humana específica de titularidade/direitos (ou licença documentada) antes de liberação comercial; para os grupos com fonte curricular/institucional de terceiro, isso inclui validar essa fonte (autorização do docente/instituição ou reautoria preservando tema/competência)."
9a7de3d7-f3d3-4679-9d43-c31a3d23c300,Qual investigação adicional é indicada quando Streptococcus gallolyticus é isolado nas hemoculturas de um paciente com endocardite infeccios,published,,,,Biblioteca/Medicina/Cardiologia/Clínica/Endocardite Infecciosa.docx + Casos Clínicos/tutorial/Cardiologia/Caso 3 — Endocardite Infecciosa.pdf,authorial,provavel_com_dependencia_de_terceiro,pending,"Questão redigida pelo usuário, mas o caso/tutorial-fonte citado é material curricular da instituição de ensino (PUC), possivelmente de autoria de docente/curso — extensão de reuso verbatim do caso não auditada neste levantamento. Sem atestação humana de direitos.",false,false,not_applicable,hold_rights,curricular_PUC_tutorial_caso,Infectologia,"Questão redigida pelo usuário, mas o caso/tutorial-fonte citado é material curricular da instituição de ensino (PUC), possivelmente de autoria de docente/curso — extensão de reuso verbatim do caso não auditada neste levantamento. Sem atestação humana de direitos.","Obter atestação humana específica de titularidade/direitos (ou licença documentada) antes de liberação comercial; para os grupos com fonte curricular/institucional de terceiro, isso inclui validar essa fonte (autorização do docente/instituição ou reautoria preservando tema/competência)."
fa1043a3-9a93-495b-a1a2-132444705290,"Como a endocardite infecciosa aguda difere da subaguda quanto ao curso, ao agente típico e à condição prévia da valva?",published,,,,Biblioteca/Medicina/Cardiologia/Clínica/Endocardite Infecciosa.docx + Casos Clínicos/tutorial/Cardiologia/Caso 3 — Endocardite Infecciosa.pdf,authorial,provavel_com_dependencia_de_terceiro,pending,"Questão redigida pelo usuário, mas o caso/tutorial-fonte citado é material curricular da instituição de ensino (PUC), possivelmente de autoria de docente/curso — extensão de reuso verbatim do caso não auditada neste levantamento. Sem atestação humana de direitos.",false,false,not_applicable,hold_rights,curricular_PUC_tutorial_caso,Infectologia,"Questão redigida pelo usuário, mas o caso/tutorial-fonte citado é material curricular da instituição de ensino (PUC), possivelmente de autoria de docente/curso — extensão de reuso verbatim do caso não auditada neste levantamento. Sem atestação humana de direitos.","Obter atestação humana específica de titularidade/direitos (ou licença documentada) antes de liberação comercial; para os grupos com fonte curricular/institucional de terceiro, isso inclui validar essa fonte (autorização do docente/instituição ou reautoria preservando tema/competência)."
f3b2bb09-a571-4a3a-b5c2-83ee1d433c80,"Como diferenciar nódulos de Osler, manchas de Roth e lesões de Janeway quanto à apresentação e ao mecanismo?",published,,,,Biblioteca/Medicina/Cardiologia/Clínica/Endocardite Infecciosa.docx + Casos Clínicos/tutorial/Cardiologia/Caso 3 — Endocardite Infecciosa.pdf,authorial,provavel_com_dependencia_de_terceiro,pending,"Questão redigida pelo usuário, mas o caso/tutorial-fonte citado é material curricular da instituição de ensino (PUC), possivelmente de autoria de docente/curso — extensão de reuso verbatim do caso não auditada neste levantamento. Sem atestação humana de direitos.",false,false,not_applicable,hold_rights,curricular_PUC_tutorial_caso,Infectologia,"Questão redigida pelo usuário, mas o caso/tutorial-fonte citado é material curricular da instituição de ensino (PUC), possivelmente de autoria de docente/curso — extensão de reuso verbatim do caso não auditada neste levantamento. Sem atestação humana de direitos.","Obter atestação humana específica de titularidade/direitos (ou licença documentada) antes de liberação comercial; para os grupos com fonte curricular/institucional de terceiro, isso inclui validar essa fonte (autorização do docente/instituição ou reautoria preservando tema/competência)."
6383f8be-0f32-47b9-a4c4-0835fe428a8e,Como devem ser coletadas as hemoculturas na investigação de endocardite infecciosa?,published,,,,Biblioteca/Medicina/Cardiologia/Clínica/Endocardite Infecciosa.docx + Casos Clínicos/tutorial/Cardiologia/Caso 3 — Endocardite Infecciosa.pdf,authorial,provavel_com_dependencia_de_terceiro,pending,"Questão redigida pelo usuário, mas o caso/tutorial-fonte citado é material curricular da instituição de ensino (PUC), possivelmente de autoria de docente/curso — extensão de reuso verbatim do caso não auditada neste levantamento. Sem atestação humana de direitos.",false,false,not_applicable,hold_rights,curricular_PUC_tutorial_caso,Infectologia,"Questão redigida pelo usuário, mas o caso/tutorial-fonte citado é material curricular da instituição de ensino (PUC), possivelmente de autoria de docente/curso — extensão de reuso verbatim do caso não auditada neste levantamento. Sem atestação humana de direitos.","Obter atestação humana específica de titularidade/direitos (ou licença documentada) antes de liberação comercial; para os grupos com fonte curricular/institucional de terceiro, isso inclui validar essa fonte (autorização do docente/instituição ou reautoria preservando tema/competência)."
b7978199-cb6f-476e-9acd-4a45f7e70bcc,Qual é o papel do ecocardiograma transtorácico e quando o transesofágico está indicado na investigação de endocardite infecciosa?,published,,,,Biblioteca/Medicina/Cardiologia/Clínica/Endocardite Infecciosa.docx + Casos Clínicos/tutorial/Cardiologia/Caso 3 — Endocardite Infecciosa.pdf,authorial,provavel_com_dependencia_de_terceiro,pending,"Questão redigida pelo usuário, mas o caso/tutorial-fonte citado é material curricular da instituição de ensino (PUC), possivelmente de autoria de docente/curso — extensão de reuso verbatim do caso não auditada neste levantamento. Sem atestação humana de direitos.",false,false,not_applicable,hold_rights,curricular_PUC_tutorial_caso,Infectologia,"Questão redigida pelo usuário, mas o caso/tutorial-fonte citado é material curricular da instituição de ensino (PUC), possivelmente de autoria de docente/curso — extensão de reuso verbatim do caso não auditada neste levantamento. Sem atestação humana de direitos.","Obter atestação humana específica de titularidade/direitos (ou licença documentada) antes de liberação comercial; para os grupos com fonte curricular/institucional de terceiro, isso inclui validar essa fonte (autorização do docente/instituição ou reautoria preservando tema/competência)."
5914536b-5910-481e-958a-47a773fc57ea,"Qual é o papel da tomografia cardíaca, do PET/CT com 18F-FDG e do SPECT/CT na investigação da endocardite infecciosa?",published,,,,Biblioteca/Medicina/Cardiologia/Clínica/Endocardite Infecciosa.docx + Casos Clínicos/tutorial/Cardiologia/Caso 3 — Endocardite Infecciosa.pdf,authorial,provavel_com_dependencia_de_terceiro,pending,"Questão redigida pelo usuário, mas o caso/tutorial-fonte citado é material curricular da instituição de ensino (PUC), possivelmente de autoria de docente/curso — extensão de reuso verbatim do caso não auditada neste levantamento. Sem atestação humana de direitos.",false,false,not_applicable,hold_rights,curricular_PUC_tutorial_caso,Infectologia,"Questão redigida pelo usuário, mas o caso/tutorial-fonte citado é material curricular da instituição de ensino (PUC), possivelmente de autoria de docente/curso — extensão de reuso verbatim do caso não auditada neste levantamento. Sem atestação humana de direitos.","Obter atestação humana específica de titularidade/direitos (ou licença documentada) antes de liberação comercial; para os grupos com fonte curricular/institucional de terceiro, isso inclui validar essa fonte (autorização do docente/instituição ou reautoria preservando tema/competência)."
984c3566-4c6a-40a9-8657-8d298d45ae57,"Quais achados microbiológicos, de imagem e cirúrgicos constituem critérios maiores Duke-ISCVID 2023?",published,,,,Biblioteca/Medicina/Cardiologia/Clínica/Endocardite Infecciosa.docx + Casos Clínicos/tutorial/Cardiologia/Caso 3 — Endocardite Infecciosa.pdf,authorial,provavel_com_dependencia_de_terceiro,pending,"Questão redigida pelo usuário, mas o caso/tutorial-fonte citado é material curricular da instituição de ensino (PUC), possivelmente de autoria de docente/curso — extensão de reuso verbatim do caso não auditada neste levantamento. Sem atestação humana de direitos.",false,false,not_applicable,hold_rights,curricular_PUC_tutorial_caso,Infectologia,"Questão redigida pelo usuário, mas o caso/tutorial-fonte citado é material curricular da instituição de ensino (PUC), possivelmente de autoria de docente/curso — extensão de reuso verbatim do caso não auditada neste levantamento. Sem atestação humana de direitos.","Obter atestação humana específica de titularidade/direitos (ou licença documentada) antes de liberação comercial; para os grupos com fonte curricular/institucional de terceiro, isso inclui validar essa fonte (autorização do docente/instituição ou reautoria preservando tema/competência)."
9ca80348-7c32-4834-ad6d-4a8b5512a9b8,Quais combinações de critérios maiores e menores classificam uma endocardite infecciosa clínica como definitiva pelo Duke-ISCVID 2023?,published,,,,Biblioteca/Medicina/Cardiologia/Clínica/Endocardite Infecciosa.docx + Casos Clínicos/tutorial/Cardiologia/Caso 3 — Endocardite Infecciosa.pdf,authorial,provavel_com_dependencia_de_terceiro,pending,"Questão redigida pelo usuário, mas o caso/tutorial-fonte citado é material curricular da instituição de ensino (PUC), possivelmente de autoria de docente/curso — extensão de reuso verbatim do caso não auditada neste levantamento. Sem atestação humana de direitos.",false,false,not_applicable,hold_rights,curricular_PUC_tutorial_caso,Infectologia,"Questão redigida pelo usuário, mas o caso/tutorial-fonte citado é material curricular da instituição de ensino (PUC), possivelmente de autoria de docente/curso — extensão de reuso verbatim do caso não auditada neste levantamento. Sem atestação humana de direitos.","Obter atestação humana específica de titularidade/direitos (ou licença documentada) antes de liberação comercial; para os grupos com fonte curricular/institucional de terceiro, isso inclui validar essa fonte (autorização do docente/instituição ou reautoria preservando tema/competência)."
4d23ad53-c9f8-4da8-be0d-d20fe0c65b71,"Segundo dados de incidência de tumores cerebrais primários nos Estados Unidos (CBTRUS), a taxa média anual é de 24,25 por 100.000 habitantes",published,,,,"Extração e Consolidação — LANCCILO (Tumores do Sistema Nervoso Central), Prof. Dr. Carlos Zicarelli, Disciplina de Neurocirurgia, LANCCILO/PUCPR — Slide 6 (IMG_",authorial,provavel_com_dependencia_de_terceiro,pending,Fonte é extração/consolidação de material de liga/grupo acadêmico (LANCCILO) atribuído a um professor nomeado — direitos do material-fonte não documentados. Sem atestação humana de direitos.,false,false,not_applicable,hold_rights,extracao_compendio_LANCCILO,Neurocirurgia,Fonte é extração/consolidação de material de liga/grupo acadêmico (LANCCILO) atribuído a um professor nomeado — direitos do material-fonte não documentados. Sem atestação humana de direitos.,"Obter atestação humana específica de titularidade/direitos (ou licença documentada) antes de liberação comercial; para os grupos com fonte curricular/institucional de terceiro, isso inclui validar essa fonte (autorização do docente/instituição ou reautoria preservando tema/competência)."
33ac5bab-465e-42d8-bba6-29778de84720,Quais agentes e fatores clínicos devem orientar a terapia antimicrobiana empírica da endocardite infecciosa?,published,,,,Biblioteca/Medicina/Cardiologia/Clínica/Endocardite Infecciosa.docx + Casos Clínicos/tutorial/Cardiologia/Caso 3 — Endocardite Infecciosa.pdf,authorial,provavel_com_dependencia_de_terceiro,pending,"Questão redigida pelo usuário, mas o caso/tutorial-fonte citado é material curricular da instituição de ensino (PUC), possivelmente de autoria de docente/curso — extensão de reuso verbatim do caso não auditada neste levantamento. Sem atestação humana de direitos.",false,false,not_applicable,hold_rights,curricular_PUC_tutorial_caso,Infectologia,"Questão redigida pelo usuário, mas o caso/tutorial-fonte citado é material curricular da instituição de ensino (PUC), possivelmente de autoria de docente/curso — extensão de reuso verbatim do caso não auditada neste levantamento. Sem atestação humana de direitos.","Obter atestação humana específica de titularidade/direitos (ou licença documentada) antes de liberação comercial; para os grupos com fonte curricular/institucional de terceiro, isso inclui validar essa fonte (autorização do docente/instituição ou reautoria preservando tema/competência)."
e32a80e9-1743-4584-8f1f-ad2e3743b02b,Qual é o tratamento dirigido da endocardite por estreptococos orais ou Streptococcus gallolyticus sensíveis em valva nativa e protética?,published,,,,Biblioteca/Medicina/Cardiologia/Clínica/Endocardite Infecciosa.docx + Casos Clínicos/tutorial/Cardiologia/Caso 3 — Endocardite Infecciosa.pdf,authorial,provavel_com_dependencia_de_terceiro,pending,"Questão redigida pelo usuário, mas o caso/tutorial-fonte citado é material curricular da instituição de ensino (PUC), possivelmente de autoria de docente/curso — extensão de reuso verbatim do caso não auditada neste levantamento. Sem atestação humana de direitos.",false,false,not_applicable,hold_rights,curricular_PUC_tutorial_caso,Infectologia,"Questão redigida pelo usuário, mas o caso/tutorial-fonte citado é material curricular da instituição de ensino (PUC), possivelmente de autoria de docente/curso — extensão de reuso verbatim do caso não auditada neste levantamento. Sem atestação humana de direitos.","Obter atestação humana específica de titularidade/direitos (ou licença documentada) antes de liberação comercial; para os grupos com fonte curricular/institucional de terceiro, isso inclui validar essa fonte (autorização do docente/instituição ou reautoria preservando tema/competência)."
0d0bd51f-e67e-4322-a567-efdc39167036,"Como é tratada a endocardite estafilocócica de valva nativa por MSSA e por MRSA, e qual é o papel dos aminoglicosídeos?",published,,,,Biblioteca/Medicina/Cardiologia/Clínica/Endocardite Infecciosa.docx + Casos Clínicos/tutorial/Cardiologia/Caso 3 — Endocardite Infecciosa.pdf,authorial,provavel_com_dependencia_de_terceiro,pending,"Questão redigida pelo usuário, mas o caso/tutorial-fonte citado é material curricular da instituição de ensino (PUC), possivelmente de autoria de docente/curso — extensão de reuso verbatim do caso não auditada neste levantamento. Sem atestação humana de direitos.",false,false,not_applicable,hold_rights,curricular_PUC_tutorial_caso,Infectologia,"Questão redigida pelo usuário, mas o caso/tutorial-fonte citado é material curricular da instituição de ensino (PUC), possivelmente de autoria de docente/curso — extensão de reuso verbatim do caso não auditada neste levantamento. Sem atestação humana de direitos.","Obter atestação humana específica de titularidade/direitos (ou licença documentada) antes de liberação comercial; para os grupos com fonte curricular/institucional de terceiro, isso inclui validar essa fonte (autorização do docente/instituição ou reautoria preservando tema/competência)."
d408a426-dde5-4930-8789-c5815ae2fc40,Qual é o esquema típico para endocardite por Enterococcus faecalis sensível e quando a gentamicina pode ser considerada?,published,,,,Biblioteca/Medicina/Cardiologia/Clínica/Endocardite Infecciosa.docx + Casos Clínicos/tutorial/Cardiologia/Caso 3 — Endocardite Infecciosa.pdf,authorial,provavel_com_dependencia_de_terceiro,pending,"Questão redigida pelo usuário, mas o caso/tutorial-fonte citado é material curricular da instituição de ensino (PUC), possivelmente de autoria de docente/curso — extensão de reuso verbatim do caso não auditada neste levantamento. Sem atestação humana de direitos.",false,false,not_applicable,hold_rights,curricular_PUC_tutorial_caso,Infectologia,"Questão redigida pelo usuário, mas o caso/tutorial-fonte citado é material curricular da instituição de ensino (PUC), possivelmente de autoria de docente/curso — extensão de reuso verbatim do caso não auditada neste levantamento. Sem atestação humana de direitos.","Obter atestação humana específica de titularidade/direitos (ou licença documentada) antes de liberação comercial; para os grupos com fonte curricular/institucional de terceiro, isso inclui validar essa fonte (autorização do docente/instituição ou reautoria preservando tema/competência)."
f7c270fd-bc33-433a-ad07-183a5831f5cd,Qual é o tratamento recomendado e sua duração para endocardite por microrganismos do grupo HACEK em valva nativa e protética?,published,,,,Biblioteca/Medicina/Cardiologia/Clínica/Endocardite Infecciosa.docx + Casos Clínicos/tutorial/Cardiologia/Caso 3 — Endocardite Infecciosa.pdf,authorial,provavel_com_dependencia_de_terceiro,pending,"Questão redigida pelo usuário, mas o caso/tutorial-fonte citado é material curricular da instituição de ensino (PUC), possivelmente de autoria de docente/curso — extensão de reuso verbatim do caso não auditada neste levantamento. Sem atestação humana de direitos.",false,false,not_applicable,hold_rights,curricular_PUC_tutorial_caso,Infectologia,"Questão redigida pelo usuário, mas o caso/tutorial-fonte citado é material curricular da instituição de ensino (PUC), possivelmente de autoria de docente/curso — extensão de reuso verbatim do caso não auditada neste levantamento. Sem atestação humana de direitos.","Obter atestação humana específica de titularidade/direitos (ou licença documentada) antes de liberação comercial; para os grupos com fonte curricular/institucional de terceiro, isso inclui validar essa fonte (autorização do docente/instituição ou reautoria preservando tema/competência)."
cb48de74-7d59-43e3-9894-54a77c59dbca,Quais critérios permitiram a transição da terapia intravenosa para a oral no ensaio POET?,published,,,,Biblioteca/Medicina/Cardiologia/Clínica/Endocardite Infecciosa.docx + Casos Clínicos/tutorial/Cardiologia/Caso 3 — Endocardite Infecciosa.pdf,authorial,provavel_com_dependencia_de_terceiro,pending,"Questão redigida pelo usuário, mas o caso/tutorial-fonte citado é material curricular da instituição de ensino (PUC), possivelmente de autoria de docente/curso — extensão de reuso verbatim do caso não auditada neste levantamento. Sem atestação humana de direitos.",false,false,not_applicable,hold_rights,curricular_PUC_tutorial_caso,Infectologia,"Questão redigida pelo usuário, mas o caso/tutorial-fonte citado é material curricular da instituição de ensino (PUC), possivelmente de autoria de docente/curso — extensão de reuso verbatim do caso não auditada neste levantamento. Sem atestação humana de direitos.","Obter atestação humana específica de titularidade/direitos (ou licença documentada) antes de liberação comercial; para os grupos com fonte curricular/institucional de terceiro, isso inclui validar essa fonte (autorização do docente/instituição ou reautoria preservando tema/competência)."
1e140c7e-2211-4449-ab60-3b25f9dcb444,Quais são as três indicações centrais para cirurgia na endocardite infecciosa?,published,,,,Biblioteca/Medicina/Cardiologia/Clínica/Endocardite Infecciosa.docx + Casos Clínicos/tutorial/Cardiologia/Caso 3 — Endocardite Infecciosa.pdf,authorial,provavel_com_dependencia_de_terceiro,pending,"Questão redigida pelo usuário, mas o caso/tutorial-fonte citado é material curricular da instituição de ensino (PUC), possivelmente de autoria de docente/curso — extensão de reuso verbatim do caso não auditada neste levantamento. Sem atestação humana de direitos.",false,false,not_applicable,hold_rights,curricular_PUC_tutorial_caso,Infectologia,"Questão redigida pelo usuário, mas o caso/tutorial-fonte citado é material curricular da instituição de ensino (PUC), possivelmente de autoria de docente/curso — extensão de reuso verbatim do caso não auditada neste levantamento. Sem atestação humana de direitos.","Obter atestação humana específica de titularidade/direitos (ou licença documentada) antes de liberação comercial; para os grupos com fonte curricular/institucional de terceiro, isso inclui validar essa fonte (autorização do docente/instituição ou reautoria preservando tema/competência)."
a73ea2f3-e99e-4891-a717-bb88929407a8,"Como um AIT, um AVC isquêmico ou uma hemorragia intracraniana influenciam o momento da cirurgia na endocardite infecciosa?",published,,,,Biblioteca/Medicina/Cardiologia/Clínica/Endocardite Infecciosa.docx + Casos Clínicos/tutorial/Cardiologia/Caso 3 — Endocardite Infecciosa.pdf,authorial,provavel_com_dependencia_de_terceiro,pending,"Questão redigida pelo usuário, mas o caso/tutorial-fonte citado é material curricular da instituição de ensino (PUC), possivelmente de autoria de docente/curso — extensão de reuso verbatim do caso não auditada neste levantamento. Sem atestação humana de direitos.",false,false,not_applicable,hold_rights,curricular_PUC_tutorial_caso,Infectologia,"Questão redigida pelo usuário, mas o caso/tutorial-fonte citado é material curricular da instituição de ensino (PUC), possivelmente de autoria de docente/curso — extensão de reuso verbatim do caso não auditada neste levantamento. Sem atestação humana de direitos.","Obter atestação humana específica de titularidade/direitos (ou licença documentada) antes de liberação comercial; para os grupos com fonte curricular/institucional de terceiro, isso inclui validar essa fonte (autorização do docente/instituição ou reautoria preservando tema/competência)."
70ea41b4-a50b-4518-b413-3e8c610529de,Como deve ser reconhecida e tratada a endocardite associada a dispositivo cardíaco eletrônico implantável?,published,,,,Biblioteca/Medicina/Cardiologia/Clínica/Endocardite Infecciosa.docx + Casos Clínicos/tutorial/Cardiologia/Caso 3 — Endocardite Infecciosa.pdf,authorial,provavel_com_dependencia_de_terceiro,pending,"Questão redigida pelo usuário, mas o caso/tutorial-fonte citado é material curricular da instituição de ensino (PUC), possivelmente de autoria de docente/curso — extensão de reuso verbatim do caso não auditada neste levantamento. Sem atestação humana de direitos.",false,false,not_applicable,hold_rights,curricular_PUC_tutorial_caso,Infectologia,"Questão redigida pelo usuário, mas o caso/tutorial-fonte citado é material curricular da instituição de ensino (PUC), possivelmente de autoria de docente/curso — extensão de reuso verbatim do caso não auditada neste levantamento. Sem atestação humana de direitos.","Obter atestação humana específica de titularidade/direitos (ou licença documentada) antes de liberação comercial; para os grupos com fonte curricular/institucional de terceiro, isso inclui validar essa fonte (autorização do docente/instituição ou reautoria preservando tema/competência)."
4b88701a-e82e-4a99-ba91-7c065f0b5681,"Quais são a valva, os fatores de risco e a manifestação embólica típicos da endocardite de câmaras direitas?",published,,,,Biblioteca/Medicina/Cardiologia/Clínica/Endocardite Infecciosa.docx + Casos Clínicos/tutorial/Cardiologia/Caso 3 — Endocardite Infecciosa.pdf,authorial,provavel_com_dependencia_de_terceiro,pending,"Questão redigida pelo usuário, mas o caso/tutorial-fonte citado é material curricular da instituição de ensino (PUC), possivelmente de autoria de docente/curso — extensão de reuso verbatim do caso não auditada neste levantamento. Sem atestação humana de direitos.",false,false,not_applicable,hold_rights,curricular_PUC_tutorial_caso,Infectologia,"Questão redigida pelo usuário, mas o caso/tutorial-fonte citado é material curricular da instituição de ensino (PUC), possivelmente de autoria de docente/curso — extensão de reuso verbatim do caso não auditada neste levantamento. Sem atestação humana de direitos.","Obter atestação humana específica de titularidade/direitos (ou licença documentada) antes de liberação comercial; para os grupos com fonte curricular/institucional de terceiro, isso inclui validar essa fonte (autorização do docente/instituição ou reautoria preservando tema/competência)."
e9d9d3e0-5a90-4a30-ac89-ae3d25f15b8d,"Para quais pacientes e procedimentos odontológicos está indicada a profilaxia antimicrobiana da endocardite infecciosa, e qual fármaco deixo",published,,,,Biblioteca/Medicina/Cardiologia/Clínica/Endocardite Infecciosa.docx + Casos Clínicos/tutorial/Cardiologia/Caso 3 — Endocardite Infecciosa.pdf,authorial,provavel_com_dependencia_de_terceiro,pending,"Questão redigida pelo usuário, mas o caso/tutorial-fonte citado é material curricular da instituição de ensino (PUC), possivelmente de autoria de docente/curso — extensão de reuso verbatim do caso não auditada neste levantamento. Sem atestação humana de direitos.",false,false,not_applicable,hold_rights,curricular_PUC_tutorial_caso,Infectologia,"Questão redigida pelo usuário, mas o caso/tutorial-fonte citado é material curricular da instituição de ensino (PUC), possivelmente de autoria de docente/curso — extensão de reuso verbatim do caso não auditada neste levantamento. Sem atestação humana de direitos.","Obter atestação humana específica de titularidade/direitos (ou licença documentada) antes de liberação comercial; para os grupos com fonte curricular/institucional de terceiro, isso inclui validar essa fonte (autorização do docente/instituição ou reautoria preservando tema/competência)."
fd5ffcf5-ff4e-48cc-8bf3-333050c24c95,Como os critérios Duke-ISCVID 2023 definem endocardite infecciosa possível e rejeitada?,published,,,,"Pesquisa ativa (Fowler VG Jr, et al. The 2023 Duke-ISCVID Criteria for Infective Endocarditis. Clin Infect Dis. 2023) — complemento aos critérios já cobertos no",authorial,provavel_independente,pending,"Fonte é pesquisa ativa em diretriz/literatura pública — indício de síntese própria, não prova documental de titularidade da redação. Sem atestação humana específica de direitos: rights_status=pending.",false,false,not_applicable,hold_rights,pesquisa_ativa_guideline,Infectologia,"Fonte é pesquisa ativa em diretriz/literatura pública — indício de síntese própria, não prova documental de titularidade da redação. Sem atestação humana específica de direitos: rights_status=pending.","Obter atestação humana específica de titularidade/direitos (ou licença documentada) antes de liberação comercial; para os grupos com fonte curricular/institucional de terceiro, isso inclui validar essa fonte (autorização do docente/instituição ou reautoria preservando tema/competência)."
58780d36-a0a2-434d-b10a-182b5521907f,Como o tempo desde o implante de material protético modifica a classificação do PET/CT com 18F-FDG nos critérios Duke-ISCVID 2023?,published,,,,"Pesquisa ativa (Fowler VG Jr, et al. The 2023 Duke-ISCVID Criteria for Infective Endocarditis. Clin Infect Dis. 2023) — complemento aos critérios já cobertos no",authorial,provavel_independente,pending,"Fonte é pesquisa ativa em diretriz/literatura pública — indício de síntese própria, não prova documental de titularidade da redação. Sem atestação humana específica de direitos: rights_status=pending.",false,false,not_applicable,hold_rights,pesquisa_ativa_guideline,Infectologia,"Fonte é pesquisa ativa em diretriz/literatura pública — indício de síntese própria, não prova documental de titularidade da redação. Sem atestação humana específica de direitos: rights_status=pending.","Obter atestação humana específica de titularidade/direitos (ou licença documentada) antes de liberação comercial; para os grupos com fonte curricular/institucional de terceiro, isso inclui validar essa fonte (autorização do docente/instituição ou reautoria preservando tema/competência)."
21124c27-8ad2-43e7-8162-76e7edbb2671,"Quais resultados de PCR ou sorologia preenchem o critério maior microbiológico Duke-ISCVID 2023 para Coxiella burnetii, Bartonella spp. ou T",published,,,,"Pesquisa ativa (Fowler VG Jr, et al. The 2023 Duke-ISCVID Criteria for Infective Endocarditis. Clin Infect Dis. 2023) — complemento aos critérios já cobertos no",authorial,provavel_independente,pending,"Fonte é pesquisa ativa em diretriz/literatura pública — indício de síntese própria, não prova documental de titularidade da redação. Sem atestação humana específica de direitos: rights_status=pending.",false,false,not_applicable,hold_rights,pesquisa_ativa_guideline,Infectologia,"Fonte é pesquisa ativa em diretriz/literatura pública — indício de síntese própria, não prova documental de titularidade da redação. Sem atestação humana específica de direitos: rights_status=pending.","Obter atestação humana específica de titularidade/direitos (ou licença documentada) antes de liberação comercial; para os grupos com fonte curricular/institucional de terceiro, isso inclui validar essa fonte (autorização do docente/instituição ou reautoria preservando tema/competência)."
2ce1e109-8e1f-4030-8297-79714754659d,Quais são os quatro padrões clássicos de opacidades pulmonares e quais termos imprecisos devem ser evitados?,published,,,,"Pneumologia/Radiografia de Tórax Básica.pdf (aula, Dr. Felipe Souza — Medicina PUCPR Londrina)",authorial,provavel_com_dependencia_de_terceiro,pending,"Fonte citada é PDF de aula de docente nomeado (Radiografia de Tórax Básica, Dr. Felipe Souza, PUCPR Londrina) — material didático de terceiro, direitos não documentados. Sem atestação humana de direitos.",false,false,not_applicable,hold_rights,aula_professor_pdf,Radiologia,"Fonte citada é PDF de aula de docente nomeado (Radiografia de Tórax Básica, Dr. Felipe Souza, PUCPR Londrina) — material didático de terceiro, direitos não documentados. Sem atestação humana de direitos.","Obter atestação humana específica de titularidade/direitos (ou licença documentada) antes de liberação comercial; para os grupos com fonte curricular/institucional de terceiro, isso inclui validar essa fonte (autorização do docente/instituição ou reautoria preservando tema/competência)."
e722009d-8fe6-4b6e-8822-367c99206623,Assinale a alternativa que associa corretamente o lobo/região à manifestação clínica listada no material.,published,,,,"Extração e Consolidação — LANCCILO (Tumores do Sistema Nervoso Central), Prof. Dr. Carlos Zicarelli, Disciplina de Neurocirurgia, LANCCILO/PUCPR — Slides 8–11 (",authorial,provavel_com_dependencia_de_terceiro,pending,Fonte é extração/consolidação de material de liga/grupo acadêmico (LANCCILO) atribuído a um professor nomeado — direitos do material-fonte não documentados. Sem atestação humana de direitos.,false,false,not_applicable,hold_rights,extracao_compendio_LANCCILO,Neurocirurgia,Fonte é extração/consolidação de material de liga/grupo acadêmico (LANCCILO) atribuído a um professor nomeado — direitos do material-fonte não documentados. Sem atestação humana de direitos.,"Obter atestação humana específica de titularidade/direitos (ou licença documentada) antes de liberação comercial; para os grupos com fonte curricular/institucional de terceiro, isso inclui validar essa fonte (autorização do docente/instituição ou reautoria preservando tema/competência)."
8a34bb68-e0a1-4dc3-8674-a6e22e60796f,Quando a inspeção direta durante cirurgia cardíaca constitui critério maior Duke-ISCVID 2023?,published,,,,"Pesquisa ativa (Fowler VG Jr, et al. The 2023 Duke-ISCVID Criteria for Infective Endocarditis. Clin Infect Dis. 2023) — complemento aos critérios já cobertos no",authorial,provavel_independente,pending,"Fonte é pesquisa ativa em diretriz/literatura pública — indício de síntese própria, não prova documental de titularidade da redação. Sem atestação humana específica de direitos: rights_status=pending.",false,false,not_applicable,hold_rights,pesquisa_ativa_guideline,Infectologia,"Fonte é pesquisa ativa em diretriz/literatura pública — indício de síntese própria, não prova documental de titularidade da redação. Sem atestação humana específica de direitos: rights_status=pending.","Obter atestação humana específica de titularidade/direitos (ou licença documentada) antes de liberação comercial; para os grupos com fonte curricular/institucional de terceiro, isso inclui validar essa fonte (autorização do docente/instituição ou reautoria preservando tema/competência)."
a29d6ccf-2cbf-435e-95b9-0dafd50694b3,Qual é a implicação do isolamento de Streptococcus gallolyticus subsp. gallolyticus em um paciente com endocardite e como ela difere da subs,published,,,,Revisão dirigida por desempenho — reforço sobre item errado na sessão de 27/08/2026 (S. gallolyticus),authorial,provavel_independente,pending,"""Revisão dirigida por desempenho"" indica que a questão foi redigida pelo usuário após erro próprio — indício de processo autoral, não prova documental de titularidade. Sem atestação humana específica de direitos: rights_status=pending.",false,false,not_applicable,hold_rights,reforco_autoral_pos_erro,Infectologia,"""Revisão dirigida por desempenho"" indica que a questão foi redigida pelo usuário após erro próprio — indício de processo autoral, não prova documental de titularidade. Sem atestação humana específica de direitos: rights_status=pending.","Obter atestação humana específica de titularidade/direitos (ou licença documentada) antes de liberação comercial; para os grupos com fonte curricular/institucional de terceiro, isso inclui validar essa fonte (autorização do docente/instituição ou reautoria preservando tema/competência)."
7788a9e5-05ca-423b-aede-ef16968740aa,Qual é o esquema sinérgico clássico para endocardite por Enterococcus faecalis sensível à ampicilina e qual alternativa reduz a nefrotoxicid,published,,,,Revisão dirigida por desempenho — reforço sobre item errado na sessão de 27/08/2026 (Enterococcus faecalis),authorial,provavel_independente,pending,"""Revisão dirigida por desempenho"" indica que a questão foi redigida pelo usuário após erro próprio — indício de processo autoral, não prova documental de titularidade. Sem atestação humana específica de direitos: rights_status=pending.",false,false,not_applicable,hold_rights,reforco_autoral_pos_erro,Infectologia,"""Revisão dirigida por desempenho"" indica que a questão foi redigida pelo usuário após erro próprio — indício de processo autoral, não prova documental de titularidade. Sem atestação humana específica de direitos: rights_status=pending.","Obter atestação humana específica de titularidade/direitos (ou licença documentada) antes de liberação comercial; para os grupos com fonte curricular/institucional de terceiro, isso inclui validar essa fonte (autorização do docente/instituição ou reautoria preservando tema/competência)."
e2388c16-318c-416d-a6a2-7c022efc22de,"Como lesões de Janeway, nódulos de Osler e manchas de Roth se diferenciam quanto ao mecanismo fisiopatológico?",published,,,,Revisão dirigida por desempenho — reforço sobre item errado na sessão de 27/08/2026 (fenômenos periféricos),authorial,provavel_independente,pending,"""Revisão dirigida por desempenho"" indica que a questão foi redigida pelo usuário após erro próprio — indício de processo autoral, não prova documental de titularidade. Sem atestação humana específica de direitos: rights_status=pending.",false,false,not_applicable,hold_rights,reforco_autoral_pos_erro,Infectologia,"""Revisão dirigida por desempenho"" indica que a questão foi redigida pelo usuário após erro próprio — indício de processo autoral, não prova documental de titularidade. Sem atestação humana específica de direitos: rights_status=pending.","Obter atestação humana específica de titularidade/direitos (ou licença documentada) antes de liberação comercial; para os grupos com fonte curricular/institucional de terceiro, isso inclui validar essa fonte (autorização do docente/instituição ou reautoria preservando tema/competência)."
f17a228c-02e4-4e1d-b2a0-e4f26a92a4e8,Qual é a duração do betalactâmico na endocardite não complicada de valva nativa por estreptococos viridans ou Streptococcus gallolyticus ple,published,,,,Revisão dirigida por desempenho — reforço sobre item errado na sessão de 27/08/2026 (duração por CIM),authorial,provavel_independente,pending,"""Revisão dirigida por desempenho"" indica que a questão foi redigida pelo usuário após erro próprio — indício de processo autoral, não prova documental de titularidade. Sem atestação humana específica de direitos: rights_status=pending.",false,false,not_applicable,hold_rights,reforco_autoral_pos_erro,Infectologia,"""Revisão dirigida por desempenho"" indica que a questão foi redigida pelo usuário após erro próprio — indício de processo autoral, não prova documental de titularidade. Sem atestação humana específica de direitos: rights_status=pending.","Obter atestação humana específica de titularidade/direitos (ou licença documentada) antes de liberação comercial; para os grupos com fonte curricular/institucional de terceiro, isso inclui validar essa fonte (autorização do docente/instituição ou reautoria preservando tema/competência)."
2f6a9c27-20a8-4454-ac54-28934fa953b5,Quais são as três categorias de indicação cirúrgica na endocardite infecciosa e quais exemplos caracterizam cada uma?,published,,,,Revisão dirigida por desempenho — reforço sobre item errado na sessão de 27/08/2026 (indicações cirúrgicas),authorial,provavel_independente,pending,"""Revisão dirigida por desempenho"" indica que a questão foi redigida pelo usuário após erro próprio — indício de processo autoral, não prova documental de titularidade. Sem atestação humana específica de direitos: rights_status=pending.",false,false,not_applicable,hold_rights,reforco_autoral_pos_erro,Infectologia,"""Revisão dirigida por desempenho"" indica que a questão foi redigida pelo usuário após erro próprio — indício de processo autoral, não prova documental de titularidade. Sem atestação humana específica de direitos: rights_status=pending.","Obter atestação humana específica de titularidade/direitos (ou licença documentada) antes de liberação comercial; para os grupos com fonte curricular/institucional de terceiro, isso inclui validar essa fonte (autorização do docente/instituição ou reautoria preservando tema/competência)."
94af8fca-47e9-4dde-9e39-27449facd127,Qual é o tratamento de escolha para endocardite pelo grupo HACEK e por que a produção de betalactamase interfere nessa escolha?,published,,,,Revisão dirigida por desempenho — reforço sobre item errado na sessão de 27/08/2026 (grupo HACEK),authorial,provavel_independente,pending,"""Revisão dirigida por desempenho"" indica que a questão foi redigida pelo usuário após erro próprio — indício de processo autoral, não prova documental de titularidade. Sem atestação humana específica de direitos: rights_status=pending.",false,false,not_applicable,hold_rights,reforco_autoral_pos_erro,Infectologia,"""Revisão dirigida por desempenho"" indica que a questão foi redigida pelo usuário após erro próprio — indício de processo autoral, não prova documental de titularidade. Sem atestação humana específica de direitos: rights_status=pending.","Obter atestação humana específica de titularidade/direitos (ou licença documentada) antes de liberação comercial; para os grupos com fonte curricular/institucional de terceiro, isso inclui validar essa fonte (autorização do docente/instituição ou reautoria preservando tema/competência)."
ec4875dc-119f-47b5-9712-38a216bda0d4,"Como as formas aguda e subaguda da endocardite infecciosa diferem em evolução, toxemia, agente típico e condição prévia da valva?",published,,,,Revisão dirigida por desempenho — reforço sobre item errado na sessão de 27/08/2026 (aguda vs. subaguda),authorial,provavel_independente,pending,"""Revisão dirigida por desempenho"" indica que a questão foi redigida pelo usuário após erro próprio — indício de processo autoral, não prova documental de titularidade. Sem atestação humana específica de direitos: rights_status=pending.",false,false,not_applicable,hold_rights,reforco_autoral_pos_erro,Infectologia,"""Revisão dirigida por desempenho"" indica que a questão foi redigida pelo usuário após erro próprio — indício de processo autoral, não prova documental de titularidade. Sem atestação humana específica de direitos: rights_status=pending.","Obter atestação humana específica de titularidade/direitos (ou licença documentada) antes de liberação comercial; para os grupos com fonte curricular/institucional de terceiro, isso inclui validar essa fonte (autorização do docente/instituição ou reautoria preservando tema/competência)."
3cb9eca9-8fb5-494c-ad4f-88b377436210,Um paciente hemodinamicamente estável apresenta forte suspeita clínica de endocardite infecciosa e ainda não recebeu antimicrobianos. Qual é,published,,,,"2023 ESC Guidelines for the management of endocarditis, seções 5.3 e 7.12",authorial,provavel_independente,pending,"Questão redigida a partir de diretriz internacional citável (ESC/Duke-ISCVID) — indício de síntese própria a partir de fato médico público, não prova documental de titularidade da redação. Sem atestação humana específica de direitos: rights_status=pending.",false,false,not_applicable,hold_rights,guideline_internacional_citada,Infectologia,"Questão redigida a partir de diretriz internacional citável (ESC/Duke-ISCVID) — indício de síntese própria a partir de fato médico público, não prova documental de titularidade da redação. Sem atestação humana específica de direitos: rights_status=pending.","Obter atestação humana específica de titularidade/direitos (ou licença documentada) antes de liberação comercial; para os grupos com fonte curricular/institucional de terceiro, isso inclui validar essa fonte (autorização do docente/instituição ou reautoria preservando tema/competência)."
1981ff3e-1211-4434-aa06-1147d0c1e96d,"Após o início de terapia empírica para endocardite infecciosa, as hemoculturas identificam Streptococcus gallolyticus plenamente sensível à ",published,,,,"2023 ESC Guidelines for the management of endocarditis, seções 7.1, 7.2 e 7.12",authorial,provavel_independente,pending,"Questão redigida a partir de diretriz internacional citável (ESC/Duke-ISCVID) — indício de síntese própria a partir de fato médico público, não prova documental de titularidade da redação. Sem atestação humana específica de direitos: rights_status=pending.",false,false,not_applicable,hold_rights,guideline_internacional_citada,Infectologia,"Questão redigida a partir de diretriz internacional citável (ESC/Duke-ISCVID) — indício de síntese própria a partir de fato médico público, não prova documental de titularidade da redação. Sem atestação humana específica de direitos: rights_status=pending.","Obter atestação humana específica de titularidade/direitos (ou licença documentada) antes de liberação comercial; para os grupos com fonte curricular/institucional de terceiro, isso inclui validar essa fonte (autorização do docente/instituição ou reautoria preservando tema/competência)."
b45e9c18-1a99-46c7-9d3f-d0ebfb77a5d4,"Paciente com endocardite em valva nativa por Staphylococcus aureus sensível à meticilina (MSSA) relata exantema remoto, sem anafilaxia, após",published,,,,"2023 ESC Guidelines for the management of endocarditis, seção 7.6",authorial,provavel_independente,pending,"Questão redigida a partir de diretriz internacional citável (ESC/Duke-ISCVID) — indício de síntese própria a partir de fato médico público, não prova documental de titularidade da redação. Sem atestação humana específica de direitos: rights_status=pending.",false,false,not_applicable,hold_rights,guideline_internacional_citada,Infectologia,"Questão redigida a partir de diretriz internacional citável (ESC/Duke-ISCVID) — indício de síntese própria a partir de fato médico público, não prova documental de titularidade da redação. Sem atestação humana específica de direitos: rights_status=pending.","Obter atestação humana específica de titularidade/direitos (ou licença documentada) antes de liberação comercial; para os grupos com fonte curricular/institucional de terceiro, isso inclui validar essa fonte (autorização do docente/instituição ou reautoria preservando tema/competência)."
c4e00798-4e31-4124-a1aa-300f0d4f2e6b,Qual é o papel atual dos aminoglicosídeos na antibioticoterapia da endocardite infecciosa?,published,,,,"2023 ESC Guidelines for the management of endocarditis, princípios gerais e seções 7.6 e 7.8",authorial,provavel_independente,pending,"Questão redigida a partir de diretriz internacional citável (ESC/Duke-ISCVID) — indício de síntese própria a partir de fato médico público, não prova documental de titularidade da redação. Sem atestação humana específica de direitos: rights_status=pending.",false,false,not_applicable,hold_rights,guideline_internacional_citada,Infectologia,"Questão redigida a partir de diretriz internacional citável (ESC/Duke-ISCVID) — indício de síntese própria a partir de fato médico público, não prova documental de titularidade da redação. Sem atestação humana específica de direitos: rights_status=pending.","Obter atestação humana específica de titularidade/direitos (ou licença documentada) antes de liberação comercial; para os grupos com fonte curricular/institucional de terceiro, isso inclui validar essa fonte (autorização do docente/instituição ou reautoria preservando tema/competência)."
b57ef0eb-3d26-4b04-b8cc-5f8ec0b87371,"Em endocardite estafilocócica de prótese valvar por cepa suscetível, qual é o uso mais adequado da rifampicina segundo a diretriz ESC?",published,,,,"2023 ESC Guidelines for the management of endocarditis, princípios gerais e seção 7.6",authorial,provavel_independente,pending,"Questão redigida a partir de diretriz internacional citável (ESC/Duke-ISCVID) — indício de síntese própria a partir de fato médico público, não prova documental de titularidade da redação. Sem atestação humana específica de direitos: rights_status=pending.",false,false,not_applicable,hold_rights,guideline_internacional_citada,Infectologia,"Questão redigida a partir de diretriz internacional citável (ESC/Duke-ISCVID) — indício de síntese própria a partir de fato médico público, não prova documental de titularidade da redação. Sem atestação humana específica de direitos: rights_status=pending.","Obter atestação humana específica de titularidade/direitos (ou licença documentada) antes de liberação comercial; para os grupos com fonte curricular/institucional de terceiro, isso inclui validar essa fonte (autorização do docente/instituição ou reautoria preservando tema/competência)."
f5eabb32-6f60-4892-8c90-45515015f8b8,Qual é a duração habitual da antibioticoterapia na endocardite de valva protética e o que define o fármaco de base?,published,,,,"2023 ESC Guidelines for the management of endocarditis, seção 7.1",authorial,provavel_independente,pending,"Questão redigida a partir de diretriz internacional citável (ESC/Duke-ISCVID) — indício de síntese própria a partir de fato médico público, não prova documental de titularidade da redação. Sem atestação humana específica de direitos: rights_status=pending.",false,false,not_applicable,hold_rights,guideline_internacional_citada,Infectologia,"Questão redigida a partir de diretriz internacional citável (ESC/Duke-ISCVID) — indício de síntese própria a partir de fato médico público, não prova documental de titularidade da redação. Sem atestação humana específica de direitos: rights_status=pending.","Obter atestação humana específica de titularidade/direitos (ou licença documentada) antes de liberação comercial; para os grupos com fonte curricular/institucional de terceiro, isso inclui validar essa fonte (autorização do docente/instituição ou reautoria preservando tema/competência)."
71f03c35-f2a4-43fe-8921-f92f9a75d2c1,"Paciente iniciou tratamento efetivo para EI em valva nativa e, dez dias depois, recebeu prótese durante cirurgia indicada por insuficiência ",published,,,,"2023 ESC Guidelines for the management of endocarditis, seção 7.1",authorial,provavel_independente,pending,"Questão redigida a partir de diretriz internacional citável (ESC/Duke-ISCVID) — indício de síntese própria a partir de fato médico público, não prova documental de titularidade da redação. Sem atestação humana específica de direitos: rights_status=pending.",false,false,not_applicable,hold_rights,guideline_internacional_citada,Infectologia,"Questão redigida a partir de diretriz internacional citável (ESC/Duke-ISCVID) — indício de síntese própria a partir de fato médico público, não prova documental de titularidade da redação. Sem atestação humana específica de direitos: rights_status=pending.","Obter atestação humana específica de titularidade/direitos (ou licença documentada) antes de liberação comercial; para os grupos com fonte curricular/institucional de terceiro, isso inclui validar essa fonte (autorização do docente/instituição ou reautoria preservando tema/competência)."
285c42ed-6db2-4223-91ee-3d9c126052a2,"Em EI por estafilococo resistente à meticilina, qual princípio é correto quando se opta por daptomicina?",published,,,,"2023 ESC Guidelines for the management of endocarditis, seções 7.6 e 7.7",authorial,provavel_independente,pending,"Questão redigida a partir de diretriz internacional citável (ESC/Duke-ISCVID) — indício de síntese própria a partir de fato médico público, não prova documental de titularidade da redação. Sem atestação humana específica de direitos: rights_status=pending.",false,false,not_applicable,hold_rights,guideline_internacional_citada,Infectologia,"Questão redigida a partir de diretriz internacional citável (ESC/Duke-ISCVID) — indício de síntese própria a partir de fato médico público, não prova documental de titularidade da redação. Sem atestação humana específica de direitos: rights_status=pending.","Obter atestação humana específica de titularidade/direitos (ou licença documentada) antes de liberação comercial; para os grupos com fonte curricular/institucional de terceiro, isso inclui validar essa fonte (autorização do docente/instituição ou reautoria preservando tema/competência)."
fc98477a-baa4-4950-aeec-5c013cbb6a98,Qual paciente mais se aproxima do perfil em que se pode discutir conclusão oral protocolizada da antibioticoterapia da EI?,published,,,,"2023 ESC Guidelines for the management of endocarditis, seção 7.13; ensaio POET",authorial,provavel_independente,pending,"Questão redigida a partir de diretriz internacional citável (ESC/Duke-ISCVID) — indício de síntese própria a partir de fato médico público, não prova documental de titularidade da redação. Sem atestação humana específica de direitos: rights_status=pending.",false,false,not_applicable,hold_rights,guideline_internacional_citada,Infectologia,"Questão redigida a partir de diretriz internacional citável (ESC/Duke-ISCVID) — indício de síntese própria a partir de fato médico público, não prova documental de titularidade da redação. Sem atestação humana específica de direitos: rights_status=pending.","Obter atestação humana específica de titularidade/direitos (ou licença documentada) antes de liberação comercial; para os grupos com fonte curricular/institucional de terceiro, isso inclui validar essa fonte (autorização do docente/instituição ou reautoria preservando tema/competência)."
7814d9b6-6119-4b0f-b1a1-2b021a9ef49c,Por que a radiografia de tórax é o principal exame inicial na investigação do tórax e quais estruturas ela avalia simultaneamente?,published,,,,"Pneumologia/Radiografia de Tórax Básica.pdf (aula, Dr. Felipe Souza — Medicina PUCPR Londrina)",authorial,provavel_com_dependencia_de_terceiro,pending,"Fonte citada é PDF de aula de docente nomeado (Radiografia de Tórax Básica, Dr. Felipe Souza, PUCPR Londrina) — material didático de terceiro, direitos não documentados. Sem atestação humana de direitos.",false,false,not_applicable,hold_rights,aula_professor_pdf,Radiologia,"Fonte citada é PDF de aula de docente nomeado (Radiografia de Tórax Básica, Dr. Felipe Souza, PUCPR Londrina) — material didático de terceiro, direitos não documentados. Sem atestação humana de direitos.","Obter atestação humana específica de titularidade/direitos (ou licença documentada) antes de liberação comercial; para os grupos com fonte curricular/institucional de terceiro, isso inclui validar essa fonte (autorização do docente/instituição ou reautoria preservando tema/competência)."
aaaccffc-deb9-4476-a059-50ebbed68422,Qual artefato de posicionamento aparece nas duas radiografias e quais alterações ele pode simular nas incidências PA e AP?,published,,,,"Pneumologia/Radiografia de Tórax Básica.pdf (aula, Dr. Felipe Souza — Medicina PUCPR Londrina)",authorial,provavel_com_dependencia_de_terceiro,pending,"Fonte citada é PDF de aula de docente nomeado (Radiografia de Tórax Básica, Dr. Felipe Souza, PUCPR Londrina) — material didático de terceiro, direitos não documentados. Sem atestação humana de direitos.",true,false,missing,hold_rights_and_media,aula_professor_pdf,Radiologia,"Fonte citada é PDF de aula de docente nomeado (Radiografia de Tórax Básica, Dr. Felipe Souza, PUCPR Londrina) — material didático de terceiro, direitos não documentados. Sem atestação humana de direitos.","Reescrever enunciado para autossuficiência textual OU obter/produzir imagem própria com direitos documentados; e, em qualquer caso, obter atestação humana específica de direitos (ou licença) antes de qualquer publicação comercial."
f5c4682e-d9fe-4d73-b25c-b0e3a727f9c7,"Qual diagnóstico explica o botão aórtico pequeno, a dilatação do tronco e das artérias pulmonares e o aumento do ventrículo direito mostrado",published,,,,"Pneumologia/Radiografia de Tórax Básica.pdf (aula, Dr. Felipe Souza — Medicina PUCPR Londrina)",authorial,provavel_com_dependencia_de_terceiro,pending,"Fonte citada é PDF de aula de docente nomeado (Radiografia de Tórax Básica, Dr. Felipe Souza, PUCPR Londrina) — material didático de terceiro, direitos não documentados. Sem atestação humana de direitos.",false,false,not_applicable,hold_rights,aula_professor_pdf,Radiologia,"Fonte citada é PDF de aula de docente nomeado (Radiografia de Tórax Básica, Dr. Felipe Souza, PUCPR Londrina) — material didático de terceiro, direitos não documentados. Sem atestação humana de direitos.","Obter atestação humana específica de titularidade/direitos (ou licença documentada) antes de liberação comercial; para os grupos com fonte curricular/institucional de terceiro, isso inclui validar essa fonte (autorização do docente/instituição ou reautoria preservando tema/competência)."
75b4c183-2bfc-4a24-9212-4ea71f55cab0,"Paciente com coração de contorno globular ('em moringa') na radiografia de tórax, sem sinais de congestão pulmonar associada. A tomografia à",published,,,,"Pneumologia/Radiografia de Tórax Básica.pdf (aula, Dr. Felipe Souza — Medicina PUCPR Londrina)",authorial,provavel_com_dependencia_de_terceiro,pending,"Fonte citada é PDF de aula de docente nomeado (Radiografia de Tórax Básica, Dr. Felipe Souza, PUCPR Londrina) — material didático de terceiro, direitos não documentados. Sem atestação humana de direitos.",false,false,not_applicable,hold_rights,aula_professor_pdf,Radiologia,"Fonte citada é PDF de aula de docente nomeado (Radiografia de Tórax Básica, Dr. Felipe Souza, PUCPR Londrina) — material didático de terceiro, direitos não documentados. Sem atestação humana de direitos.","Obter atestação humana específica de titularidade/direitos (ou licença documentada) antes de liberação comercial; para os grupos com fonte curricular/institucional de terceiro, isso inclui validar essa fonte (autorização do docente/instituição ou reautoria preservando tema/competência)."
82e55bf5-a083-470b-84dd-970a159aaca4,Qual é o achado indicado pelas setas na radiografia da direita e quais sinais sustentam esse diagnóstico?,published,,,,"Pneumologia/Radiografia de Tórax Básica.pdf (aula, Dr. Felipe Souza — Medicina PUCPR Londrina)",authorial,provavel_com_dependencia_de_terceiro,pending,"Fonte citada é PDF de aula de docente nomeado (Radiografia de Tórax Básica, Dr. Felipe Souza, PUCPR Londrina) — material didático de terceiro, direitos não documentados. Sem atestação humana de direitos.",true,false,missing,hold_rights_and_media,aula_professor_pdf,Radiologia,"Fonte citada é PDF de aula de docente nomeado (Radiografia de Tórax Básica, Dr. Felipe Souza, PUCPR Londrina) — material didático de terceiro, direitos não documentados. Sem atestação humana de direitos.","Reescrever enunciado para autossuficiência textual OU obter/produzir imagem própria com direitos documentados; e, em qualquer caso, obter atestação humana específica de direitos (ou licença) antes de qualquer publicação comercial."
692b1822-270b-4eae-bb35-ac84a55cbd50,"A radiografia mostra volumes pulmonares reduzidos com opacidades reticulares de predomínio basal e periférico bilateral, sem consolidação fr",published,,,,"Pneumologia/Radiografia de Tórax Básica.pdf (aula, Dr. Felipe Souza — Medicina PUCPR Londrina)",authorial,provavel_com_dependencia_de_terceiro,pending,"Fonte citada é PDF de aula de docente nomeado (Radiografia de Tórax Básica, Dr. Felipe Souza, PUCPR Londrina) — material didático de terceiro, direitos não documentados. Sem atestação humana de direitos.",false,false,not_applicable,hold_rights,aula_professor_pdf,Radiologia,"Fonte citada é PDF de aula de docente nomeado (Radiografia de Tórax Básica, Dr. Felipe Souza, PUCPR Londrina) — material didático de terceiro, direitos não documentados. Sem atestação humana de direitos.","Obter atestação humana específica de titularidade/direitos (ou licença documentada) antes de liberação comercial; para os grupos com fonte curricular/institucional de terceiro, isso inclui validar essa fonte (autorização do docente/instituição ou reautoria preservando tema/competência)."
a40ef42a-d907-4632-9e7d-b59d2dd97857,"A seta na imagem aponta para uma via aérea preenchida de ar, visível como estrutura tubular radiotransparente dentro de uma área de opacidad",published,,,,"Pneumologia/Radiografia de Tórax Básica.pdf (aula, Dr. Felipe Souza — Medicina PUCPR Londrina)",authorial,provavel_com_dependencia_de_terceiro,pending,"Fonte citada é PDF de aula de docente nomeado (Radiografia de Tórax Básica, Dr. Felipe Souza, PUCPR Londrina) — material didático de terceiro, direitos não documentados. Sem atestação humana de direitos.",false,false,not_applicable,hold_rights,aula_professor_pdf,Radiologia,"Fonte citada é PDF de aula de docente nomeado (Radiografia de Tórax Básica, Dr. Felipe Souza, PUCPR Londrina) — material didático de terceiro, direitos não documentados. Sem atestação humana de direitos.","Obter atestação humana específica de titularidade/direitos (ou licença documentada) antes de liberação comercial; para os grupos com fonte curricular/institucional de terceiro, isso inclui validar essa fonte (autorização do docente/instituição ou reautoria preservando tema/competência)."
264f72f7-c705-4acc-99e5-8b7f3855149b,"Diferente da atelectasia do lobo inferior direito (que apaga o contorno do hemidiafragma), a atelectasia do lobo médio direito, mostrada na ",published,,,,"Pneumologia/Radiografia de Tórax Básica.pdf (aula, Dr. Felipe Souza — Medicina PUCPR Londrina)",authorial,provavel_com_dependencia_de_terceiro,pending,"Fonte citada é PDF de aula de docente nomeado (Radiografia de Tórax Básica, Dr. Felipe Souza, PUCPR Londrina) — material didático de terceiro, direitos não documentados. Sem atestação humana de direitos.",false,false,not_applicable,hold_rights,aula_professor_pdf,Radiologia,"Fonte citada é PDF de aula de docente nomeado (Radiografia de Tórax Básica, Dr. Felipe Souza, PUCPR Londrina) — material didático de terceiro, direitos não documentados. Sem atestação humana de direitos.","Obter atestação humana específica de titularidade/direitos (ou licença documentada) antes de liberação comercial; para os grupos com fonte curricular/institucional de terceiro, isso inclui validar essa fonte (autorização do docente/instituição ou reautoria preservando tema/competência)."
01eacce6-3e4c-4b42-ae0b-57626b8587df,"Como se chama a borda superior côncava da opacidade que obscurece o seio costofrênico direito, e o que ela representa?",published,,,,"Pneumologia/Radiografia de Tórax Básica.pdf (aula, Dr. Felipe Souza — Medicina PUCPR Londrina)",authorial,provavel_com_dependencia_de_terceiro,pending,"Fonte citada é PDF de aula de docente nomeado (Radiografia de Tórax Básica, Dr. Felipe Souza, PUCPR Londrina) — material didático de terceiro, direitos não documentados. Sem atestação humana de direitos.",false,false,not_applicable,hold_rights,aula_professor_pdf,Radiologia,"Fonte citada é PDF de aula de docente nomeado (Radiografia de Tórax Básica, Dr. Felipe Souza, PUCPR Londrina) — material didático de terceiro, direitos não documentados. Sem atestação humana de direitos.","Obter atestação humana específica de titularidade/direitos (ou licença documentada) antes de liberação comercial; para os grupos com fonte curricular/institucional de terceiro, isso inclui validar essa fonte (autorização do docente/instituição ou reautoria preservando tema/competência)."
755444e6-fefa-4eda-a224-9583b8868806,"As setas na imagem indicam uma linha fina e nítida, paralela à parede torácica, sem tramas vasculares periféricas a ela — achado clássico de",published,,,,"Pneumologia/Radiografia de Tórax Básica.pdf (aula, Dr. Felipe Souza — Medicina PUCPR Londrina)",authorial,provavel_com_dependencia_de_terceiro,pending,"Fonte citada é PDF de aula de docente nomeado (Radiografia de Tórax Básica, Dr. Felipe Souza, PUCPR Londrina) — material didático de terceiro, direitos não documentados. Sem atestação humana de direitos.",false,false,not_applicable,hold_rights,aula_professor_pdf,Radiologia,"Fonte citada é PDF de aula de docente nomeado (Radiografia de Tórax Básica, Dr. Felipe Souza, PUCPR Londrina) — material didático de terceiro, direitos não documentados. Sem atestação humana de direitos.","Obter atestação humana específica de titularidade/direitos (ou licença documentada) antes de liberação comercial; para os grupos com fonte curricular/institucional de terceiro, isso inclui validar essa fonte (autorização do docente/instituição ou reautoria preservando tema/competência)."
3cb78017-16e8-4c4f-8046-1a9112ef5ecb,"Qual diagnóstico é sugerido pela faixa radiotransparente entre a cúpula diafragmática esquerda e as estruturas abdominais, e qual é sua prin",published,,,,"Pneumologia/Radiografia de Tórax Básica.pdf (aula, Dr. Felipe Souza — Medicina PUCPR Londrina)",authorial,provavel_com_dependencia_de_terceiro,pending,"Fonte citada é PDF de aula de docente nomeado (Radiografia de Tórax Básica, Dr. Felipe Souza, PUCPR Londrina) — material didático de terceiro, direitos não documentados. Sem atestação humana de direitos.",false,false,not_applicable,hold_rights,aula_professor_pdf,Radiologia,"Fonte citada é PDF de aula de docente nomeado (Radiografia de Tórax Básica, Dr. Felipe Souza, PUCPR Londrina) — material didático de terceiro, direitos não documentados. Sem atestação humana de direitos.","Obter atestação humana específica de titularidade/direitos (ou licença documentada) antes de liberação comercial; para os grupos com fonte curricular/institucional de terceiro, isso inclui validar essa fonte (autorização do docente/instituição ou reautoria preservando tema/competência)."
7e0af76f-8cd8-4acf-9153-7b6c9c699b35,Um Rx de tórax mostra menos de seis arcos costais visíveis acima da cúpula diafragmática esquerda. Esse achado técnico está associado a qual,published,,,,"Pneumologia/Radiografia de Tórax Básica.pdf (aula, Dr. Felipe Souza — Medicina PUCPR Londrina)",authorial,provavel_com_dependencia_de_terceiro,pending,"Fonte citada é PDF de aula de docente nomeado (Radiografia de Tórax Básica, Dr. Felipe Souza, PUCPR Londrina) — material didático de terceiro, direitos não documentados. Sem atestação humana de direitos.",false,false,not_applicable,hold_rights,aula_professor_pdf,Radiologia,"Fonte citada é PDF de aula de docente nomeado (Radiografia de Tórax Básica, Dr. Felipe Souza, PUCPR Londrina) — material didático de terceiro, direitos não documentados. Sem atestação humana de direitos.","Obter atestação humana específica de titularidade/direitos (ou licença documentada) antes de liberação comercial; para os grupos com fonte curricular/institucional de terceiro, isso inclui validar essa fonte (autorização do docente/instituição ou reautoria preservando tema/competência)."
c8690c67-cbaf-4660-828c-71c251384273,"Ao avaliar os hilos pulmonares, você nota que o hilo esquerdo está mais baixo que o direito (inversão da relação habitual). O que deve ser i",published,,,,"Pneumologia/Radiografia de Tórax Básica.pdf (aula, Dr. Felipe Souza — Medicina PUCPR Londrina)",authorial,provavel_com_dependencia_de_terceiro,pending,"Fonte citada é PDF de aula de docente nomeado (Radiografia de Tórax Básica, Dr. Felipe Souza, PUCPR Londrina) — material didático de terceiro, direitos não documentados. Sem atestação humana de direitos.",false,false,not_applicable,hold_rights,aula_professor_pdf,Radiologia,"Fonte citada é PDF de aula de docente nomeado (Radiografia de Tórax Básica, Dr. Felipe Souza, PUCPR Londrina) — material didático de terceiro, direitos não documentados. Sem atestação humana de direitos.","Obter atestação humana específica de titularidade/direitos (ou licença documentada) antes de liberação comercial; para os grupos com fonte curricular/institucional de terceiro, isso inclui validar essa fonte (autorização do docente/instituição ou reautoria preservando tema/competência)."
e8e41e6f-6418-44f8-be45-b9a9a6afc7d8,"Uma ilustração didática representa, ao redor de um capilar cerebral, cinco elementos da unidade neurovascular do sistema nervoso central: um",published,,,,"Extração e Consolidação — LANCCILO (Tumores do Sistema Nervoso Central), Prof. Dr. Carlos Zicarelli, Disciplina de Neurocirurgia, LANCCILO/PUCPR — Slide 16 (IMG",authorial,provavel_com_dependencia_de_terceiro,pending,Fonte é extração/consolidação de material de liga/grupo acadêmico (LANCCILO) atribuído a um professor nomeado — direitos do material-fonte não documentados. Sem atestação humana de direitos.,false,false,not_applicable,hold_rights,extracao_compendio_LANCCILO,Neurocirurgia,Fonte é extração/consolidação de material de liga/grupo acadêmico (LANCCILO) atribuído a um professor nomeado — direitos do material-fonte não documentados. Sem atestação humana de direitos.,"Obter atestação humana específica de titularidade/direitos (ou licença documentada) antes de liberação comercial; para os grupos com fonte curricular/institucional de terceiro, isso inclui validar essa fonte (autorização do docente/instituição ou reautoria preservando tema/competência)."
cef2281f-d5fa-4400-ab89-b1cee8694a61,Qual é a anormalidade da parede torácica mais comumente observada na radiografia de tórax de rotina?,published,,,,"Pneumologia/Radiografia de Tórax Básica.pdf (aula, Dr. Felipe Souza — Medicina PUCPR Londrina)",authorial,provavel_com_dependencia_de_terceiro,pending,"Fonte citada é PDF de aula de docente nomeado (Radiografia de Tórax Básica, Dr. Felipe Souza, PUCPR Londrina) — material didático de terceiro, direitos não documentados. Sem atestação humana de direitos.",false,false,not_applicable,hold_rights,aula_professor_pdf,Radiologia,"Fonte citada é PDF de aula de docente nomeado (Radiografia de Tórax Básica, Dr. Felipe Souza, PUCPR Londrina) — material didático de terceiro, direitos não documentados. Sem atestação humana de direitos.","Obter atestação humana específica de titularidade/direitos (ou licença documentada) antes de liberação comercial; para os grupos com fonte curricular/institucional de terceiro, isso inclui validar essa fonte (autorização do docente/instituição ou reautoria preservando tema/competência)."
69997626-8f16-49cb-b486-b2c4b6f86413,Por que a incidência póstero-anterior (PA) é preferida sobre a ântero-posterior (AP) na radiografia de tórax de rotina?,published,,,,"Pneumologia/Radiografia de Tórax Básica.pdf (aula, Dr. Felipe Souza — Medicina PUCPR Londrina)",authorial,provavel_com_dependencia_de_terceiro,pending,"Fonte citada é PDF de aula de docente nomeado (Radiografia de Tórax Básica, Dr. Felipe Souza, PUCPR Londrina) — material didático de terceiro, direitos não documentados. Sem atestação humana de direitos.",false,false,not_applicable,hold_rights,aula_professor_pdf,Radiologia,"Fonte citada é PDF de aula de docente nomeado (Radiografia de Tórax Básica, Dr. Felipe Souza, PUCPR Londrina) — material didático de terceiro, direitos não documentados. Sem atestação humana de direitos.","Obter atestação humana específica de titularidade/direitos (ou licença documentada) antes de liberação comercial; para os grupos com fonte curricular/institucional de terceiro, isso inclui validar essa fonte (autorização do docente/instituição ou reautoria preservando tema/competência)."
98d0ffcb-902a-4e55-bef1-deba110dbcca,"Um paciente apresenta tosse persistente há 2 anos. De acordo com a duração dos sintomas, como se classifica a tosse em aguda, subaguda e crô",published,,,,PUC/Saúde do Adulto 1/Pneumologia/Tutorial/Caso 3/Tutorial 3 - Estou tendo tosse.pdf; Pesquisa ativa (Irwin RS et al. Classification of Cough as a Symptom in Ad,authorial,provavel_com_dependencia_de_terceiro,pending,"Questão redigida pelo usuário, mas o caso/tutorial-fonte citado é material curricular da instituição de ensino (PUC), possivelmente de autoria de docente/curso — extensão de reuso verbatim do caso não auditada neste levantamento. Sem atestação humana de direitos.",false,false,not_applicable,hold_rights,curricular_PUC_tutorial_caso,Pneumologia,"Questão redigida pelo usuário, mas o caso/tutorial-fonte citado é material curricular da instituição de ensino (PUC), possivelmente de autoria de docente/curso — extensão de reuso verbatim do caso não auditada neste levantamento. Sem atestação humana de direitos.","Obter atestação humana específica de titularidade/direitos (ou licença documentada) antes de liberação comercial; para os grupos com fonte curricular/institucional de terceiro, isso inclui validar essa fonte (autorização do docente/instituição ou reautoria preservando tema/competência)."
4da37554-277f-409a-b87a-63de7627ed0c,"Quais critérios definem uma hemoptise como grave/ameaçadora à vida, exigindo abordagem de urgência?",published,,,,PUC/Saúde do Adulto 1/Pneumologia/Tutorial/Caso 3/Tutorial 3 - Estou tendo tosse.pdf; Pesquisa ativa (Ittrich H et al. The Diagnosis and Treatment of Hemoptysis,authorial,provavel_com_dependencia_de_terceiro,pending,"Questão redigida pelo usuário, mas o caso/tutorial-fonte citado é material curricular da instituição de ensino (PUC), possivelmente de autoria de docente/curso — extensão de reuso verbatim do caso não auditada neste levantamento. Sem atestação humana de direitos.",false,false,not_applicable,hold_rights,curricular_PUC_tutorial_caso,Pneumologia,"Questão redigida pelo usuário, mas o caso/tutorial-fonte citado é material curricular da instituição de ensino (PUC), possivelmente de autoria de docente/curso — extensão de reuso verbatim do caso não auditada neste levantamento. Sem atestação humana de direitos.","Obter atestação humana específica de titularidade/direitos (ou licença documentada) antes de liberação comercial; para os grupos com fonte curricular/institucional de terceiro, isso inclui validar essa fonte (autorização do docente/instituição ou reautoria preservando tema/competência)."
54ae585e-3340-4b4c-9bf9-1f117b8c1c95,Como se define hemoptise e como ela costuma ser classificada quanto ao volume eliminado?,published,,,,PUC/Saúde do Adulto 1/Pneumologia/Tutorial/Caso 3/Tutorial 3 - Estou tendo tosse.pdf; Pesquisa ativa (Ittrich H et al. The Diagnosis and Treatment of Hemoptysis,authorial,provavel_com_dependencia_de_terceiro,pending,"Questão redigida pelo usuário, mas o caso/tutorial-fonte citado é material curricular da instituição de ensino (PUC), possivelmente de autoria de docente/curso — extensão de reuso verbatim do caso não auditada neste levantamento. Sem atestação humana de direitos.",false,false,not_applicable,hold_rights,curricular_PUC_tutorial_caso,Pneumologia,"Questão redigida pelo usuário, mas o caso/tutorial-fonte citado é material curricular da instituição de ensino (PUC), possivelmente de autoria de docente/curso — extensão de reuso verbatim do caso não auditada neste levantamento. Sem atestação humana de direitos.","Obter atestação humana específica de titularidade/direitos (ou licença documentada) antes de liberação comercial; para os grupos com fonte curricular/institucional de terceiro, isso inclui validar essa fonte (autorização do docente/instituição ou reautoria preservando tema/competência)."
3f5ca5b3-5a0c-402b-88bc-61b47fb4b82b,"Qual é a principal diferença entre a circulação pulmonar (artérias pulmonares) e a circulação brônquica, e por que essa distinção é relevant",published,,,,PUC/Saúde do Adulto 1/Pneumologia/Tutorial/Caso 3/Tutorial 3 - Estou tendo tosse.pdf; Pesquisa ativa (Ittrich H et al. The Diagnosis and Treatment of Hemoptysis,authorial,provavel_com_dependencia_de_terceiro,pending,"Questão redigida pelo usuário, mas o caso/tutorial-fonte citado é material curricular da instituição de ensino (PUC), possivelmente de autoria de docente/curso — extensão de reuso verbatim do caso não auditada neste levantamento. Sem atestação humana de direitos.",false,false,not_applicable,hold_rights,curricular_PUC_tutorial_caso,Pneumologia,"Questão redigida pelo usuário, mas o caso/tutorial-fonte citado é material curricular da instituição de ensino (PUC), possivelmente de autoria de docente/curso — extensão de reuso verbatim do caso não auditada neste levantamento. Sem atestação humana de direitos.","Obter atestação humana específica de titularidade/direitos (ou licença documentada) antes de liberação comercial; para os grupos com fonte curricular/institucional de terceiro, isso inclui validar essa fonte (autorização do docente/instituição ou reautoria preservando tema/competência)."
a0048152-1c16-4726-86c7-0ba18e9b6117,"Diante de um paciente com hemoptise volumosa, qual é a sequência lógica de manejo inicial e tratamento definitivo?",published,,,,"PUC/Saúde do Adulto 1/Pneumologia/Tutorial/Caso 3/Tutorial 3 - Estou tendo tosse.pdf; Pesquisa ativa (Sakr L, Dutau H. Massive hemoptysis: an update on the role",authorial,provavel_com_dependencia_de_terceiro,pending,"Questão redigida pelo usuário, mas o caso/tutorial-fonte citado é material curricular da instituição de ensino (PUC), possivelmente de autoria de docente/curso — extensão de reuso verbatim do caso não auditada neste levantamento. Sem atestação humana de direitos.",false,false,not_applicable,hold_rights,curricular_PUC_tutorial_caso,Pneumologia,"Questão redigida pelo usuário, mas o caso/tutorial-fonte citado é material curricular da instituição de ensino (PUC), possivelmente de autoria de docente/curso — extensão de reuso verbatim do caso não auditada neste levantamento. Sem atestação humana de direitos.","Obter atestação humana específica de titularidade/direitos (ou licença documentada) antes de liberação comercial; para os grupos com fonte curricular/institucional de terceiro, isso inclui validar essa fonte (autorização do docente/instituição ou reautoria preservando tema/competência)."
5fb8d686-c1de-46d6-8684-a32c0839c886,"Em um homem adulto de 70 kg, quais valores aproximados representam a água corporal total e o volume do espaço extracelular, respectivamente?",published,,,,"DISTÚRBIO DE SÓDIO E ÁGUA.pdf, slides 2–6",authorial,provavel_com_dependencia_de_terceiro,pending,"Fonte citada é slide de aula (Distúrbio de Sódio e Água) sem autor/instituição registrados no banco — provável material de curso de terceiro, direitos não documentados. Sem atestação humana de direitos.",false,false,not_applicable,hold_rights,aula_professor_pdf_sodio_agua,Fisiologia e fisiopatologia,"Fonte citada é slide de aula (Distúrbio de Sódio e Água) sem autor/instituição registrados no banco — provável material de curso de terceiro, direitos não documentados. Sem atestação humana de direitos.","Obter atestação humana específica de titularidade/direitos (ou licença documentada) antes de liberação comercial; para os grupos com fonte curricular/institucional de terceiro, isso inclui validar essa fonte (autorização do docente/instituição ou reautoria preservando tema/competência)."
e0c605bf-4e4d-4813-a9d3-77edd78e792b,Qual relação entre sódio corporal e compartimentos hídricos é central para interpretar o exame físico do paciente?,published,,,,"DISTÚRBIO DE SÓDIO E ÁGUA.pdf, slides 7–10",authorial,provavel_com_dependencia_de_terceiro,pending,"Fonte citada é slide de aula (Distúrbio de Sódio e Água) sem autor/instituição registrados no banco — provável material de curso de terceiro, direitos não documentados. Sem atestação humana de direitos.",false,false,not_applicable,hold_rights,aula_professor_pdf_sodio_agua,Fisiologia e fisiopatologia,"Fonte citada é slide de aula (Distúrbio de Sódio e Água) sem autor/instituição registrados no banco — provável material de curso de terceiro, direitos não documentados. Sem atestação humana de direitos.","Obter atestação humana específica de titularidade/direitos (ou licença documentada) antes de liberação comercial; para os grupos com fonte curricular/institucional de terceiro, isso inclui validar essa fonte (autorização do docente/instituição ou reautoria preservando tema/competência)."
bef0b35a-df53-4dcd-94af-33157c7359b9,Como o rim responde fisiologicamente às alterações do volume extracelular efetivo?,published,,,,"DISTÚRBIO DE SÓDIO E ÁGUA.pdf, slide 10",authorial,provavel_com_dependencia_de_terceiro,pending,"Fonte citada é slide de aula (Distúrbio de Sódio e Água) sem autor/instituição registrados no banco — provável material de curso de terceiro, direitos não documentados. Sem atestação humana de direitos.",false,false,not_applicable,hold_rights,aula_professor_pdf_sodio_agua,Fisiologia e fisiopatologia,"Fonte citada é slide de aula (Distúrbio de Sódio e Água) sem autor/instituição registrados no banco — provável material de curso de terceiro, direitos não documentados. Sem atestação humana de direitos.","Obter atestação humana específica de titularidade/direitos (ou licença documentada) antes de liberação comercial; para os grupos com fonte curricular/institucional de terceiro, isso inclui validar essa fonte (autorização do docente/instituição ou reautoria preservando tema/competência)."
6e379a44-a34d-4725-9e58-e18c0e6a1a5b,"Paciente apresenta sede, turgor cutâneo diminuído, hipotensão ortostática, oligúria e pulso fino, sem choque. Segundo a classificação aprese",published,,,,"DISTÚRBIO DE SÓDIO E ÁGUA.pdf, slide 11",authorial,provavel_com_dependencia_de_terceiro,pending,"Fonte citada é slide de aula (Distúrbio de Sódio e Água) sem autor/instituição registrados no banco — provável material de curso de terceiro, direitos não documentados. Sem atestação humana de direitos.",false,false,not_applicable,hold_rights,aula_professor_pdf_sodio_agua,Fisiologia e fisiopatologia,"Fonte citada é slide de aula (Distúrbio de Sódio e Água) sem autor/instituição registrados no banco — provável material de curso de terceiro, direitos não documentados. Sem atestação humana de direitos.","Obter atestação humana específica de titularidade/direitos (ou licença documentada) antes de liberação comercial; para os grupos com fonte curricular/institucional de terceiro, isso inclui validar essa fonte (autorização do docente/instituição ou reautoria preservando tema/competência)."
dd3abb0d-c055-43a7-bf53-0f479902fb57,"Com sódio de 140 mEq/L, glicose de 90 mg/dL e ureia de 30 mg/dL, qual é a osmolalidade plasmática calculada aproximada pela fórmula da aula?",published,,,,"DISTÚRBIO DE SÓDIO E ÁGUA.pdf, slides 13–15",authorial,provavel_com_dependencia_de_terceiro,pending,"Fonte citada é slide de aula (Distúrbio de Sódio e Água) sem autor/instituição registrados no banco — provável material de curso de terceiro, direitos não documentados. Sem atestação humana de direitos.",false,false,not_applicable,hold_rights,aula_professor_pdf_sodio_agua,Fisiologia e fisiopatologia,"Fonte citada é slide de aula (Distúrbio de Sódio e Água) sem autor/instituição registrados no banco — provável material de curso de terceiro, direitos não documentados. Sem atestação humana de direitos.","Obter atestação humana específica de titularidade/direitos (ou licença documentada) antes de liberação comercial; para os grupos com fonte curricular/institucional de terceiro, isso inclui validar essa fonte (autorização do docente/instituição ou reautoria preservando tema/competência)."
bcde8b84-5c45-4242-b21d-2cc9aad5b8ce,Qual proporção da água filtrada é reabsorvida no túbulo proximal?,published,,,,"DISTÚRBIO DE SÓDIO E ÁGUA.pdf, slides 16–23",authorial,provavel_com_dependencia_de_terceiro,pending,"Fonte citada é slide de aula (Distúrbio de Sódio e Água) sem autor/instituição registrados no banco — provável material de curso de terceiro, direitos não documentados. Sem atestação humana de direitos.",false,false,not_applicable,hold_rights,aula_professor_pdf_sodio_agua,Fisiologia e fisiopatologia,"Fonte citada é slide de aula (Distúrbio de Sódio e Água) sem autor/instituição registrados no banco — provável material de curso de terceiro, direitos não documentados. Sem atestação humana de direitos.","Obter atestação humana específica de titularidade/direitos (ou licença documentada) antes de liberação comercial; para os grupos com fonte curricular/institucional de terceiro, isso inclui validar essa fonte (autorização do docente/instituição ou reautoria preservando tema/competência)."
02b50c6e-f090-46dc-9472-008fd1a57a8a,Qual interpretação conceitual das alterações da natremia foi enfatizada na aula?,published,,,,"DISTÚRBIO DE SÓDIO E ÁGUA.pdf, slides 14–15 e 24–25",authorial,provavel_com_dependencia_de_terceiro,pending,"Fonte citada é slide de aula (Distúrbio de Sódio e Água) sem autor/instituição registrados no banco — provável material de curso de terceiro, direitos não documentados. Sem atestação humana de direitos.",false,false,not_applicable,hold_rights,aula_professor_pdf_sodio_agua,Fisiologia e fisiopatologia,"Fonte citada é slide de aula (Distúrbio de Sódio e Água) sem autor/instituição registrados no banco — provável material de curso de terceiro, direitos não documentados. Sem atestação humana de direitos.","Obter atestação humana específica de titularidade/direitos (ou licença documentada) antes de liberação comercial; para os grupos com fonte curricular/institucional de terceiro, isso inclui validar essa fonte (autorização do docente/instituição ou reautoria preservando tema/competência)."
6ef1afb7-c2a6-41a8-ad50-f6e8e6ef036b,Assinale a alternativa correta sobre a classificação de gliomas por grau (OMS) apresentada no material.,published,,,,"Extração e Consolidação — LANCCILO (Tumores do Sistema Nervoso Central), Prof. Dr. Carlos Zicarelli, Disciplina de Neurocirurgia, LANCCILO/PUCPR — Slide 17 (IMG",authorial,provavel_com_dependencia_de_terceiro,pending,Fonte é extração/consolidação de material de liga/grupo acadêmico (LANCCILO) atribuído a um professor nomeado — direitos do material-fonte não documentados. Sem atestação humana de direitos.,false,false,not_applicable,hold_rights,extracao_compendio_LANCCILO,Neurocirurgia,Fonte é extração/consolidação de material de liga/grupo acadêmico (LANCCILO) atribuído a um professor nomeado — direitos do material-fonte não documentados. Sem atestação humana de direitos.,"Obter atestação humana específica de titularidade/direitos (ou licença documentada) antes de liberação comercial; para os grupos com fonte curricular/institucional de terceiro, isso inclui validar essa fonte (autorização do docente/instituição ou reautoria preservando tema/competência)."
06b215c3-b870-48c7-89ef-b19ee4e658a8,"Idosa em uso de hidroclorotiazida apresenta diarreia, hipotensão ortostática e Na de 126 mEq/L. Qual mecanismo e tratamento inicial são mais",published,,,,"DISTÚRBIO DE SÓDIO E ÁGUA.pdf, slides 31–34",authorial,provavel_com_dependencia_de_terceiro,pending,"Fonte citada é slide de aula (Distúrbio de Sódio e Água) sem autor/instituição registrados no banco — provável material de curso de terceiro, direitos não documentados. Sem atestação humana de direitos.",false,false,not_applicable,hold_rights,aula_professor_pdf_sodio_agua,Fisiologia e fisiopatologia,"Fonte citada é slide de aula (Distúrbio de Sódio e Água) sem autor/instituição registrados no banco — provável material de curso de terceiro, direitos não documentados. Sem atestação humana de direitos.","Obter atestação humana específica de titularidade/direitos (ou licença documentada) antes de liberação comercial; para os grupos com fonte curricular/institucional de terceiro, isso inclui validar essa fonte (autorização do docente/instituição ou reautoria preservando tema/competência)."
4a3f5f1b-7dd2-4bd4-ba8b-729eeebd9508,"Em paciente sem edema nem sinais de depleção, com hiponatremia hipotônica, quais diagnósticos devem ser lembrados antes de atribuir o quadro",published,,,,"DISTÚRBIO DE SÓDIO E ÁGUA.pdf, slides 35–37",authorial,provavel_com_dependencia_de_terceiro,pending,"Fonte citada é slide de aula (Distúrbio de Sódio e Água) sem autor/instituição registrados no banco — provável material de curso de terceiro, direitos não documentados. Sem atestação humana de direitos.",false,false,not_applicable,hold_rights,aula_professor_pdf_sodio_agua,Fisiologia e fisiopatologia,"Fonte citada é slide de aula (Distúrbio de Sódio e Água) sem autor/instituição registrados no banco — provável material de curso de terceiro, direitos não documentados. Sem atestação humana de direitos.","Obter atestação humana específica de titularidade/direitos (ou licença documentada) antes de liberação comercial; para os grupos com fonte curricular/institucional de terceiro, isso inclui validar essa fonte (autorização do docente/instituição ou reautoria preservando tema/competência)."
b8277cea-51b0-4f58-b784-2f3b1406e50a,Paciente recebe grande carga de bicarbonato de sódio e desenvolve hipernatremia com expansão do volume extracelular. Qual tratamento geral c,published,,,,"DISTÚRBIO DE SÓDIO E ÁGUA.pdf, slides 44–47",authorial,provavel_com_dependencia_de_terceiro,pending,"Fonte citada é slide de aula (Distúrbio de Sódio e Água) sem autor/instituição registrados no banco — provável material de curso de terceiro, direitos não documentados. Sem atestação humana de direitos.",false,false,not_applicable,hold_rights,aula_professor_pdf_sodio_agua,Fisiologia e fisiopatologia,"Fonte citada é slide de aula (Distúrbio de Sódio e Água) sem autor/instituição registrados no banco — provável material de curso de terceiro, direitos não documentados. Sem atestação humana de direitos.","Obter atestação humana específica de titularidade/direitos (ou licença documentada) antes de liberação comercial; para os grupos com fonte curricular/institucional de terceiro, isso inclui validar essa fonte (autorização do docente/instituição ou reautoria preservando tema/competência)."
528cd934-8086-461d-8fea-6f7c0ad4c3ac,"Grande queimado apresenta hipotensão, taquicardia e hipernatremia após perdas cutâneas importantes. Qual é a prioridade terapêutica inicial ",published,,,,"DISTÚRBIO DE SÓDIO E ÁGUA.pdf, slides 48–51",authorial,provavel_com_dependencia_de_terceiro,pending,"Fonte citada é slide de aula (Distúrbio de Sódio e Água) sem autor/instituição registrados no banco — provável material de curso de terceiro, direitos não documentados. Sem atestação humana de direitos.",false,false,not_applicable,hold_rights,aula_professor_pdf_sodio_agua,Fisiologia e fisiopatologia,"Fonte citada é slide de aula (Distúrbio de Sódio e Água) sem autor/instituição registrados no banco — provável material de curso de terceiro, direitos não documentados. Sem atestação humana de direitos.","Obter atestação humana específica de titularidade/direitos (ou licença documentada) antes de liberação comercial; para os grupos com fonte curricular/institucional de terceiro, isso inclui validar essa fonte (autorização do docente/instituição ou reautoria preservando tema/competência)."
63f05486-506c-427b-ac68-4d0361142c5b,"Qual cenário representa hipernatremia causada predominantemente por perda de água, com conteúdo corporal de sódio inicialmente preservado?",published,,,,"DISTÚRBIO DE SÓDIO E ÁGUA.pdf, slides 52–55",authorial,provavel_com_dependencia_de_terceiro,pending,"Fonte citada é slide de aula (Distúrbio de Sódio e Água) sem autor/instituição registrados no banco — provável material de curso de terceiro, direitos não documentados. Sem atestação humana de direitos.",false,false,not_applicable,hold_rights,aula_professor_pdf_sodio_agua,Fisiologia e fisiopatologia,"Fonte citada é slide de aula (Distúrbio de Sódio e Água) sem autor/instituição registrados no banco — provável material de curso de terceiro, direitos não documentados. Sem atestação humana de direitos.","Obter atestação humana específica de titularidade/direitos (ou licença documentada) antes de liberação comercial; para os grupos com fonte curricular/institucional de terceiro, isso inclui validar essa fonte (autorização do docente/instituição ou reautoria preservando tema/competência)."
aeb5074b-e071-4617-88ff-ada447b0418e,Por que a secreção de ADH é considerada “inapropriada” na SIHAD?,published,,,,"DISTÚRBIO DE SÓDIO E ÁGUA.pdf, slide 60",authorial,provavel_com_dependencia_de_terceiro,pending,"Fonte citada é slide de aula (Distúrbio de Sódio e Água) sem autor/instituição registrados no banco — provável material de curso de terceiro, direitos não documentados. Sem atestação humana de direitos.",false,false,not_applicable,hold_rights,aula_professor_pdf_sodio_agua,Fisiologia e fisiopatologia,"Fonte citada é slide de aula (Distúrbio de Sódio e Água) sem autor/instituição registrados no banco — provável material de curso de terceiro, direitos não documentados. Sem atestação humana de direitos.","Obter atestação humana específica de titularidade/direitos (ou licença documentada) antes de liberação comercial; para os grupos com fonte curricular/institucional de terceiro, isso inclui validar essa fonte (autorização do docente/instituição ou reautoria preservando tema/competência)."
53d08ed6-ccbd-4fd6-858a-792b700abb14,Qual conjunto contém apenas causas ou associações de SIHAD apresentadas na aula?,published,,,,"DISTÚRBIO DE SÓDIO E ÁGUA.pdf, slide 61",authorial,provavel_com_dependencia_de_terceiro,pending,"Fonte citada é slide de aula (Distúrbio de Sódio e Água) sem autor/instituição registrados no banco — provável material de curso de terceiro, direitos não documentados. Sem atestação humana de direitos.",false,false,not_applicable,hold_rights,aula_professor_pdf_sodio_agua,Fisiologia e fisiopatologia,"Fonte citada é slide de aula (Distúrbio de Sódio e Água) sem autor/instituição registrados no banco — provável material de curso de terceiro, direitos não documentados. Sem atestação humana de direitos.","Obter atestação humana específica de titularidade/direitos (ou licença documentada) antes de liberação comercial; para os grupos com fonte curricular/institucional de terceiro, isso inclui validar essa fonte (autorização do docente/instituição ou reautoria preservando tema/competência)."
e2739972-7b63-4eee-92ba-5f446e9c26d7,Quais são as medidas terapêuticas para SIHAD e como a gravidade orienta o uso de furosemida ou salina hipertônica?,published,,,,"DISTÚRBIO DE SÓDIO E ÁGUA.pdf, slide 63",authorial,provavel_com_dependencia_de_terceiro,pending,"Fonte citada é slide de aula (Distúrbio de Sódio e Água) sem autor/instituição registrados no banco — provável material de curso de terceiro, direitos não documentados. Sem atestação humana de direitos.",false,false,not_applicable,hold_rights,aula_professor_pdf_sodio_agua,Fisiologia e fisiopatologia,"Fonte citada é slide de aula (Distúrbio de Sódio e Água) sem autor/instituição registrados no banco — provável material de curso de terceiro, direitos não documentados. Sem atestação humana de direitos.","Obter atestação humana específica de titularidade/direitos (ou licença documentada) antes de liberação comercial; para os grupos com fonte curricular/institucional de terceiro, isso inclui validar essa fonte (autorização do docente/instituição ou reautoria preservando tema/competência)."
08e795c4-dbf3-4a89-9916-1ddd45852f72,Qual mecanismo foi apresentado para a hiponatremia da síndrome cerebral perdedora de sal?,published,,,,"DISTÚRBIO DE SÓDIO E ÁGUA.pdf, slide 64",authorial,provavel_com_dependencia_de_terceiro,pending,"Fonte citada é slide de aula (Distúrbio de Sódio e Água) sem autor/instituição registrados no banco — provável material de curso de terceiro, direitos não documentados. Sem atestação humana de direitos.",false,false,not_applicable,hold_rights,aula_professor_pdf_sodio_agua,Fisiologia e fisiopatologia,"Fonte citada é slide de aula (Distúrbio de Sódio e Água) sem autor/instituição registrados no banco — provável material de curso de terceiro, direitos não documentados. Sem atestação humana de direitos.","Obter atestação humana específica de titularidade/direitos (ou licença documentada) antes de liberação comercial; para os grupos com fonte curricular/institucional de terceiro, isso inclui validar essa fonte (autorização do docente/instituição ou reautoria preservando tema/competência)."
d0df1e4e-4f03-4daa-9c44-b536c7cb42f7,"Após hemorragia subaracnoide, paciente desenvolve hiponatremia, poliúria, hipotensão ortostática, Na urinário de 70 mEq/L e urina concentrad",published,,,,"DISTÚRBIO DE SÓDIO E ÁGUA.pdf, slides 64–66 e 72",authorial,provavel_com_dependencia_de_terceiro,pending,"Fonte citada é slide de aula (Distúrbio de Sódio e Água) sem autor/instituição registrados no banco — provável material de curso de terceiro, direitos não documentados. Sem atestação humana de direitos.",false,false,not_applicable,hold_rights,aula_professor_pdf_sodio_agua,Fisiologia e fisiopatologia,"Fonte citada é slide de aula (Distúrbio de Sódio e Água) sem autor/instituição registrados no banco — provável material de curso de terceiro, direitos não documentados. Sem atestação humana de direitos.","Obter atestação humana específica de titularidade/direitos (ou licença documentada) antes de liberação comercial; para os grupos com fonte curricular/institucional de terceiro, isso inclui validar essa fonte (autorização do docente/instituição ou reautoria preservando tema/competência)."
7786e527-306a-4d2a-9734-49c48ad45c32,Qual tratamento é coerente com a fisiopatologia da síndrome cerebral perdedora de sal?,published,,,,"DISTÚRBIO DE SÓDIO E ÁGUA.pdf, slide 67",authorial,provavel_com_dependencia_de_terceiro,pending,"Fonte citada é slide de aula (Distúrbio de Sódio e Água) sem autor/instituição registrados no banco — provável material de curso de terceiro, direitos não documentados. Sem atestação humana de direitos.",false,false,not_applicable,hold_rights,aula_professor_pdf_sodio_agua,Fisiologia e fisiopatologia,"Fonte citada é slide de aula (Distúrbio de Sódio e Água) sem autor/instituição registrados no banco — provável material de curso de terceiro, direitos não documentados. Sem atestação humana de direitos.","Obter atestação humana específica de titularidade/direitos (ou licença documentada) antes de liberação comercial; para os grupos com fonte curricular/institucional de terceiro, isso inclui validar essa fonte (autorização do docente/instituição ou reautoria preservando tema/competência)."
4f01c5a7-fd56-4248-934e-086bd84edcec,Qual é a diferença fisiopatológica entre diabetes insípido central e nefrogênico?,published,,,,"DISTÚRBIO DE SÓDIO E ÁGUA.pdf, slide 68",authorial,provavel_com_dependencia_de_terceiro,pending,"Fonte citada é slide de aula (Distúrbio de Sódio e Água) sem autor/instituição registrados no banco — provável material de curso de terceiro, direitos não documentados. Sem atestação humana de direitos.",false,false,not_applicable,hold_rights,aula_professor_pdf_sodio_agua,Fisiologia e fisiopatologia,"Fonte citada é slide de aula (Distúrbio de Sódio e Água) sem autor/instituição registrados no banco — provável material de curso de terceiro, direitos não documentados. Sem atestação humana de direitos.","Obter atestação humana específica de titularidade/direitos (ou licença documentada) antes de liberação comercial; para os grupos com fonte curricular/institucional de terceiro, isso inclui validar essa fonte (autorização do docente/instituição ou reautoria preservando tema/competência)."
8d7fad3f-d50b-4077-adca-ca1af5297153,"Paciente após cirurgia hipofisária apresenta diurese de 5 mL/kg/h, Na 151 mEq/L, osmolalidade plasmática 305 mOsm/kg, osmolalidade urinária ",published,,,,"DISTÚRBIO DE SÓDIO E ÁGUA.pdf, slides 68–72",authorial,provavel_com_dependencia_de_terceiro,pending,"Fonte citada é slide de aula (Distúrbio de Sódio e Água) sem autor/instituição registrados no banco — provável material de curso de terceiro, direitos não documentados. Sem atestação humana de direitos.",false,false,not_applicable,hold_rights,aula_professor_pdf_sodio_agua,Fisiologia e fisiopatologia,"Fonte citada é slide de aula (Distúrbio de Sódio e Água) sem autor/instituição registrados no banco — provável material de curso de terceiro, direitos não documentados. Sem atestação humana de direitos.","Obter atestação humana específica de titularidade/direitos (ou licença documentada) antes de liberação comercial; para os grupos com fonte curricular/institucional de terceiro, isso inclui validar essa fonte (autorização do docente/instituição ou reautoria preservando tema/competência)."
bb2770c5-2d71-4027-8318-4e5869000855,Como são corrigidas a água e a volemia no diabetes insípido e quando a desmopressina está indicada?,published,,,,"DISTÚRBIO DE SÓDIO E ÁGUA.pdf, slide 71",authorial,provavel_com_dependencia_de_terceiro,pending,"Fonte citada é slide de aula (Distúrbio de Sódio e Água) sem autor/instituição registrados no banco — provável material de curso de terceiro, direitos não documentados. Sem atestação humana de direitos.",false,false,not_applicable,hold_rights,aula_professor_pdf_sodio_agua,Fisiologia e fisiopatologia,"Fonte citada é slide de aula (Distúrbio de Sódio e Água) sem autor/instituição registrados no banco — provável material de curso de terceiro, direitos não documentados. Sem atestação humana de direitos.","Obter atestação humana específica de titularidade/direitos (ou licença documentada) antes de liberação comercial; para os grupos com fonte curricular/institucional de terceiro, isso inclui validar essa fonte (autorização do docente/instituição ou reautoria preservando tema/competência)."
1285e601-f63d-4c29-a904-6e98d020ec6d,"Como natremia, concentração urinária e volume extracelular diferenciam SIHAD, síndrome cerebral perdedora de sal e diabetes insípido?",published,,,,"DISTÚRBIO DE SÓDIO E ÁGUA.pdf, slide 72",authorial,provavel_com_dependencia_de_terceiro,pending,"Fonte citada é slide de aula (Distúrbio de Sódio e Água) sem autor/instituição registrados no banco — provável material de curso de terceiro, direitos não documentados. Sem atestação humana de direitos.",false,false,not_applicable,hold_rights,aula_professor_pdf_sodio_agua,Fisiologia e fisiopatologia,"Fonte citada é slide de aula (Distúrbio de Sódio e Água) sem autor/instituição registrados no banco — provável material de curso de terceiro, direitos não documentados. Sem atestação humana de direitos.","Obter atestação humana específica de titularidade/direitos (ou licença documentada) antes de liberação comercial; para os grupos com fonte curricular/institucional de terceiro, isso inclui validar essa fonte (autorização do docente/instituição ou reautoria preservando tema/competência)."
02e0ec6a-ef3e-472c-9079-6dc4fa20f524,Qual descrição distingue corretamente farmacocinética de farmacodinâmica?,published,,,,Aulas Antimicrobianos I-III (Agressão e Defesa 2) + Guia Integrado de Antimicrobianos + pesquisa ativa,authorial,provavel_com_dependencia_de_terceiro,pending,"Fonte citada é aula de curso (Antimicrobianos I-III) + guia integrado — provável material didático de terceiro, direitos não documentados. Sem atestação humana de direitos.",false,false,not_applicable,hold_rights,aula_professor_pdf_antimicrobianos,Farmacologia,"Fonte citada é aula de curso (Antimicrobianos I-III) + guia integrado — provável material didático de terceiro, direitos não documentados. Sem atestação humana de direitos.","Obter atestação humana específica de titularidade/direitos (ou licença documentada) antes de liberação comercial; para os grupos com fonte curricular/institucional de terceiro, isso inclui validar essa fonte (autorização do docente/instituição ou reautoria preservando tema/competência)."
9fe6923f-d8de-4618-ab30-d86844e9163d,"Para um betalactâmico, qual modificação de administração mais diretamente aumenta o índice PK/PD associado à eficácia?",published,,,,Aulas Antimicrobianos I-III (Agressão e Defesa 2) + Guia Integrado de Antimicrobianos + pesquisa ativa,authorial,provavel_com_dependencia_de_terceiro,pending,"Fonte citada é aula de curso (Antimicrobianos I-III) + guia integrado — provável material didático de terceiro, direitos não documentados. Sem atestação humana de direitos.",false,false,not_applicable,hold_rights,aula_professor_pdf_antimicrobianos,Farmacologia,"Fonte citada é aula de curso (Antimicrobianos I-III) + guia integrado — provável material didático de terceiro, direitos não documentados. Sem atestação humana de direitos.","Obter atestação humana específica de titularidade/direitos (ou licença documentada) antes de liberação comercial; para os grupos com fonte curricular/institucional de terceiro, isso inclui validar essa fonte (autorização do docente/instituição ou reautoria preservando tema/competência)."
b019a79e-f2c6-49d2-9c06-2577052ebc0d,O que significa dizer que um antimicrobiano apresenta efeito pós-antibiótico?,published,,,,Aulas Antimicrobianos I-III (Agressão e Defesa 2) + Guia Integrado de Antimicrobianos + pesquisa ativa,authorial,provavel_com_dependencia_de_terceiro,pending,"Fonte citada é aula de curso (Antimicrobianos I-III) + guia integrado — provável material didático de terceiro, direitos não documentados. Sem atestação humana de direitos.",false,false,not_applicable,hold_rights,aula_professor_pdf_antimicrobianos,Farmacologia,"Fonte citada é aula de curso (Antimicrobianos I-III) + guia integrado — provável material didático de terceiro, direitos não documentados. Sem atestação humana de direitos.","Obter atestação humana específica de titularidade/direitos (ou licença documentada) antes de liberação comercial; para os grupos com fonte curricular/institucional de terceiro, isso inclui validar essa fonte (autorização do docente/instituição ou reautoria preservando tema/competência)."
1fb69d88-f8ea-433b-951f-4de37a558d35,Qual afirmação sobre bactericida e bacteriostático é mais precisa?,published,,,,Aulas Antimicrobianos I-III (Agressão e Defesa 2) + Guia Integrado de Antimicrobianos + pesquisa ativa,authorial,provavel_com_dependencia_de_terceiro,pending,"Fonte citada é aula de curso (Antimicrobianos I-III) + guia integrado — provável material didático de terceiro, direitos não documentados. Sem atestação humana de direitos.",false,false,not_applicable,hold_rights,aula_professor_pdf_antimicrobianos,Farmacologia,"Fonte citada é aula de curso (Antimicrobianos I-III) + guia integrado — provável material didático de terceiro, direitos não documentados. Sem atestação humana de direitos.","Obter atestação humana específica de titularidade/direitos (ou licença documentada) antes de liberação comercial; para os grupos com fonte curricular/institucional de terceiro, isso inclui validar essa fonte (autorização do docente/instituição ou reautoria preservando tema/competência)."
1e3cf260-7425-4313-abad-d65b1949150e,"Em uma infecção grave, qual sequência expressa melhor o ciclo de uso racional do antimicrobiano?",published,,,,Aulas Antimicrobianos I-III (Agressão e Defesa 2) + Guia Integrado de Antimicrobianos + pesquisa ativa,authorial,provavel_com_dependencia_de_terceiro,pending,"Fonte citada é aula de curso (Antimicrobianos I-III) + guia integrado — provável material didático de terceiro, direitos não documentados. Sem atestação humana de direitos.",false,false,not_applicable,hold_rights,aula_professor_pdf_antimicrobianos,Farmacologia,"Fonte citada é aula de curso (Antimicrobianos I-III) + guia integrado — provável material didático de terceiro, direitos não documentados. Sem atestação humana de direitos.","Obter atestação humana específica de titularidade/direitos (ou licença documentada) antes de liberação comercial; para os grupos com fonte curricular/institucional de terceiro, isso inclui validar essa fonte (autorização do docente/instituição ou reautoria preservando tema/competência)."
0582b20e-9dbc-485b-a93c-58248d276cdf,"No padrão EUCAST, como deve ser interpretada a categoria I?",published,,,,Aulas Antimicrobianos I-III (Agressão e Defesa 2) + Guia Integrado de Antimicrobianos + pesquisa ativa,authorial,provavel_com_dependencia_de_terceiro,pending,"Fonte citada é aula de curso (Antimicrobianos I-III) + guia integrado — provável material didático de terceiro, direitos não documentados. Sem atestação humana de direitos.",false,false,not_applicable,hold_rights,aula_professor_pdf_antimicrobianos,Farmacologia,"Fonte citada é aula de curso (Antimicrobianos I-III) + guia integrado — provável material didático de terceiro, direitos não documentados. Sem atestação humana de direitos.","Obter atestação humana específica de titularidade/direitos (ou licença documentada) antes de liberação comercial; para os grupos com fonte curricular/institucional de terceiro, isso inclui validar essa fonte (autorização do docente/instituição ou reautoria preservando tema/competência)."
2054101e-b2fd-403b-92eb-1bda39a64bff,Qual situação ilustra melhor falha por distribuição inadequada apesar de sensibilidade in vitro?,published,,,,Aulas Antimicrobianos I-III (Agressão e Defesa 2) + Guia Integrado de Antimicrobianos + pesquisa ativa,authorial,provavel_com_dependencia_de_terceiro,pending,"Fonte citada é aula de curso (Antimicrobianos I-III) + guia integrado — provável material didático de terceiro, direitos não documentados. Sem atestação humana de direitos.",false,false,not_applicable,hold_rights,aula_professor_pdf_antimicrobianos,Farmacologia,"Fonte citada é aula de curso (Antimicrobianos I-III) + guia integrado — provável material didático de terceiro, direitos não documentados. Sem atestação humana de direitos.","Obter atestação humana específica de titularidade/direitos (ou licença documentada) antes de liberação comercial; para os grupos com fonte curricular/institucional de terceiro, isso inclui validar essa fonte (autorização do docente/instituição ou reautoria preservando tema/competência)."
b6ab2574-4c1a-4c26-b531-c06f2bf13ba5,Qual evento molecular é diretamente bloqueado pelos betalactâmicos?,published,,,,Aulas Antimicrobianos I-III (Agressão e Defesa 2) + Guia Integrado de Antimicrobianos + pesquisa ativa,authorial,provavel_com_dependencia_de_terceiro,pending,"Fonte citada é aula de curso (Antimicrobianos I-III) + guia integrado — provável material didático de terceiro, direitos não documentados. Sem atestação humana de direitos.",false,false,not_applicable,hold_rights,aula_professor_pdf_antimicrobianos,Farmacologia,"Fonte citada é aula de curso (Antimicrobianos I-III) + guia integrado — provável material didático de terceiro, direitos não documentados. Sem atestação humana de direitos.","Obter atestação humana específica de titularidade/direitos (ou licença documentada) antes de liberação comercial; para os grupos com fonte curricular/institucional de terceiro, isso inclui validar essa fonte (autorização do docente/instituição ou reautoria preservando tema/competência)."
aae34c31-a7e8-4f7c-8d56-85761e1bd489,Qual formulação de penicilina G produz depósito intramuscular prolongado e não deve ser usada para neurossífilis?,published,,,,Aulas Antimicrobianos I-III (Agressão e Defesa 2) + Guia Integrado de Antimicrobianos + pesquisa ativa,authorial,provavel_com_dependencia_de_terceiro,pending,"Fonte citada é aula de curso (Antimicrobianos I-III) + guia integrado — provável material didático de terceiro, direitos não documentados. Sem atestação humana de direitos.",false,false,not_applicable,hold_rights,aula_professor_pdf_antimicrobianos,Farmacologia,"Fonte citada é aula de curso (Antimicrobianos I-III) + guia integrado — provável material didático de terceiro, direitos não documentados. Sem atestação humana de direitos.","Obter atestação humana específica de titularidade/direitos (ou licença documentada) antes de liberação comercial; para os grupos com fonte curricular/institucional de terceiro, isso inclui validar essa fonte (autorização do docente/instituição ou reautoria preservando tema/competência)."
70703318-bcb2-42ee-926d-cabe7c625b67,Qual penicilina foi desenhada para resistir à penicilinase estafilocócica e é apropriada para MSSA?,published,,,,Aulas Antimicrobianos I-III (Agressão e Defesa 2) + Guia Integrado de Antimicrobianos + pesquisa ativa,authorial,provavel_com_dependencia_de_terceiro,pending,"Fonte citada é aula de curso (Antimicrobianos I-III) + guia integrado — provável material didático de terceiro, direitos não documentados. Sem atestação humana de direitos.",false,false,not_applicable,hold_rights,aula_professor_pdf_antimicrobianos,Farmacologia,"Fonte citada é aula de curso (Antimicrobianos I-III) + guia integrado — provável material didático de terceiro, direitos não documentados. Sem atestação humana de direitos.","Obter atestação humana específica de titularidade/direitos (ou licença documentada) antes de liberação comercial; para os grupos com fonte curricular/institucional de terceiro, isso inclui validar essa fonte (autorização do docente/instituição ou reautoria preservando tema/competência)."
85308059-c50d-42f3-a323-ab9f9f5ad01b,Qual característica diferencia as aminopenicilinas das penicilinas naturais?,published,,,,Aulas Antimicrobianos I-III (Agressão e Defesa 2) + Guia Integrado de Antimicrobianos + pesquisa ativa,authorial,provavel_com_dependencia_de_terceiro,pending,"Fonte citada é aula de curso (Antimicrobianos I-III) + guia integrado — provável material didático de terceiro, direitos não documentados. Sem atestação humana de direitos.",false,false,not_applicable,hold_rights,aula_professor_pdf_antimicrobianos,Farmacologia,"Fonte citada é aula de curso (Antimicrobianos I-III) + guia integrado — provável material didático de terceiro, direitos não documentados. Sem atestação humana de direitos.","Obter atestação humana específica de titularidade/direitos (ou licença documentada) antes de liberação comercial; para os grupos com fonte curricular/institucional de terceiro, isso inclui validar essa fonte (autorização do docente/instituição ou reautoria preservando tema/competência)."
5786be22-c7b6-4990-9474-d105819b777a,O que a associação amoxicilina-clavulanato acrescenta em relação à amoxicilina isolada?,published,,,,Aulas Antimicrobianos I-III (Agressão e Defesa 2) + Guia Integrado de Antimicrobianos + pesquisa ativa,authorial,provavel_com_dependencia_de_terceiro,pending,"Fonte citada é aula de curso (Antimicrobianos I-III) + guia integrado — provável material didático de terceiro, direitos não documentados. Sem atestação humana de direitos.",false,false,not_applicable,hold_rights,aula_professor_pdf_antimicrobianos,Farmacologia,"Fonte citada é aula de curso (Antimicrobianos I-III) + guia integrado — provável material didático de terceiro, direitos não documentados. Sem atestação humana de direitos.","Obter atestação humana específica de titularidade/direitos (ou licença documentada) antes de liberação comercial; para os grupos com fonte curricular/institucional de terceiro, isso inclui validar essa fonte (autorização do docente/instituição ou reautoria preservando tema/competência)."
16f2ab06-f4f2-4141-9ea6-88268291b7b5,Qual penicilina tem atividade antipseudomonas e costuma ser associada ao tazobactam?,published,,,,Aulas Antimicrobianos I-III (Agressão e Defesa 2) + Guia Integrado de Antimicrobianos + pesquisa ativa,authorial,provavel_com_dependencia_de_terceiro,pending,"Fonte citada é aula de curso (Antimicrobianos I-III) + guia integrado — provável material didático de terceiro, direitos não documentados. Sem atestação humana de direitos.",false,false,not_applicable,hold_rights,aula_professor_pdf_antimicrobianos,Farmacologia,"Fonte citada é aula de curso (Antimicrobianos I-III) + guia integrado — provável material didático de terceiro, direitos não documentados. Sem atestação humana de direitos.","Obter atestação humana específica de titularidade/direitos (ou licença documentada) antes de liberação comercial; para os grupos com fonte curricular/institucional de terceiro, isso inclui validar essa fonte (autorização do docente/instituição ou reautoria preservando tema/competência)."
19e77e81-f8eb-489f-a94c-c700d9a59cc1,Qual perfil caracteriza melhor as cefalosporinas de primeira geração?,published,,,,Aulas Antimicrobianos I-III (Agressão e Defesa 2) + Guia Integrado de Antimicrobianos + pesquisa ativa,authorial,provavel_com_dependencia_de_terceiro,pending,"Fonte citada é aula de curso (Antimicrobianos I-III) + guia integrado — provável material didático de terceiro, direitos não documentados. Sem atestação humana de direitos.",false,false,not_applicable,hold_rights,aula_professor_pdf_antimicrobianos,Farmacologia,"Fonte citada é aula de curso (Antimicrobianos I-III) + guia integrado — provável material didático de terceiro, direitos não documentados. Sem atestação humana de direitos.","Obter atestação humana específica de titularidade/direitos (ou licença documentada) antes de liberação comercial; para os grupos com fonte curricular/institucional de terceiro, isso inclui validar essa fonte (autorização do docente/instituição ou reautoria preservando tema/competência)."
de02a756-c164-4f6c-85b0-709be5932dc6,"Qual cefalosporina de terceira geração combina boa penetração no LCR, meia-vida longa e ausência de atividade antipseudomonas?",published,,,,Aulas Antimicrobianos I-III (Agressão e Defesa 2) + Guia Integrado de Antimicrobianos + pesquisa ativa,authorial,provavel_com_dependencia_de_terceiro,pending,"Fonte citada é aula de curso (Antimicrobianos I-III) + guia integrado — provável material didático de terceiro, direitos não documentados. Sem atestação humana de direitos.",false,false,not_applicable,hold_rights,aula_professor_pdf_antimicrobianos,Farmacologia,"Fonte citada é aula de curso (Antimicrobianos I-III) + guia integrado — provável material didático de terceiro, direitos não documentados. Sem atestação humana de direitos.","Obter atestação humana específica de titularidade/direitos (ou licença documentada) antes de liberação comercial; para os grupos com fonte curricular/institucional de terceiro, isso inclui validar essa fonte (autorização do docente/instituição ou reautoria preservando tema/competência)."
53700848-9bbe-4246-b2b7-b4f8cb416934,Qual propriedade torna a ceftazidima distinta da ceftriaxona?,published,,,,Aulas Antimicrobianos I-III (Agressão e Defesa 2) + Guia Integrado de Antimicrobianos + pesquisa ativa,authorial,provavel_com_dependencia_de_terceiro,pending,"Fonte citada é aula de curso (Antimicrobianos I-III) + guia integrado — provável material didático de terceiro, direitos não documentados. Sem atestação humana de direitos.",false,false,not_applicable,hold_rights,aula_professor_pdf_antimicrobianos,Farmacologia,"Fonte citada é aula de curso (Antimicrobianos I-III) + guia integrado — provável material didático de terceiro, direitos não documentados. Sem atestação humana de direitos.","Obter atestação humana específica de titularidade/direitos (ou licença documentada) antes de liberação comercial; para os grupos com fonte curricular/institucional de terceiro, isso inclui validar essa fonte (autorização do docente/instituição ou reautoria preservando tema/competência)."
d16c4fee-3633-48d4-9598-6008c1c36459,Qual afirmação descreve corretamente a cefepima?,published,,,,Aulas Antimicrobianos I-III (Agressão e Defesa 2) + Guia Integrado de Antimicrobianos + pesquisa ativa,authorial,provavel_com_dependencia_de_terceiro,pending,"Fonte citada é aula de curso (Antimicrobianos I-III) + guia integrado — provável material didático de terceiro, direitos não documentados. Sem atestação humana de direitos.",false,false,not_applicable,hold_rights,aula_professor_pdf_antimicrobianos,Farmacologia,"Fonte citada é aula de curso (Antimicrobianos I-III) + guia integrado — provável material didático de terceiro, direitos não documentados. Sem atestação humana de direitos.","Obter atestação humana específica de titularidade/direitos (ou licença documentada) antes de liberação comercial; para os grupos com fonte curricular/institucional de terceiro, isso inclui validar essa fonte (autorização do docente/instituição ou reautoria preservando tema/competência)."
1b56dd54-e6c3-45c9-a2bc-48430caba9ed,Por que a ceftarolina pode atuar contra MRSA?,published,,,,Aulas Antimicrobianos I-III (Agressão e Defesa 2) + Guia Integrado de Antimicrobianos + pesquisa ativa,authorial,provavel_com_dependencia_de_terceiro,pending,"Fonte citada é aula de curso (Antimicrobianos I-III) + guia integrado — provável material didático de terceiro, direitos não documentados. Sem atestação humana de direitos.",false,false,not_applicable,hold_rights,aula_professor_pdf_antimicrobianos,Farmacologia,"Fonte citada é aula de curso (Antimicrobianos I-III) + guia integrado — provável material didático de terceiro, direitos não documentados. Sem atestação humana de direitos.","Obter atestação humana específica de titularidade/direitos (ou licença documentada) antes de liberação comercial; para os grupos com fonte curricular/institucional de terceiro, isso inclui validar essa fonte (autorização do docente/instituição ou reautoria preservando tema/competência)."
1caf3f8c-0f3a-4fbf-b83f-e6f382f26954,Qual grupo apresenta resistência intrínseca clinicamente relevante às cefalosporinas?,published,,,,Aulas Antimicrobianos I-III (Agressão e Defesa 2) + Guia Integrado de Antimicrobianos + pesquisa ativa,authorial,provavel_com_dependencia_de_terceiro,pending,"Fonte citada é aula de curso (Antimicrobianos I-III) + guia integrado — provável material didático de terceiro, direitos não documentados. Sem atestação humana de direitos.",false,false,not_applicable,hold_rights,aula_professor_pdf_antimicrobianos,Farmacologia,"Fonte citada é aula de curso (Antimicrobianos I-III) + guia integrado — provável material didático de terceiro, direitos não documentados. Sem atestação humana de direitos.","Obter atestação humana específica de titularidade/direitos (ou licença documentada) antes de liberação comercial; para os grupos com fonte curricular/institucional de terceiro, isso inclui validar essa fonte (autorização do docente/instituição ou reautoria preservando tema/competência)."
a75a2f55-fca1-4f32-a948-ed4740eeb507,"Qual carbapenêmico se distingue por não cobrir Pseudomonas, Acinetobacter nem Enterococcus?",published,,,,Aulas Antimicrobianos I-III (Agressão e Defesa 2) + Guia Integrado de Antimicrobianos + pesquisa ativa,authorial,provavel_com_dependencia_de_terceiro,pending,"Fonte citada é aula de curso (Antimicrobianos I-III) + guia integrado — provável material didático de terceiro, direitos não documentados. Sem atestação humana de direitos.",false,false,not_applicable,hold_rights,aula_professor_pdf_antimicrobianos,Farmacologia,"Fonte citada é aula de curso (Antimicrobianos I-III) + guia integrado — provável material didático de terceiro, direitos não documentados. Sem atestação humana de direitos.","Obter atestação humana específica de titularidade/direitos (ou licença documentada) antes de liberação comercial; para os grupos com fonte curricular/institucional de terceiro, isso inclui validar essa fonte (autorização do docente/instituição ou reautoria preservando tema/competência)."
bfe356d3-6426-4846-a4c8-6f9f5d7cb5a0,Qual espectro define o aztreonam?,published,,,,Aulas Antimicrobianos I-III (Agressão e Defesa 2) + Guia Integrado de Antimicrobianos + pesquisa ativa,authorial,provavel_com_dependencia_de_terceiro,pending,"Fonte citada é aula de curso (Antimicrobianos I-III) + guia integrado — provável material didático de terceiro, direitos não documentados. Sem atestação humana de direitos.",false,false,not_applicable,hold_rights,aula_professor_pdf_antimicrobianos,Farmacologia,"Fonte citada é aula de curso (Antimicrobianos I-III) + guia integrado — provável material didático de terceiro, direitos não documentados. Sem atestação humana de direitos.","Obter atestação humana específica de titularidade/direitos (ou licença documentada) antes de liberação comercial; para os grupos com fonte curricular/institucional de terceiro, isso inclui validar essa fonte (autorização do docente/instituição ou reautoria preservando tema/competência)."
8e3e73dd-8fd6-429e-a219-4d7baea802ab,Por que aztreonam pode integrar uma combinação contra Enterobacterales produtoras de NDM?,published,,,,Aulas Antimicrobianos I-III (Agressão e Defesa 2) + Guia Integrado de Antimicrobianos + pesquisa ativa,authorial,provavel_com_dependencia_de_terceiro,pending,"Fonte citada é aula de curso (Antimicrobianos I-III) + guia integrado — provável material didático de terceiro, direitos não documentados. Sem atestação humana de direitos.",false,false,not_applicable,hold_rights,aula_professor_pdf_antimicrobianos,Farmacologia,"Fonte citada é aula de curso (Antimicrobianos I-III) + guia integrado — provável material didático de terceiro, direitos não documentados. Sem atestação humana de direitos.","Obter atestação humana específica de titularidade/direitos (ou licença documentada) antes de liberação comercial; para os grupos com fonte curricular/institucional de terceiro, isso inclui validar essa fonte (autorização do docente/instituição ou reautoria preservando tema/competência)."
0edbc2fc-dcbb-4226-b6fc-f9d9629e87fe,Qual mecanismo de resistência pode comprometer um carbapenêmico mesmo sem carbapenemase potente?,published,,,,Aulas Antimicrobianos I-III (Agressão e Defesa 2) + Guia Integrado de Antimicrobianos + pesquisa ativa,authorial,provavel_com_dependencia_de_terceiro,pending,"Fonte citada é aula de curso (Antimicrobianos I-III) + guia integrado — provável material didático de terceiro, direitos não documentados. Sem atestação humana de direitos.",false,false,not_applicable,hold_rights,aula_professor_pdf_antimicrobianos,Farmacologia,"Fonte citada é aula de curso (Antimicrobianos I-III) + guia integrado — provável material didático de terceiro, direitos não documentados. Sem atestação humana de direitos.","Obter atestação humana específica de titularidade/direitos (ou licença documentada) antes de liberação comercial; para os grupos com fonte curricular/institucional de terceiro, isso inclui validar essa fonte (autorização do docente/instituição ou reautoria preservando tema/competência)."
b9f46a64-befb-4ac7-8311-3a25ca25da36,Qual é o alvo imediato da vancomicina?,published,,,,Aulas Antimicrobianos I-III (Agressão e Defesa 2) + Guia Integrado de Antimicrobianos + pesquisa ativa,authorial,provavel_com_dependencia_de_terceiro,pending,"Fonte citada é aula de curso (Antimicrobianos I-III) + guia integrado — provável material didático de terceiro, direitos não documentados. Sem atestação humana de direitos.",false,false,not_applicable,hold_rights,aula_professor_pdf_antimicrobianos,Farmacologia,"Fonte citada é aula de curso (Antimicrobianos I-III) + guia integrado — provável material didático de terceiro, direitos não documentados. Sem atestação humana de direitos.","Obter atestação humana específica de titularidade/direitos (ou licença documentada) antes de liberação comercial; para os grupos com fonte curricular/institucional de terceiro, isso inclui validar essa fonte (autorização do docente/instituição ou reautoria preservando tema/competência)."
5f714514-430e-4527-8cb1-f9f2fce263f7,Por que a vancomicina não apresenta atividade útil contra bacilos Gram-negativos?,published,,,,Aulas Antimicrobianos I-III (Agressão e Defesa 2) + Guia Integrado de Antimicrobianos + pesquisa ativa,authorial,provavel_com_dependencia_de_terceiro,pending,"Fonte citada é aula de curso (Antimicrobianos I-III) + guia integrado — provável material didático de terceiro, direitos não documentados. Sem atestação humana de direitos.",false,false,not_applicable,hold_rights,aula_professor_pdf_antimicrobianos,Farmacologia,"Fonte citada é aula de curso (Antimicrobianos I-III) + guia integrado — provável material didático de terceiro, direitos não documentados. Sem atestação humana de direitos.","Obter atestação humana específica de titularidade/direitos (ou licença documentada) antes de liberação comercial; para os grupos com fonte curricular/institucional de terceiro, isso inclui validar essa fonte (autorização do docente/instituição ou reautoria preservando tema/competência)."
d77345d3-5cfe-47b0-b188-fac20375340e,Qual via de vancomicina é apropriada para infecção por Clostridioides difficile no cólon?,published,,,,Aulas Antimicrobianos I-III (Agressão e Defesa 2) + Guia Integrado de Antimicrobianos + pesquisa ativa,authorial,provavel_com_dependencia_de_terceiro,pending,"Fonte citada é aula de curso (Antimicrobianos I-III) + guia integrado — provável material didático de terceiro, direitos não documentados. Sem atestação humana de direitos.",false,false,not_applicable,hold_rights,aula_professor_pdf_antimicrobianos,Farmacologia,"Fonte citada é aula de curso (Antimicrobianos I-III) + guia integrado — provável material didático de terceiro, direitos não documentados. Sem atestação humana de direitos.","Obter atestação humana específica de titularidade/direitos (ou licença documentada) antes de liberação comercial; para os grupos com fonte curricular/institucional de terceiro, isso inclui validar essa fonte (autorização do docente/instituição ou reautoria preservando tema/competência)."
cf17d973-dfc9-47ff-a409-84faeb6383e3,"Paciente desenvolve rubor e prurido durante infusão rápida de vancomicina, sem broncoespasmo ou hipotensão refratária. Qual mecanismo é mais",published,,,,Aulas Antimicrobianos I-III (Agressão e Defesa 2) + Guia Integrado de Antimicrobianos + pesquisa ativa,authorial,provavel_com_dependencia_de_terceiro,pending,"Fonte citada é aula de curso (Antimicrobianos I-III) + guia integrado — provável material didático de terceiro, direitos não documentados. Sem atestação humana de direitos.",false,false,not_applicable,hold_rights,aula_professor_pdf_antimicrobianos,Farmacologia,"Fonte citada é aula de curso (Antimicrobianos I-III) + guia integrado — provável material didático de terceiro, direitos não documentados. Sem atestação humana de direitos.","Obter atestação humana específica de titularidade/direitos (ou licença documentada) antes de liberação comercial; para os grupos com fonte curricular/institucional de terceiro, isso inclui validar essa fonte (autorização do docente/instituição ou reautoria preservando tema/competência)."
a92809c4-b656-49db-ade2-d32e3fb55a48,Qual alteração molecular explica o fenótipo VanA?,published,,,,Aulas Antimicrobianos I-III (Agressão e Defesa 2) + Guia Integrado de Antimicrobianos + pesquisa ativa,authorial,provavel_com_dependencia_de_terceiro,pending,"Fonte citada é aula de curso (Antimicrobianos I-III) + guia integrado — provável material didático de terceiro, direitos não documentados. Sem atestação humana de direitos.",false,false,not_applicable,hold_rights,aula_professor_pdf_antimicrobianos,Farmacologia,"Fonte citada é aula de curso (Antimicrobianos I-III) + guia integrado — provável material didático de terceiro, direitos não documentados. Sem atestação humana de direitos.","Obter atestação humana específica de titularidade/direitos (ou licença documentada) antes de liberação comercial; para os grupos com fonte curricular/institucional de terceiro, isso inclui validar essa fonte (autorização do docente/instituição ou reautoria preservando tema/competência)."
2afe09b6-224b-47f1-a0a6-e79b85663c5c,Como a daptomicina mata bactérias suscetíveis?,published,,,,Aulas Antimicrobianos I-III (Agressão e Defesa 2) + Guia Integrado de Antimicrobianos + pesquisa ativa,authorial,provavel_com_dependencia_de_terceiro,pending,"Fonte citada é aula de curso (Antimicrobianos I-III) + guia integrado — provável material didático de terceiro, direitos não documentados. Sem atestação humana de direitos.",false,false,not_applicable,hold_rights,aula_professor_pdf_antimicrobianos,Farmacologia,"Fonte citada é aula de curso (Antimicrobianos I-III) + guia integrado — provável material didático de terceiro, direitos não documentados. Sem atestação humana de direitos.","Obter atestação humana específica de titularidade/direitos (ou licença documentada) antes de liberação comercial; para os grupos com fonte curricular/institucional de terceiro, isso inclui validar essa fonte (autorização do docente/instituição ou reautoria preservando tema/competência)."
4bffc416-4d67-4e1d-8da6-34c7787578b9,Qual monitorização é especialmente pertinente durante tratamento com daptomicina?,published,,,,Aulas Antimicrobianos I-III (Agressão e Defesa 2) + Guia Integrado de Antimicrobianos + pesquisa ativa,authorial,provavel_com_dependencia_de_terceiro,pending,"Fonte citada é aula de curso (Antimicrobianos I-III) + guia integrado — provável material didático de terceiro, direitos não documentados. Sem atestação humana de direitos.",false,false,not_applicable,hold_rights,aula_professor_pdf_antimicrobianos,Farmacologia,"Fonte citada é aula de curso (Antimicrobianos I-III) + guia integrado — provável material didático de terceiro, direitos não documentados. Sem atestação humana de direitos.","Obter atestação humana específica de titularidade/direitos (ou licença documentada) antes de liberação comercial; para os grupos com fonte curricular/institucional de terceiro, isso inclui validar essa fonte (autorização do docente/instituição ou reautoria preservando tema/competência)."
c5f2f4c2-0776-4d55-9759-62d1b4ce80b3,Qual componente bacteriano é desorganizado primariamente pelas polimixinas?,published,,,,Aulas Antimicrobianos I-III (Agressão e Defesa 2) + Guia Integrado de Antimicrobianos + pesquisa ativa,authorial,provavel_com_dependencia_de_terceiro,pending,"Fonte citada é aula de curso (Antimicrobianos I-III) + guia integrado — provável material didático de terceiro, direitos não documentados. Sem atestação humana de direitos.",false,false,not_applicable,hold_rights,aula_professor_pdf_antimicrobianos,Farmacologia,"Fonte citada é aula de curso (Antimicrobianos I-III) + guia integrado — provável material didático de terceiro, direitos não documentados. Sem atestação humana de direitos.","Obter atestação humana específica de titularidade/direitos (ou licença documentada) antes de liberação comercial; para os grupos com fonte curricular/institucional de terceiro, isso inclui validar essa fonte (autorização do docente/instituição ou reautoria preservando tema/competência)."
51e2b8ad-1fbd-4657-95b2-c82e5d0d9813,Qual combinação de toxicidades é mais característica das polimixinas sistêmicas?,published,,,,Aulas Antimicrobianos I-III (Agressão e Defesa 2) + Guia Integrado de Antimicrobianos + pesquisa ativa,authorial,provavel_com_dependencia_de_terceiro,pending,"Fonte citada é aula de curso (Antimicrobianos I-III) + guia integrado — provável material didático de terceiro, direitos não documentados. Sem atestação humana de direitos.",false,false,not_applicable,hold_rights,aula_professor_pdf_antimicrobianos,Farmacologia,"Fonte citada é aula de curso (Antimicrobianos I-III) + guia integrado — provável material didático de terceiro, direitos não documentados. Sem atestação humana de direitos.","Obter atestação humana específica de titularidade/direitos (ou licença documentada) antes de liberação comercial; para os grupos com fonte curricular/institucional de terceiro, isso inclui validar essa fonte (autorização do docente/instituição ou reautoria preservando tema/competência)."
2a94fbd7-6ebd-48ab-ac0c-cea1d4f0196b,Qual propriedade torna os aminoglicosídeos bactericidas apesar de atuarem no ribossomo?,published,,,,Aulas Antimicrobianos I-III (Agressão e Defesa 2) + Guia Integrado de Antimicrobianos + pesquisa ativa,authorial,provavel_com_dependencia_de_terceiro,pending,"Fonte citada é aula de curso (Antimicrobianos I-III) + guia integrado — provável material didático de terceiro, direitos não documentados. Sem atestação humana de direitos.",false,false,not_applicable,hold_rights,aula_professor_pdf_antimicrobianos,Farmacologia,"Fonte citada é aula de curso (Antimicrobianos I-III) + guia integrado — provável material didático de terceiro, direitos não documentados. Sem atestação humana de direitos.","Obter atestação humana específica de titularidade/direitos (ou licença documentada) antes de liberação comercial; para os grupos com fonte curricular/institucional de terceiro, isso inclui validar essa fonte (autorização do docente/instituição ou reautoria preservando tema/competência)."
505714a4-65c9-4260-a93d-ae75a292ea47,Por que aminoglicosídeos não são ativos contra anaeróbios estritos?,published,,,,Aulas Antimicrobianos I-III (Agressão e Defesa 2) + Guia Integrado de Antimicrobianos + pesquisa ativa,authorial,provavel_com_dependencia_de_terceiro,pending,"Fonte citada é aula de curso (Antimicrobianos I-III) + guia integrado — provável material didático de terceiro, direitos não documentados. Sem atestação humana de direitos.",false,false,not_applicable,hold_rights,aula_professor_pdf_antimicrobianos,Farmacologia,"Fonte citada é aula de curso (Antimicrobianos I-III) + guia integrado — provável material didático de terceiro, direitos não documentados. Sem atestação humana de direitos.","Obter atestação humana específica de titularidade/direitos (ou licença documentada) antes de liberação comercial; para os grupos com fonte curricular/institucional de terceiro, isso inclui validar essa fonte (autorização do docente/instituição ou reautoria preservando tema/competência)."
9b477b78-51d8-4448-8162-975da6b1c03a,Qual princípio explica o sinergismo entre um betalactâmico e um aminoglicosídeo contra certos cocos Gram-positivos?,published,,,,Aulas Antimicrobianos I-III (Agressão e Defesa 2) + Guia Integrado de Antimicrobianos + pesquisa ativa,authorial,provavel_com_dependencia_de_terceiro,pending,"Fonte citada é aula de curso (Antimicrobianos I-III) + guia integrado — provável material didático de terceiro, direitos não documentados. Sem atestação humana de direitos.",false,false,not_applicable,hold_rights,aula_professor_pdf_antimicrobianos,Farmacologia,"Fonte citada é aula de curso (Antimicrobianos I-III) + guia integrado — provável material didático de terceiro, direitos não documentados. Sem atestação humana de direitos.","Obter atestação humana específica de titularidade/direitos (ou licença documentada) antes de liberação comercial; para os grupos com fonte curricular/institucional de terceiro, isso inclui validar essa fonte (autorização do docente/instituição ou reautoria preservando tema/competência)."
ef5350e4-eb96-4873-8462-d3c6426a9164,Qual padrão de toxicidade diferencia os aminoglicosídeos?,published,,,,Aulas Antimicrobianos I-III (Agressão e Defesa 2) + Guia Integrado de Antimicrobianos + pesquisa ativa,authorial,provavel_com_dependencia_de_terceiro,pending,"Fonte citada é aula de curso (Antimicrobianos I-III) + guia integrado — provável material didático de terceiro, direitos não documentados. Sem atestação humana de direitos.",false,false,not_applicable,hold_rights,aula_professor_pdf_antimicrobianos,Farmacologia,"Fonte citada é aula de curso (Antimicrobianos I-III) + guia integrado — provável material didático de terceiro, direitos não documentados. Sem atestação humana de direitos.","Obter atestação humana específica de titularidade/direitos (ou licença documentada) antes de liberação comercial; para os grupos com fonte curricular/institucional de terceiro, isso inclui validar essa fonte (autorização do docente/instituição ou reautoria preservando tema/competência)."
e2b9a98b-483a-47b6-ab34-632c2f95eec8,Qual mecanismo é uma causa frequente de resistência adquirida a aminoglicosídeos?,published,,,,Aulas Antimicrobianos I-III (Agressão e Defesa 2) + Guia Integrado de Antimicrobianos + pesquisa ativa,authorial,provavel_com_dependencia_de_terceiro,pending,"Fonte citada é aula de curso (Antimicrobianos I-III) + guia integrado — provável material didático de terceiro, direitos não documentados. Sem atestação humana de direitos.",false,false,not_applicable,hold_rights,aula_professor_pdf_antimicrobianos,Farmacologia,"Fonte citada é aula de curso (Antimicrobianos I-III) + guia integrado — provável material didático de terceiro, direitos não documentados. Sem atestação humana de direitos.","Obter atestação humana específica de titularidade/direitos (ou licença documentada) antes de liberação comercial; para os grupos com fonte curricular/institucional de terceiro, isso inclui validar essa fonte (autorização do docente/instituição ou reautoria preservando tema/competência)."
f084a02b-2578-408f-bba1-4cb824a6d6a9,Qual etapa da síntese proteica é bloqueada pelos macrolídeos?,published,,,,Aulas Antimicrobianos I-III (Agressão e Defesa 2) + Guia Integrado de Antimicrobianos + pesquisa ativa,authorial,provavel_com_dependencia_de_terceiro,pending,"Fonte citada é aula de curso (Antimicrobianos I-III) + guia integrado — provável material didático de terceiro, direitos não documentados. Sem atestação humana de direitos.",false,false,not_applicable,hold_rights,aula_professor_pdf_antimicrobianos,Farmacologia,"Fonte citada é aula de curso (Antimicrobianos I-III) + guia integrado — provável material didático de terceiro, direitos não documentados. Sem atestação humana de direitos.","Obter atestação humana específica de titularidade/direitos (ou licença documentada) antes de liberação comercial; para os grupos com fonte curricular/institucional de terceiro, isso inclui validar essa fonte (autorização do docente/instituição ou reautoria preservando tema/competência)."
93a7c981-bbbe-413c-acc4-3cc9114ac182,"O astrocitoma pilocítico é descrito no material como o glioma mais comum da infância, classificado pela WHO como:",published,,,,"Extração e Consolidação — LANCCILO (Tumores do Sistema Nervoso Central), Prof. Dr. Carlos Zicarelli, Disciplina de Neurocirurgia, LANCCILO/PUCPR — Slide 18 (IMG",authorial,provavel_com_dependencia_de_terceiro,pending,Fonte é extração/consolidação de material de liga/grupo acadêmico (LANCCILO) atribuído a um professor nomeado — direitos do material-fonte não documentados. Sem atestação humana de direitos.,false,false,not_applicable,hold_rights,extracao_compendio_LANCCILO,Neurocirurgia,Fonte é extração/consolidação de material de liga/grupo acadêmico (LANCCILO) atribuído a um professor nomeado — direitos do material-fonte não documentados. Sem atestação humana de direitos.,"Obter atestação humana específica de titularidade/direitos (ou licença documentada) antes de liberação comercial; para os grupos com fonte curricular/institucional de terceiro, isso inclui validar essa fonte (autorização do docente/instituição ou reautoria preservando tema/competência)."
a4245088-a851-4e0f-8ede-4cd4730ba68c,O gene erm pode produzir qual fenótipo de resistência?,published,,,,Aulas Antimicrobianos I-III (Agressão e Defesa 2) + Guia Integrado de Antimicrobianos + pesquisa ativa,authorial,provavel_com_dependencia_de_terceiro,pending,"Fonte citada é aula de curso (Antimicrobianos I-III) + guia integrado — provável material didático de terceiro, direitos não documentados. Sem atestação humana de direitos.",false,false,not_applicable,hold_rights,aula_professor_pdf_antimicrobianos,Farmacologia,"Fonte citada é aula de curso (Antimicrobianos I-III) + guia integrado — provável material didático de terceiro, direitos não documentados. Sem atestação humana de direitos.","Obter atestação humana específica de titularidade/direitos (ou licença documentada) antes de liberação comercial; para os grupos com fonte curricular/institucional de terceiro, isso inclui validar essa fonte (autorização do docente/instituição ou reautoria preservando tema/competência)."
d9a4384f-5620-452c-ae1e-542e3c304542,Quando o Teste D é particularmente necessário?,published,,,,Aulas Antimicrobianos I-III (Agressão e Defesa 2) + Guia Integrado de Antimicrobianos + pesquisa ativa,authorial,provavel_com_dependencia_de_terceiro,pending,"Fonte citada é aula de curso (Antimicrobianos I-III) + guia integrado — provável material didático de terceiro, direitos não documentados. Sem atestação humana de direitos.",false,false,not_applicable,hold_rights,aula_professor_pdf_antimicrobianos,Farmacologia,"Fonte citada é aula de curso (Antimicrobianos I-III) + guia integrado — provável material didático de terceiro, direitos não documentados. Sem atestação humana de direitos.","Obter atestação humana específica de titularidade/direitos (ou licença documentada) antes de liberação comercial; para os grupos com fonte curricular/institucional de terceiro, isso inclui validar essa fonte (autorização do docente/instituição ou reautoria preservando tema/competência)."
df75d780-62ac-4d55-8482-2cfad13b337d,Por que clindamicina pode ser adicionada ao tratamento de infecção invasiva por Streptococcus pyogenes produtora de toxina?,published,,,,Aulas Antimicrobianos I-III (Agressão e Defesa 2) + Guia Integrado de Antimicrobianos + pesquisa ativa,authorial,provavel_com_dependencia_de_terceiro,pending,"Fonte citada é aula de curso (Antimicrobianos I-III) + guia integrado — provável material didático de terceiro, direitos não documentados. Sem atestação humana de direitos.",false,false,not_applicable,hold_rights,aula_professor_pdf_antimicrobianos,Farmacologia,"Fonte citada é aula de curso (Antimicrobianos I-III) + guia integrado — provável material didático de terceiro, direitos não documentados. Sem atestação humana de direitos.","Obter atestação humana específica de titularidade/direitos (ou licença documentada) antes de liberação comercial; para os grupos com fonte curricular/institucional de terceiro, isso inclui validar essa fonte (autorização do docente/instituição ou reautoria preservando tema/competência)."
24e2c418-d75d-455b-b049-67cb09ba6321,Qual evento adverso tem associação particularmente forte com clindamicina?,published,,,,Aulas Antimicrobianos I-III (Agressão e Defesa 2) + Guia Integrado de Antimicrobianos + pesquisa ativa,authorial,provavel_com_dependencia_de_terceiro,pending,"Fonte citada é aula de curso (Antimicrobianos I-III) + guia integrado — provável material didático de terceiro, direitos não documentados. Sem atestação humana de direitos.",false,false,not_applicable,hold_rights,aula_professor_pdf_antimicrobianos,Farmacologia,"Fonte citada é aula de curso (Antimicrobianos I-III) + guia integrado — provável material didático de terceiro, direitos não documentados. Sem atestação humana de direitos.","Obter atestação humana específica de titularidade/direitos (ou licença documentada) antes de liberação comercial; para os grupos com fonte curricular/institucional de terceiro, isso inclui validar essa fonte (autorização do docente/instituição ou reautoria preservando tema/competência)."
e4160ecd-1c8d-41ef-a499-85ce2656941c,Qual etapa é bloqueada pela linezolida?,published,,,,Aulas Antimicrobianos I-III (Agressão e Defesa 2) + Guia Integrado de Antimicrobianos + pesquisa ativa,authorial,provavel_com_dependencia_de_terceiro,pending,"Fonte citada é aula de curso (Antimicrobianos I-III) + guia integrado — provável material didático de terceiro, direitos não documentados. Sem atestação humana de direitos.",false,false,not_applicable,hold_rights,aula_professor_pdf_antimicrobianos,Farmacologia,"Fonte citada é aula de curso (Antimicrobianos I-III) + guia integrado — provável material didático de terceiro, direitos não documentados. Sem atestação humana de direitos.","Obter atestação humana específica de titularidade/direitos (ou licença documentada) antes de liberação comercial; para os grupos com fonte curricular/institucional de terceiro, isso inclui validar essa fonte (autorização do docente/instituição ou reautoria preservando tema/competência)."
289c8f00-3c63-4b5c-9c90-216de218c93e,Qual espectro resume melhor as oxazolidinonas?,published,,,,Aulas Antimicrobianos I-III (Agressão e Defesa 2) + Guia Integrado de Antimicrobianos + pesquisa ativa,authorial,provavel_com_dependencia_de_terceiro,pending,"Fonte citada é aula de curso (Antimicrobianos I-III) + guia integrado — provável material didático de terceiro, direitos não documentados. Sem atestação humana de direitos.",false,false,not_applicable,hold_rights,aula_professor_pdf_antimicrobianos,Farmacologia,"Fonte citada é aula de curso (Antimicrobianos I-III) + guia integrado — provável material didático de terceiro, direitos não documentados. Sem atestação humana de direitos.","Obter atestação humana específica de titularidade/direitos (ou licença documentada) antes de liberação comercial; para os grupos com fonte curricular/institucional de terceiro, isso inclui validar essa fonte (autorização do docente/instituição ou reautoria preservando tema/competência)."
7386fb90-1c40-4d0f-87ab-ec8202f363da,Qual vantagem farmacocinética favorece a troca da linezolida IV para oral?,published,,,,Aulas Antimicrobianos I-III (Agressão e Defesa 2) + Guia Integrado de Antimicrobianos + pesquisa ativa,authorial,provavel_com_dependencia_de_terceiro,pending,"Fonte citada é aula de curso (Antimicrobianos I-III) + guia integrado — provável material didático de terceiro, direitos não documentados. Sem atestação humana de direitos.",false,false,not_applicable,hold_rights,aula_professor_pdf_antimicrobianos,Farmacologia,"Fonte citada é aula de curso (Antimicrobianos I-III) + guia integrado — provável material didático de terceiro, direitos não documentados. Sem atestação humana de direitos.","Obter atestação humana específica de titularidade/direitos (ou licença documentada) antes de liberação comercial; para os grupos com fonte curricular/institucional de terceiro, isso inclui validar essa fonte (autorização do docente/instituição ou reautoria preservando tema/competência)."
b63f3301-c6d5-4407-abdd-b815ccbe4c36,Qual conjunto de eventos adversos é compatível com uso prolongado de linezolida?,published,,,,Aulas Antimicrobianos I-III (Agressão e Defesa 2) + Guia Integrado de Antimicrobianos + pesquisa ativa,authorial,provavel_com_dependencia_de_terceiro,pending,"Fonte citada é aula de curso (Antimicrobianos I-III) + guia integrado — provável material didático de terceiro, direitos não documentados. Sem atestação humana de direitos.",false,false,not_applicable,hold_rights,aula_professor_pdf_antimicrobianos,Farmacologia,"Fonte citada é aula de curso (Antimicrobianos I-III) + guia integrado — provável material didático de terceiro, direitos não documentados. Sem atestação humana de direitos.","Obter atestação humana específica de titularidade/direitos (ou licença documentada) antes de liberação comercial; para os grupos com fonte curricular/institucional de terceiro, isso inclui validar essa fonte (autorização do docente/instituição ou reautoria preservando tema/competência)."
3c3755cc-0284-410c-b65b-79586d82bb6d,Como as tetraciclinas inibem a tradução?,published,,,,Aulas Antimicrobianos I-III (Agressão e Defesa 2) + Guia Integrado de Antimicrobianos + pesquisa ativa,authorial,provavel_com_dependencia_de_terceiro,pending,"Fonte citada é aula de curso (Antimicrobianos I-III) + guia integrado — provável material didático de terceiro, direitos não documentados. Sem atestação humana de direitos.",false,false,not_applicable,hold_rights,aula_professor_pdf_antimicrobianos,Farmacologia,"Fonte citada é aula de curso (Antimicrobianos I-III) + guia integrado — provável material didático de terceiro, direitos não documentados. Sem atestação humana de direitos.","Obter atestação humana específica de titularidade/direitos (ou licença documentada) antes de liberação comercial; para os grupos com fonte curricular/institucional de terceiro, isso inclui validar essa fonte (autorização do docente/instituição ou reautoria preservando tema/competência)."
c7401adf-5f83-4cb5-a019-d4c230f7ea83,Qual grupo de microrganismos é classicamente coberto por doxiciclina?,published,,,,Aulas Antimicrobianos I-III (Agressão e Defesa 2) + Guia Integrado de Antimicrobianos + pesquisa ativa,authorial,provavel_com_dependencia_de_terceiro,pending,"Fonte citada é aula de curso (Antimicrobianos I-III) + guia integrado — provável material didático de terceiro, direitos não documentados. Sem atestação humana de direitos.",false,false,not_applicable,hold_rights,aula_professor_pdf_antimicrobianos,Farmacologia,"Fonte citada é aula de curso (Antimicrobianos I-III) + guia integrado — provável material didático de terceiro, direitos não documentados. Sem atestação humana de direitos.","Obter atestação humana específica de titularidade/direitos (ou licença documentada) antes de liberação comercial; para os grupos com fonte curricular/institucional de terceiro, isso inclui validar essa fonte (autorização do docente/instituição ou reautoria preservando tema/competência)."
1aba0fd8-3fc8-41f9-b820-1c4a6644bc61,"Por que antiácidos, ferro e laticínios podem reduzir a exposição oral a tetraciclinas?",published,,,,Aulas Antimicrobianos I-III (Agressão e Defesa 2) + Guia Integrado de Antimicrobianos + pesquisa ativa,authorial,provavel_com_dependencia_de_terceiro,pending,"Fonte citada é aula de curso (Antimicrobianos I-III) + guia integrado — provável material didático de terceiro, direitos não documentados. Sem atestação humana de direitos.",false,false,not_applicable,hold_rights,aula_professor_pdf_antimicrobianos,Farmacologia,"Fonte citada é aula de curso (Antimicrobianos I-III) + guia integrado — provável material didático de terceiro, direitos não documentados. Sem atestação humana de direitos.","Obter atestação humana específica de titularidade/direitos (ou licença documentada) antes de liberação comercial; para os grupos com fonte curricular/institucional de terceiro, isso inclui validar essa fonte (autorização do docente/instituição ou reautoria preservando tema/competência)."
5facee4a-6703-435b-afc9-6937b6a31c03,Qual limitação farmacocinética da tigeciclina torna inadequado seu uso em bacteremia?,published,,,,Aulas Antimicrobianos I-III (Agressão e Defesa 2) + Guia Integrado de Antimicrobianos + pesquisa ativa,authorial,provavel_com_dependencia_de_terceiro,pending,"Fonte citada é aula de curso (Antimicrobianos I-III) + guia integrado — provável material didático de terceiro, direitos não documentados. Sem atestação humana de direitos.",false,false,not_applicable,hold_rights,aula_professor_pdf_antimicrobianos,Farmacologia,"Fonte citada é aula de curso (Antimicrobianos I-III) + guia integrado — provável material didático de terceiro, direitos não documentados. Sem atestação humana de direitos.","Obter atestação humana específica de titularidade/direitos (ou licença documentada) antes de liberação comercial; para os grupos com fonte curricular/institucional de terceiro, isso inclui validar essa fonte (autorização do docente/instituição ou reautoria preservando tema/competência)."
8abfaa6e-20d4-4e48-8ba9-003508d93830,Quais mecanismos frequentemente causam resistência às tetraciclinas?,published,,,,Aulas Antimicrobianos I-III (Agressão e Defesa 2) + Guia Integrado de Antimicrobianos + pesquisa ativa,authorial,provavel_com_dependencia_de_terceiro,pending,"Fonte citada é aula de curso (Antimicrobianos I-III) + guia integrado — provável material didático de terceiro, direitos não documentados. Sem atestação humana de direitos.",false,false,not_applicable,hold_rights,aula_professor_pdf_antimicrobianos,Farmacologia,"Fonte citada é aula de curso (Antimicrobianos I-III) + guia integrado — provável material didático de terceiro, direitos não documentados. Sem atestação humana de direitos.","Obter atestação humana específica de titularidade/direitos (ou licença documentada) antes de liberação comercial; para os grupos com fonte curricular/institucional de terceiro, isso inclui validar essa fonte (autorização do docente/instituição ou reautoria preservando tema/competência)."
38d7cd36-cee8-4e3d-8d89-f6c45d6e2bb0,Em que ordem SMX-TMP bloqueia a via do folato?,published,,,,Aulas Antimicrobianos I-III (Agressão e Defesa 2) + Guia Integrado de Antimicrobianos + pesquisa ativa,authorial,provavel_com_dependencia_de_terceiro,pending,"Fonte citada é aula de curso (Antimicrobianos I-III) + guia integrado — provável material didático de terceiro, direitos não documentados. Sem atestação humana de direitos.",false,false,not_applicable,hold_rights,aula_professor_pdf_antimicrobianos,Farmacologia,"Fonte citada é aula de curso (Antimicrobianos I-III) + guia integrado — provável material didático de terceiro, direitos não documentados. Sem atestação humana de direitos.","Obter atestação humana específica de titularidade/direitos (ou licença documentada) antes de liberação comercial; para os grupos com fonte curricular/institucional de terceiro, isso inclui validar essa fonte (autorização do docente/instituição ou reautoria preservando tema/competência)."
17458bd0-ce73-402c-9348-e33099e90b39,Qual microrganismo tem SMX-TMP como fármaco central para tratamento e profilaxia?,published,,,,Aulas Antimicrobianos I-III (Agressão e Defesa 2) + Guia Integrado de Antimicrobianos + pesquisa ativa,authorial,provavel_com_dependencia_de_terceiro,pending,"Fonte citada é aula de curso (Antimicrobianos I-III) + guia integrado — provável material didático de terceiro, direitos não documentados. Sem atestação humana de direitos.",false,false,not_applicable,hold_rights,aula_professor_pdf_antimicrobianos,Farmacologia,"Fonte citada é aula de curso (Antimicrobianos I-III) + guia integrado — provável material didático de terceiro, direitos não documentados. Sem atestação humana de direitos.","Obter atestação humana específica de titularidade/direitos (ou licença documentada) antes de liberação comercial; para os grupos com fonte curricular/institucional de terceiro, isso inclui validar essa fonte (autorização do docente/instituição ou reautoria preservando tema/competência)."
d8cf1601-c9fa-418e-8223-064376850aea,Por que trimetoprima pode elevar creatinina sem reduzir verdadeiramente a filtração glomerular?,published,,,,Aulas Antimicrobianos I-III (Agressão e Defesa 2) + Guia Integrado de Antimicrobianos + pesquisa ativa,authorial,provavel_com_dependencia_de_terceiro,pending,"Fonte citada é aula de curso (Antimicrobianos I-III) + guia integrado — provável material didático de terceiro, direitos não documentados. Sem atestação humana de direitos.",false,false,not_applicable,hold_rights,aula_professor_pdf_antimicrobianos,Farmacologia,"Fonte citada é aula de curso (Antimicrobianos I-III) + guia integrado — provável material didático de terceiro, direitos não documentados. Sem atestação humana de direitos.","Obter atestação humana específica de titularidade/direitos (ou licença documentada) antes de liberação comercial; para os grupos com fonte curricular/institucional de terceiro, isso inclui validar essa fonte (autorização do docente/instituição ou reautoria preservando tema/competência)."
2bf52966-dbd7-4428-ba86-cd989bbd3771,"Qual distúrbio eletrolítico pode ocorrer com trimetoprima, sobretudo com IECA, BRA ou espironolactona?",published,,,,Aulas Antimicrobianos I-III (Agressão e Defesa 2) + Guia Integrado de Antimicrobianos + pesquisa ativa,authorial,provavel_com_dependencia_de_terceiro,pending,"Fonte citada é aula de curso (Antimicrobianos I-III) + guia integrado — provável material didático de terceiro, direitos não documentados. Sem atestação humana de direitos.",false,false,not_applicable,hold_rights,aula_professor_pdf_antimicrobianos,Farmacologia,"Fonte citada é aula de curso (Antimicrobianos I-III) + guia integrado — provável material didático de terceiro, direitos não documentados. Sem atestação humana de direitos.","Obter atestação humana específica de titularidade/direitos (ou licença documentada) antes de liberação comercial; para os grupos com fonte curricular/institucional de terceiro, isso inclui validar essa fonte (autorização do docente/instituição ou reautoria preservando tema/competência)."
d2c82a8f-8d29-4420-b13e-cb818339565f,Qual mecanismo pode produzir resistência específica a SMX-TMP?,published,,,,Aulas Antimicrobianos I-III (Agressão e Defesa 2) + Guia Integrado de Antimicrobianos + pesquisa ativa,authorial,provavel_com_dependencia_de_terceiro,pending,"Fonte citada é aula de curso (Antimicrobianos I-III) + guia integrado — provável material didático de terceiro, direitos não documentados. Sem atestação humana de direitos.",false,false,not_applicable,hold_rights,aula_professor_pdf_antimicrobianos,Farmacologia,"Fonte citada é aula de curso (Antimicrobianos I-III) + guia integrado — provável material didático de terceiro, direitos não documentados. Sem atestação humana de direitos.","Obter atestação humana específica de titularidade/direitos (ou licença documentada) antes de liberação comercial; para os grupos com fonte curricular/institucional de terceiro, isso inclui validar essa fonte (autorização do docente/instituição ou reautoria preservando tema/competência)."
a0bdca7f-32d1-46a2-827f-2b7ae1b00ead,A radioterapia (XRT) no regime de Stupp consiste em:,published,,,,"Extração e Consolidação — LANCCILO (Tumores do Sistema Nervoso Central), Prof. Dr. Carlos Zicarelli, Disciplina de Neurocirurgia, LANCCILO/PUCPR — Slides 23–24 ",authorial,provavel_com_dependencia_de_terceiro,pending,Fonte é extração/consolidação de material de liga/grupo acadêmico (LANCCILO) atribuído a um professor nomeado — direitos do material-fonte não documentados. Sem atestação humana de direitos.,false,false,not_applicable,hold_rights,extracao_compendio_LANCCILO,Neurocirurgia,Fonte é extração/consolidação de material de liga/grupo acadêmico (LANCCILO) atribuído a um professor nomeado — direitos do material-fonte não documentados. Sem atestação humana de direitos.,"Obter atestação humana específica de titularidade/direitos (ou licença documentada) antes de liberação comercial; para os grupos com fonte curricular/institucional de terceiro, isso inclui validar essa fonte (autorização do docente/instituição ou reautoria preservando tema/competência)."
dd469ff0-9806-4dad-b9c6-28ae40f14a3a,Qual espectro corresponde ao metronidazol?,published,,,,Aulas Antimicrobianos I-III (Agressão e Defesa 2) + Guia Integrado de Antimicrobianos + pesquisa ativa,authorial,provavel_com_dependencia_de_terceiro,pending,"Fonte citada é aula de curso (Antimicrobianos I-III) + guia integrado — provável material didático de terceiro, direitos não documentados. Sem atestação humana de direitos.",false,false,not_applicable,hold_rights,aula_professor_pdf_antimicrobianos,Farmacologia,"Fonte citada é aula de curso (Antimicrobianos I-III) + guia integrado — provável material didático de terceiro, direitos não documentados. Sem atestação humana de direitos.","Obter atestação humana específica de titularidade/direitos (ou licença documentada) antes de liberação comercial; para os grupos com fonte curricular/institucional de terceiro, isso inclui validar essa fonte (autorização do docente/instituição ou reautoria preservando tema/competência)."
df31e3c5-f1b8-480a-b4e9-e0ac0be2bdd0,Qual toxicidade ganha importância em cursos prolongados de metronidazol?,published,,,,Aulas Antimicrobianos I-III (Agressão e Defesa 2) + Guia Integrado de Antimicrobianos + pesquisa ativa,authorial,provavel_com_dependencia_de_terceiro,pending,"Fonte citada é aula de curso (Antimicrobianos I-III) + guia integrado — provável material didático de terceiro, direitos não documentados. Sem atestação humana de direitos.",false,false,not_applicable,hold_rights,aula_professor_pdf_antimicrobianos,Farmacologia,"Fonte citada é aula de curso (Antimicrobianos I-III) + guia integrado — provável material didático de terceiro, direitos não documentados. Sem atestação humana de direitos.","Obter atestação humana específica de titularidade/direitos (ou licença documentada) antes de liberação comercial; para os grupos com fonte curricular/institucional de terceiro, isso inclui validar essa fonte (autorização do docente/instituição ou reautoria preservando tema/competência)."
cfe8a59f-61c5-48a1-9fe2-5efb1738ed72,Quais enzimas são alvos das fluoroquinolonas?,published,,,,Aulas Antimicrobianos I-III (Agressão e Defesa 2) + Guia Integrado de Antimicrobianos + pesquisa ativa,authorial,provavel_com_dependencia_de_terceiro,pending,"Fonte citada é aula de curso (Antimicrobianos I-III) + guia integrado — provável material didático de terceiro, direitos não documentados. Sem atestação humana de direitos.",false,false,not_applicable,hold_rights,aula_professor_pdf_antimicrobianos,Farmacologia,"Fonte citada é aula de curso (Antimicrobianos I-III) + guia integrado — provável material didático de terceiro, direitos não documentados. Sem atestação humana de direitos.","Obter atestação humana específica de titularidade/direitos (ou licença documentada) antes de liberação comercial; para os grupos com fonte curricular/institucional de terceiro, isso inclui validar essa fonte (autorização do docente/instituição ou reautoria preservando tema/competência)."
1737a412-1934-4fb8-baf2-8694c463d329,Qual fluoroquinolona prioriza bacilos Gram-negativos e possui atividade antipseudomonas mais característica?,published,,,,Aulas Antimicrobianos I-III (Agressão e Defesa 2) + Guia Integrado de Antimicrobianos + pesquisa ativa,authorial,provavel_com_dependencia_de_terceiro,pending,"Fonte citada é aula de curso (Antimicrobianos I-III) + guia integrado — provável material didático de terceiro, direitos não documentados. Sem atestação humana de direitos.",false,false,not_applicable,hold_rights,aula_professor_pdf_antimicrobianos,Farmacologia,"Fonte citada é aula de curso (Antimicrobianos I-III) + guia integrado — provável material didático de terceiro, direitos não documentados. Sem atestação humana de direitos.","Obter atestação humana específica de titularidade/direitos (ou licença documentada) antes de liberação comercial; para os grupos com fonte curricular/institucional de terceiro, isso inclui validar essa fonte (autorização do docente/instituição ou reautoria preservando tema/competência)."
ac390f2f-2f16-4ce7-8f2a-7be118193ccf,Por que moxifloxacino não é escolha adequada para infecção urinária?,published,,,,Aulas Antimicrobianos I-III (Agressão e Defesa 2) + Guia Integrado de Antimicrobianos + pesquisa ativa,authorial,provavel_com_dependencia_de_terceiro,pending,"Fonte citada é aula de curso (Antimicrobianos I-III) + guia integrado — provável material didático de terceiro, direitos não documentados. Sem atestação humana de direitos.",false,false,not_applicable,hold_rights,aula_professor_pdf_antimicrobianos,Farmacologia,"Fonte citada é aula de curso (Antimicrobianos I-III) + guia integrado — provável material didático de terceiro, direitos não documentados. Sem atestação humana de direitos.","Obter atestação humana específica de titularidade/direitos (ou licença documentada) antes de liberação comercial; para os grupos com fonte curricular/institucional de terceiro, isso inclui validar essa fonte (autorização do docente/instituição ou reautoria preservando tema/competência)."
7f601b36-dfe6-4e09-964f-6e4b825019d3,Qual conjunto de eventos adversos exige parcimônia com fluoroquinolonas?,published,,,,Aulas Antimicrobianos I-III (Agressão e Defesa 2) + Guia Integrado de Antimicrobianos + pesquisa ativa,authorial,provavel_com_dependencia_de_terceiro,pending,"Fonte citada é aula de curso (Antimicrobianos I-III) + guia integrado — provável material didático de terceiro, direitos não documentados. Sem atestação humana de direitos.",false,false,not_applicable,hold_rights,aula_professor_pdf_antimicrobianos,Farmacologia,"Fonte citada é aula de curso (Antimicrobianos I-III) + guia integrado — provável material didático de terceiro, direitos não documentados. Sem atestação humana de direitos.","Obter atestação humana específica de titularidade/direitos (ou licença documentada) antes de liberação comercial; para os grupos com fonte curricular/institucional de terceiro, isso inclui validar essa fonte (autorização do docente/instituição ou reautoria preservando tema/competência)."
7a6fb694-04b9-4ab2-b094-61ce0f27b067,Qual mecanismo promove resistência adquirida às fluoroquinolonas?,published,,,,Aulas Antimicrobianos I-III (Agressão e Defesa 2) + Guia Integrado de Antimicrobianos + pesquisa ativa,authorial,provavel_com_dependencia_de_terceiro,pending,"Fonte citada é aula de curso (Antimicrobianos I-III) + guia integrado — provável material didático de terceiro, direitos não documentados. Sem atestação humana de direitos.",false,false,not_applicable,hold_rights,aula_professor_pdf_antimicrobianos,Farmacologia,"Fonte citada é aula de curso (Antimicrobianos I-III) + guia integrado — provável material didático de terceiro, direitos não documentados. Sem atestação humana de direitos.","Obter atestação humana específica de titularidade/direitos (ou licença documentada) antes de liberação comercial; para os grupos com fonte curricular/institucional de terceiro, isso inclui validar essa fonte (autorização do docente/instituição ou reautoria preservando tema/competência)."
4f8a013b-695e-4eab-b8aa-1364d61f9917,Qual é o alvo inicial da fosfomicina?,published,,,,Aulas Antimicrobianos I-III (Agressão e Defesa 2) + Guia Integrado de Antimicrobianos + pesquisa ativa,authorial,provavel_com_dependencia_de_terceiro,pending,"Fonte citada é aula de curso (Antimicrobianos I-III) + guia integrado — provável material didático de terceiro, direitos não documentados. Sem atestação humana de direitos.",false,false,not_applicable,hold_rights,aula_professor_pdf_antimicrobianos,Farmacologia,"Fonte citada é aula de curso (Antimicrobianos I-III) + guia integrado — provável material didático de terceiro, direitos não documentados. Sem atestação humana de direitos.","Obter atestação humana específica de titularidade/direitos (ou licença documentada) antes de liberação comercial; para os grupos com fonte curricular/institucional de terceiro, isso inclui validar essa fonte (autorização do docente/instituição ou reautoria preservando tema/competência)."
832785f4-20f1-4a99-b94f-438e4ea43b1b,Como a nitrofurantoína produz dano bacteriano?,published,,,,Aulas Antimicrobianos I-III (Agressão e Defesa 2) + Guia Integrado de Antimicrobianos + pesquisa ativa,authorial,provavel_com_dependencia_de_terceiro,pending,"Fonte citada é aula de curso (Antimicrobianos I-III) + guia integrado — provável material didático de terceiro, direitos não documentados. Sem atestação humana de direitos.",false,false,not_applicable,hold_rights,aula_professor_pdf_antimicrobianos,Farmacologia,"Fonte citada é aula de curso (Antimicrobianos I-III) + guia integrado — provável material didático de terceiro, direitos não documentados. Sem atestação humana de direitos.","Obter atestação humana específica de titularidade/direitos (ou licença documentada) antes de liberação comercial; para os grupos com fonte curricular/institucional de terceiro, isso inclui validar essa fonte (autorização do docente/instituição ou reautoria preservando tema/competência)."
b2310b7e-a6d1-4e25-b00f-f60367477f4a,Por que fosfomicina oral e nitrofurantoína não devem ser usadas para pielonefrite?,published,,,,Aulas Antimicrobianos I-III (Agressão e Defesa 2) + Guia Integrado de Antimicrobianos + pesquisa ativa,authorial,provavel_com_dependencia_de_terceiro,pending,"Fonte citada é aula de curso (Antimicrobianos I-III) + guia integrado — provável material didático de terceiro, direitos não documentados. Sem atestação humana de direitos.",false,false,not_applicable,hold_rights,aula_professor_pdf_antimicrobianos,Farmacologia,"Fonte citada é aula de curso (Antimicrobianos I-III) + guia integrado — provável material didático de terceiro, direitos não documentados. Sem atestação humana de direitos.","Obter atestação humana específica de titularidade/direitos (ou licença documentada) antes de liberação comercial; para os grupos com fonte curricular/institucional de terceiro, isso inclui validar essa fonte (autorização do docente/instituição ou reautoria preservando tema/competência)."
5836c7b0-3238-440b-b774-70737b7525d8,"Qual toxicidade rara, porém importante, associa-se ao uso prolongado de nitrofurantoína?",published,,,,Aulas Antimicrobianos I-III (Agressão e Defesa 2) + Guia Integrado de Antimicrobianos + pesquisa ativa,authorial,provavel_com_dependencia_de_terceiro,pending,"Fonte citada é aula de curso (Antimicrobianos I-III) + guia integrado — provável material didático de terceiro, direitos não documentados. Sem atestação humana de direitos.",false,false,not_applicable,hold_rights,aula_professor_pdf_antimicrobianos,Farmacologia,"Fonte citada é aula de curso (Antimicrobianos I-III) + guia integrado — provável material didático de terceiro, direitos não documentados. Sem atestação humana de direitos.","Obter atestação humana específica de titularidade/direitos (ou licença documentada) antes de liberação comercial; para os grupos com fonte curricular/institucional de terceiro, isso inclui validar essa fonte (autorização do docente/instituição ou reautoria preservando tema/competência)."
696fa801-96a2-428d-a4f8-e7436d7e52f4,Qual mecanismo define MRSA?,published,,,,Aulas Antimicrobianos I-III (Agressão e Defesa 2) + Guia Integrado de Antimicrobianos + pesquisa ativa,authorial,provavel_com_dependencia_de_terceiro,pending,"Fonte citada é aula de curso (Antimicrobianos I-III) + guia integrado — provável material didático de terceiro, direitos não documentados. Sem atestação humana de direitos.",false,false,not_applicable,hold_rights,aula_professor_pdf_antimicrobianos,Farmacologia,"Fonte citada é aula de curso (Antimicrobianos I-III) + guia integrado — provável material didático de terceiro, direitos não documentados. Sem atestação humana de direitos.","Obter atestação humana específica de titularidade/direitos (ou licença documentada) antes de liberação comercial; para os grupos com fonte curricular/institucional de terceiro, isso inclui validar essa fonte (autorização do docente/instituição ou reautoria preservando tema/competência)."
c278a5f6-4f69-4534-9276-bc09e7dc4d97,Qual combinação representa corretamente as categorias AWaRe?,published,,,,Aulas Antimicrobianos I-III (Agressão e Defesa 2) + Guia Integrado de Antimicrobianos + pesquisa ativa,authorial,provavel_com_dependencia_de_terceiro,pending,"Fonte citada é aula de curso (Antimicrobianos I-III) + guia integrado — provável material didático de terceiro, direitos não documentados. Sem atestação humana de direitos.",false,false,not_applicable,hold_rights,aula_professor_pdf_antimicrobianos,Farmacologia,"Fonte citada é aula de curso (Antimicrobianos I-III) + guia integrado — provável material didático de terceiro, direitos não documentados. Sem atestação humana de direitos.","Obter atestação humana específica de titularidade/direitos (ou licença documentada) antes de liberação comercial; para os grupos com fonte curricular/institucional de terceiro, isso inclui validar essa fonte (autorização do docente/instituição ou reautoria preservando tema/competência)."
ab5c300d-af82-4012-bfb9-1a9d6e863ae5,Em qual momento o 'antibiotic time-out' é mais produtivo?,published,,,,Aulas Antimicrobianos I-III (Agressão e Defesa 2) + Guia Integrado de Antimicrobianos + pesquisa ativa,authorial,provavel_com_dependencia_de_terceiro,pending,"Fonte citada é aula de curso (Antimicrobianos I-III) + guia integrado — provável material didático de terceiro, direitos não documentados. Sem atestação humana de direitos.",false,false,not_applicable,hold_rights,aula_professor_pdf_antimicrobianos,Farmacologia,"Fonte citada é aula de curso (Antimicrobianos I-III) + guia integrado — provável material didático de terceiro, direitos não documentados. Sem atestação humana de direitos.","Obter atestação humana específica de titularidade/direitos (ou licença documentada) antes de liberação comercial; para os grupos com fonte curricular/institucional de terceiro, isso inclui validar essa fonte (autorização do docente/instituição ou reautoria preservando tema/competência)."
c8d293a1-a7c8-4725-8f9f-e6212922a4ff,Qual intervenção reduz carga bacteriana sem depender de ampliar o espectro antibiótico?,published,,,,Aulas Antimicrobianos I-III (Agressão e Defesa 2) + Guia Integrado de Antimicrobianos + pesquisa ativa,authorial,provavel_com_dependencia_de_terceiro,pending,"Fonte citada é aula de curso (Antimicrobianos I-III) + guia integrado — provável material didático de terceiro, direitos não documentados. Sem atestação humana de direitos.",false,false,not_applicable,hold_rights,aula_professor_pdf_antimicrobianos,Farmacologia,"Fonte citada é aula de curso (Antimicrobianos I-III) + guia integrado — provável material didático de terceiro, direitos não documentados. Sem atestação humana de direitos.","Obter atestação humana específica de titularidade/direitos (ou licença documentada) antes de liberação comercial; para os grupos com fonte curricular/institucional de terceiro, isso inclui validar essa fonte (autorização do docente/instituição ou reautoria preservando tema/competência)."
b4f4b6a7-092d-4e69-8d10-decbc2c19c66,"A pressão arterial média é descrita como o produto de dois determinantes hemodinâmicos. Quais são esses determinantes e de que dependem, res",published,,,,Estudos/Base de Estudos/Biblioteca/Medicina/_anki/anki_hipertensao_sraa_anti-hipertensivos.json (migrado e convertido para múltipla escolha),authorial,provavel_independente,pending,"Fonte é banco de flashcards pessoal do usuário (anki_hipertensao_sraa...), indício de processo autoral independente — mas isso é indício de processo de criação, não prova documental de titularidade da redação. Sem atestação humana específica de direitos: rights_status=pending.",false,false,not_applicable,hold_rights,anki_pessoal,Farmacologia,"Fonte é banco de flashcards pessoal do usuário (anki_hipertensao_sraa...), indício de processo autoral independente — mas isso é indício de processo de criação, não prova documental de titularidade da redação. Sem atestação humana específica de direitos: rights_status=pending.","Obter atestação humana específica de titularidade/direitos (ou licença documentada) antes de liberação comercial; para os grupos com fonte curricular/institucional de terceiro, isso inclui validar essa fonte (autorização do docente/instituição ou reautoria preservando tema/competência)."
f15901b2-a909-44a3-89a6-70cb6ea2f0fa,Qual associação entre classe anti-hipertensiva e o determinante hemodinâmico predominantemente reduzido está correta?,published,,,,Estudos/Base de Estudos/Biblioteca/Medicina/_anki/anki_hipertensao_sraa_anti-hipertensivos.json (migrado e convertido para múltipla escolha),authorial,provavel_independente,pending,"Fonte é banco de flashcards pessoal do usuário (anki_hipertensao_sraa...), indício de processo autoral independente — mas isso é indício de processo de criação, não prova documental de titularidade da redação. Sem atestação humana específica de direitos: rights_status=pending.",false,false,not_applicable,hold_rights,anki_pessoal,Farmacologia,"Fonte é banco de flashcards pessoal do usuário (anki_hipertensao_sraa...), indício de processo autoral independente — mas isso é indício de processo de criação, não prova documental de titularidade da redação. Sem atestação humana específica de direitos: rights_status=pending.","Obter atestação humana específica de titularidade/direitos (ou licença documentada) antes de liberação comercial; para os grupos com fonte curricular/institucional de terceiro, isso inclui validar essa fonte (autorização do docente/instituição ou reautoria preservando tema/competência)."
d7d19656-5634-4079-af6e-8195d9957312,"as camadas que compõem as meninges, do exterior para o interior, incluem:",published,,,,"Extração e Consolidação — LANCCILO (Tumores do Sistema Nervoso Central), Prof. Dr. Carlos Zicarelli, Disciplina de Neurocirurgia, LANCCILO/PUCPR — Slide 28 (IMG",authorial,provavel_com_dependencia_de_terceiro,pending,Fonte é extração/consolidação de material de liga/grupo acadêmico (LANCCILO) atribuído a um professor nomeado — direitos do material-fonte não documentados. Sem atestação humana de direitos.,false,false,not_applicable,hold_rights,extracao_compendio_LANCCILO,Neurocirurgia,Fonte é extração/consolidação de material de liga/grupo acadêmico (LANCCILO) atribuído a um professor nomeado — direitos do material-fonte não documentados. Sem atestação humana de direitos.,"Obter atestação humana específica de titularidade/direitos (ou licença documentada) antes de liberação comercial; para os grupos com fonte curricular/institucional de terceiro, isso inclui validar essa fonte (autorização do docente/instituição ou reautoria preservando tema/competência)."
fe927b7d-16ea-4462-b8f6-56700c8b1b08,Qual característica explica a seletividade vascular dos bloqueadores de canal de cálcio di-hidropiridínicos em comparação com verapamil e di,published,,,,Estudos/Base de Estudos/Biblioteca/Medicina/_anki/anki_hipertensao_sraa_anti-hipertensivos.json (migrado e convertido para múltipla escolha),authorial,provavel_independente,pending,"Fonte é banco de flashcards pessoal do usuário (anki_hipertensao_sraa...), indício de processo autoral independente — mas isso é indício de processo de criação, não prova documental de titularidade da redação. Sem atestação humana específica de direitos: rights_status=pending.",false,false,not_applicable,hold_rights,anki_pessoal,Farmacologia,"Fonte é banco de flashcards pessoal do usuário (anki_hipertensao_sraa...), indício de processo autoral independente — mas isso é indício de processo de criação, não prova documental de titularidade da redação. Sem atestação humana específica de direitos: rights_status=pending.","Obter atestação humana específica de titularidade/direitos (ou licença documentada) antes de liberação comercial; para os grupos com fonte curricular/institucional de terceiro, isso inclui validar essa fonte (autorização do docente/instituição ou reautoria preservando tema/competência)."
7c92cc74-eb2b-438e-a067-802cd6019ee2,Por qual encadeamento fisiológico a retenção renal de sódio eleva a pressão arterial?,published,,,,Estudos/Base de Estudos/Biblioteca/Medicina/_anki/anki_hipertensao_sraa_anti-hipertensivos.json (migrado e convertido para múltipla escolha),authorial,provavel_independente,pending,"Fonte é banco de flashcards pessoal do usuário (anki_hipertensao_sraa...), indício de processo autoral independente — mas isso é indício de processo de criação, não prova documental de titularidade da redação. Sem atestação humana específica de direitos: rights_status=pending.",false,false,not_applicable,hold_rights,anki_pessoal,Farmacologia,"Fonte é banco de flashcards pessoal do usuário (anki_hipertensao_sraa...), indício de processo autoral independente — mas isso é indício de processo de criação, não prova documental de titularidade da redação. Sem atestação humana específica de direitos: rights_status=pending.","Obter atestação humana específica de titularidade/direitos (ou licença documentada) antes de liberação comercial; para os grupos com fonte curricular/institucional de terceiro, isso inclui validar essa fonte (autorização do docente/instituição ou reautoria preservando tema/competência)."
5de75aec-0214-4ac2-a15c-06cb7c7a3339,A associação entre pressão arterial e risco cardiovascular é descrita como contínua a partir de níveis abaixo dos limiares diagnósticos. Qua,published,,,,Estudos/Base de Estudos/Biblioteca/Medicina/_anki/anki_hipertensao_sraa_anti-hipertensivos.json (migrado e convertido para múltipla escolha),authorial,provavel_independente,pending,"Fonte é banco de flashcards pessoal do usuário (anki_hipertensao_sraa...), indício de processo autoral independente — mas isso é indício de processo de criação, não prova documental de titularidade da redação. Sem atestação humana específica de direitos: rights_status=pending.",false,false,not_applicable,hold_rights,anki_pessoal,Farmacologia,"Fonte é banco de flashcards pessoal do usuário (anki_hipertensao_sraa...), indício de processo autoral independente — mas isso é indício de processo de criação, não prova documental de titularidade da redação. Sem atestação humana específica de direitos: rights_status=pending.","Obter atestação humana específica de titularidade/direitos (ou licença documentada) antes de liberação comercial; para os grupos com fonte curricular/institucional de terceiro, isso inclui validar essa fonte (autorização do docente/instituição ou reautoria preservando tema/competência)."
bfb46597-bfc4-43e9-95f0-a2927aeac978,"Comparando as classificações vigentes da pressão arterial medida em consultório, qual afirmação está correta?",published,,,,Estudos/Base de Estudos/Biblioteca/Medicina/_anki/anki_hipertensao_sraa_anti-hipertensivos.json (migrado e convertido para múltipla escolha),authorial,provavel_independente,pending,"Fonte é banco de flashcards pessoal do usuário (anki_hipertensao_sraa...), indício de processo autoral independente — mas isso é indício de processo de criação, não prova documental de titularidade da redação. Sem atestação humana específica de direitos: rights_status=pending.",false,false,not_applicable,hold_rights,anki_pessoal,Farmacologia,"Fonte é banco de flashcards pessoal do usuário (anki_hipertensao_sraa...), indício de processo autoral independente — mas isso é indício de processo de criação, não prova documental de titularidade da redação. Sem atestação humana específica de direitos: rights_status=pending.","Obter atestação humana específica de titularidade/direitos (ou licença documentada) antes de liberação comercial; para os grupos com fonte curricular/institucional de terceiro, isso inclui validar essa fonte (autorização do docente/instituição ou reautoria preservando tema/competência)."
15f2582d-2d51-470b-8f63-b140180e41f7,"Qual achado, com o mecanismo correspondente, levanta suspeita de hipertensão arterial secundária?",published,,,,Estudos/Base de Estudos/Biblioteca/Medicina/_anki/anki_hipertensao_sraa_anti-hipertensivos.json (migrado e convertido para múltipla escolha),authorial,provavel_independente,pending,"Fonte é banco de flashcards pessoal do usuário (anki_hipertensao_sraa...), indício de processo autoral independente — mas isso é indício de processo de criação, não prova documental de titularidade da redação. Sem atestação humana específica de direitos: rights_status=pending.",false,false,not_applicable,hold_rights,anki_pessoal,Farmacologia,"Fonte é banco de flashcards pessoal do usuário (anki_hipertensao_sraa...), indício de processo autoral independente — mas isso é indício de processo de criação, não prova documental de titularidade da redação. Sem atestação humana específica de direitos: rights_status=pending.","Obter atestação humana específica de titularidade/direitos (ou licença documentada) antes de liberação comercial; para os grupos com fonte curricular/institucional de terceiro, isso inclui validar essa fonte (autorização do docente/instituição ou reautoria preservando tema/competência)."
a08debe6-60a8-4309-81ff-638e7d51c76f,"Mulher de 68 anos, tabagista, com doença arterial periférica e hipertensão de difícil controle, inicia enalapril; em duas semanas a creatini",published,,,,Estudos/Base de Estudos/Biblioteca/Medicina/_anki/anki_hipertensao_sraa_anti-hipertensivos.json (migrado e convertido para múltipla escolha),authorial,provavel_independente,pending,"Fonte é banco de flashcards pessoal do usuário (anki_hipertensao_sraa...), indício de processo autoral independente — mas isso é indício de processo de criação, não prova documental de titularidade da redação. Sem atestação humana específica de direitos: rights_status=pending.",false,false,not_applicable,hold_rights,anki_pessoal,Farmacologia,"Fonte é banco de flashcards pessoal do usuário (anki_hipertensao_sraa...), indício de processo autoral independente — mas isso é indício de processo de criação, não prova documental de titularidade da redação. Sem atestação humana específica de direitos: rights_status=pending.","Obter atestação humana específica de titularidade/direitos (ou licença documentada) antes de liberação comercial; para os grupos com fonte curricular/institucional de terceiro, isso inclui validar essa fonte (autorização do docente/instituição ou reautoria preservando tema/competência)."
8e6f2aa6-ee97-4f62-80cc-dbefa07146b0,Qual par mecanismo–efeito hemodinâmico está corretamente associado na hipertensão primária?,published,,,,Estudos/Base de Estudos/Biblioteca/Medicina/_anki/anki_hipertensao_sraa_anti-hipertensivos.json (migrado e convertido para múltipla escolha),authorial,provavel_independente,pending,"Fonte é banco de flashcards pessoal do usuário (anki_hipertensao_sraa...), indício de processo autoral independente — mas isso é indício de processo de criação, não prova documental de titularidade da redação. Sem atestação humana específica de direitos: rights_status=pending.",false,false,not_applicable,hold_rights,anki_pessoal,Farmacologia,"Fonte é banco de flashcards pessoal do usuário (anki_hipertensao_sraa...), indício de processo autoral independente — mas isso é indício de processo de criação, não prova documental de titularidade da redação. Sem atestação humana específica de direitos: rights_status=pending.","Obter atestação humana específica de titularidade/direitos (ou licença documentada) antes de liberação comercial; para os grupos com fonte curricular/institucional de terceiro, isso inclui validar essa fonte (autorização do docente/instituição ou reautoria preservando tema/competência)."
055a2b59-04df-4139-b105-6440d5753183,Como se comportam débito cardíaco e resistência vascular periférica ao longo da evolução da hipertensão primária?,published,,,,Estudos/Base de Estudos/Biblioteca/Medicina/_anki/anki_hipertensao_sraa_anti-hipertensivos.json (migrado e convertido para múltipla escolha),authorial,provavel_independente,pending,"Fonte é banco de flashcards pessoal do usuário (anki_hipertensao_sraa...), indício de processo autoral independente — mas isso é indício de processo de criação, não prova documental de titularidade da redação. Sem atestação humana específica de direitos: rights_status=pending.",false,false,not_applicable,hold_rights,anki_pessoal,Farmacologia,"Fonte é banco de flashcards pessoal do usuário (anki_hipertensao_sraa...), indício de processo autoral independente — mas isso é indício de processo de criação, não prova documental de titularidade da redação. Sem atestação humana específica de direitos: rights_status=pending.","Obter atestação humana específica de titularidade/direitos (ou licença documentada) antes de liberação comercial; para os grupos com fonte curricular/institucional de terceiro, isso inclui validar essa fonte (autorização do docente/instituição ou reautoria preservando tema/competência)."
9fa53028-81a8-489c-a2ee-e3bde9d9709d,O que representa a curva de natriurese pressórica e o que ocorre com ela na hipertensão primária?,published,,,,Estudos/Base de Estudos/Biblioteca/Medicina/_anki/anki_hipertensao_sraa_anti-hipertensivos.json (migrado e convertido para múltipla escolha),authorial,provavel_independente,pending,"Fonte é banco de flashcards pessoal do usuário (anki_hipertensao_sraa...), indício de processo autoral independente — mas isso é indício de processo de criação, não prova documental de titularidade da redação. Sem atestação humana específica de direitos: rights_status=pending.",false,false,not_applicable,hold_rights,anki_pessoal,Farmacologia,"Fonte é banco de flashcards pessoal do usuário (anki_hipertensao_sraa...), indício de processo autoral independente — mas isso é indício de processo de criação, não prova documental de titularidade da redação. Sem atestação humana específica de direitos: rights_status=pending.","Obter atestação humana específica de titularidade/direitos (ou licença documentada) antes de liberação comercial; para os grupos com fonte curricular/institucional de terceiro, isso inclui validar essa fonte (autorização do docente/instituição ou reautoria preservando tema/competência)."
c8bae612-3517-4aa3-92e8-32c1027dcd9a,"Qual classe anti-hipertensiva atua de forma mais direta sobre o desvio da curva de natriurese pressórica, e por qual mecanismo?",published,,,,Estudos/Base de Estudos/Biblioteca/Medicina/_anki/anki_hipertensao_sraa_anti-hipertensivos.json (migrado e convertido para múltipla escolha),authorial,provavel_independente,pending,"Fonte é banco de flashcards pessoal do usuário (anki_hipertensao_sraa...), indício de processo autoral independente — mas isso é indício de processo de criação, não prova documental de titularidade da redação. Sem atestação humana específica de direitos: rights_status=pending.",false,false,not_applicable,hold_rights,anki_pessoal,Farmacologia,"Fonte é banco de flashcards pessoal do usuário (anki_hipertensao_sraa...), indício de processo autoral independente — mas isso é indício de processo de criação, não prova documental de titularidade da redação. Sem atestação humana específica de direitos: rights_status=pending.","Obter atestação humana específica de titularidade/direitos (ou licença documentada) antes de liberação comercial; para os grupos com fonte curricular/institucional de terceiro, isso inclui validar essa fonte (autorização do docente/instituição ou reautoria preservando tema/competência)."
609b118b-6fbc-40d8-933a-6d2e615b4aa0,Qual sequência descreve o círculo vicioso da disfunção endotelial na hipertensão arterial?,published,,,,Estudos/Base de Estudos/Biblioteca/Medicina/_anki/anki_hipertensao_sraa_anti-hipertensivos.json (migrado e convertido para múltipla escolha),authorial,provavel_independente,pending,"Fonte é banco de flashcards pessoal do usuário (anki_hipertensao_sraa...), indício de processo autoral independente — mas isso é indício de processo de criação, não prova documental de titularidade da redação. Sem atestação humana específica de direitos: rights_status=pending.",false,false,not_applicable,hold_rights,anki_pessoal,Farmacologia,"Fonte é banco de flashcards pessoal do usuário (anki_hipertensao_sraa...), indício de processo autoral independente — mas isso é indício de processo de criação, não prova documental de titularidade da redação. Sem atestação humana específica de direitos: rights_status=pending.","Obter atestação humana específica de titularidade/direitos (ou licença documentada) antes de liberação comercial; para os grupos com fonte curricular/institucional de terceiro, isso inclui validar essa fonte (autorização do docente/instituição ou reautoria preservando tema/competência)."
af3c393c-b7a2-47b2-a5f3-6dff0c483ba6,Qual associação entre órgão-alvo e mecanismo de lesão hipertensiva está correta?,published,,,,Estudos/Base de Estudos/Biblioteca/Medicina/_anki/anki_hipertensao_sraa_anti-hipertensivos.json (migrado e convertido para múltipla escolha),authorial,provavel_independente,pending,"Fonte é banco de flashcards pessoal do usuário (anki_hipertensao_sraa...), indício de processo autoral independente — mas isso é indício de processo de criação, não prova documental de titularidade da redação. Sem atestação humana específica de direitos: rights_status=pending.",false,false,not_applicable,hold_rights,anki_pessoal,Farmacologia,"Fonte é banco de flashcards pessoal do usuário (anki_hipertensao_sraa...), indício de processo autoral independente — mas isso é indício de processo de criação, não prova documental de titularidade da redação. Sem atestação humana específica de direitos: rights_status=pending.","Obter atestação humana específica de titularidade/direitos (ou licença documentada) antes de liberação comercial; para os grupos com fonte curricular/institucional de terceiro, isso inclui validar essa fonte (autorização do docente/instituição ou reautoria preservando tema/competência)."
42e108b0-c9f7-474f-ac39-20c51268cd19,Por que afirmar que determinada complicação é 'a de maior risco' da hipertensão exige especificar a população e o desfecho considerados?,published,,,,Estudos/Base de Estudos/Biblioteca/Medicina/_anki/anki_hipertensao_sraa_anti-hipertensivos.json (migrado e convertido para múltipla escolha),authorial,provavel_independente,pending,"Fonte é banco de flashcards pessoal do usuário (anki_hipertensao_sraa...), indício de processo autoral independente — mas isso é indício de processo de criação, não prova documental de titularidade da redação. Sem atestação humana específica de direitos: rights_status=pending.",false,false,not_applicable,hold_rights,anki_pessoal,Farmacologia,"Fonte é banco de flashcards pessoal do usuário (anki_hipertensao_sraa...), indício de processo autoral independente — mas isso é indício de processo de criação, não prova documental de titularidade da redação. Sem atestação humana específica de direitos: rights_status=pending.","Obter atestação humana específica de titularidade/direitos (ou licença documentada) antes de liberação comercial; para os grupos com fonte curricular/institucional de terceiro, isso inclui validar essa fonte (autorização do docente/instituição ou reautoria preservando tema/competência)."
f84333e9-00b6-4597-9d6e-4a01a8577834,Qual descrição da origem dos componentes do sistema renina-angiotensina-aldosterona está correta?,published,,,,Estudos/Base de Estudos/Biblioteca/Medicina/_anki/anki_hipertensao_sraa_anti-hipertensivos.json (migrado e convertido para múltipla escolha),authorial,provavel_independente,pending,"Fonte é banco de flashcards pessoal do usuário (anki_hipertensao_sraa...), indício de processo autoral independente — mas isso é indício de processo de criação, não prova documental de titularidade da redação. Sem atestação humana específica de direitos: rights_status=pending.",false,false,not_applicable,hold_rights,anki_pessoal,Farmacologia,"Fonte é banco de flashcards pessoal do usuário (anki_hipertensao_sraa...), indício de processo autoral independente — mas isso é indício de processo de criação, não prova documental de titularidade da redação. Sem atestação humana específica de direitos: rights_status=pending.","Obter atestação humana específica de titularidade/direitos (ou licença documentada) antes de liberação comercial; para os grupos com fonte curricular/institucional de terceiro, isso inclui validar essa fonte (autorização do docente/instituição ou reautoria preservando tema/competência)."
93282623-a371-46ee-9ab1-f7a6ed4e3b3e,"Entre os PitNETs (tumores neuroendócrinos da hipófise) funcionantes, o material cita:",published,,,,"Extração e Consolidação — LANCCILO (Tumores do Sistema Nervoso Central), Prof. Dr. Carlos Zicarelli, Disciplina de Neurocirurgia, LANCCILO/PUCPR — Slide 39 (IMG",authorial,provavel_com_dependencia_de_terceiro,pending,Fonte é extração/consolidação de material de liga/grupo acadêmico (LANCCILO) atribuído a um professor nomeado — direitos do material-fonte não documentados. Sem atestação humana de direitos.,false,false,not_applicable,hold_rights,extracao_compendio_LANCCILO,Neurocirurgia,Fonte é extração/consolidação de material de liga/grupo acadêmico (LANCCILO) atribuído a um professor nomeado — direitos do material-fonte não documentados. Sem atestação humana de direitos.,"Obter atestação humana específica de titularidade/direitos (ou licença documentada) antes de liberação comercial; para os grupos com fonte curricular/institucional de terceiro, isso inclui validar essa fonte (autorização do docente/instituição ou reautoria preservando tema/competência)."
c5afed75-c732-4e07-aa97-ffa3d26948be,Quais estímulos aumentam a liberação de renina pelas células justaglomerulares?,published,,,,Estudos/Base de Estudos/Biblioteca/Medicina/_anki/anki_hipertensao_sraa_anti-hipertensivos.json (migrado e convertido para múltipla escolha),authorial,provavel_independente,pending,"Fonte é banco de flashcards pessoal do usuário (anki_hipertensao_sraa...), indício de processo autoral independente — mas isso é indício de processo de criação, não prova documental de titularidade da redação. Sem atestação humana específica de direitos: rights_status=pending.",false,false,not_applicable,hold_rights,anki_pessoal,Farmacologia,"Fonte é banco de flashcards pessoal do usuário (anki_hipertensao_sraa...), indício de processo autoral independente — mas isso é indício de processo de criação, não prova documental de titularidade da redação. Sem atestação humana específica de direitos: rights_status=pending.","Obter atestação humana específica de titularidade/direitos (ou licença documentada) antes de liberação comercial; para os grupos com fonte curricular/institucional de terceiro, isso inclui validar essa fonte (autorização do docente/instituição ou reautoria preservando tema/competência)."
8aa37b0e-4a2d-4459-a5d5-3dd233591ab5,Por que a renina é considerada o passo limitante de velocidade da cascata do SRAA?,published,,,,Estudos/Base de Estudos/Biblioteca/Medicina/_anki/anki_hipertensao_sraa_anti-hipertensivos.json (migrado e convertido para múltipla escolha),authorial,provavel_independente,pending,"Fonte é banco de flashcards pessoal do usuário (anki_hipertensao_sraa...), indício de processo autoral independente — mas isso é indício de processo de criação, não prova documental de titularidade da redação. Sem atestação humana específica de direitos: rights_status=pending.",false,false,not_applicable,hold_rights,anki_pessoal,Farmacologia,"Fonte é banco de flashcards pessoal do usuário (anki_hipertensao_sraa...), indício de processo autoral independente — mas isso é indício de processo de criação, não prova documental de titularidade da redação. Sem atestação humana específica de direitos: rights_status=pending.","Obter atestação humana específica de titularidade/direitos (ou licença documentada) antes de liberação comercial; para os grupos com fonte curricular/institucional de terceiro, isso inclui validar essa fonte (autorização do docente/instituição ou reautoria preservando tema/competência)."
6d5780d6-39ae-4207-ae63-63e745c44176,Quais são as duas ações da enzima conversora de angiotensina e como elas explicam a tosse associada aos IECAs?,published,,,,Estudos/Base de Estudos/Biblioteca/Medicina/_anki/anki_hipertensao_sraa_anti-hipertensivos.json (migrado e convertido para múltipla escolha),authorial,provavel_independente,pending,"Fonte é banco de flashcards pessoal do usuário (anki_hipertensao_sraa...), indício de processo autoral independente — mas isso é indício de processo de criação, não prova documental de titularidade da redação. Sem atestação humana específica de direitos: rights_status=pending.",false,false,not_applicable,hold_rights,anki_pessoal,Farmacologia,"Fonte é banco de flashcards pessoal do usuário (anki_hipertensao_sraa...), indício de processo autoral independente — mas isso é indício de processo de criação, não prova documental de titularidade da redação. Sem atestação humana específica de direitos: rights_status=pending.","Obter atestação humana específica de titularidade/direitos (ou licença documentada) antes de liberação comercial; para os grupos com fonte curricular/institucional de terceiro, isso inclui validar essa fonte (autorização do docente/instituição ou reautoria preservando tema/competência)."
15803aa1-4737-4527-b4dd-7d045d218a97,Qual comparação entre os receptores AT₁ e AT₂ da angiotensina II está correta?,published,,,,Estudos/Base de Estudos/Biblioteca/Medicina/_anki/anki_hipertensao_sraa_anti-hipertensivos.json (migrado e convertido para múltipla escolha),authorial,provavel_independente,pending,"Fonte é banco de flashcards pessoal do usuário (anki_hipertensao_sraa...), indício de processo autoral independente — mas isso é indício de processo de criação, não prova documental de titularidade da redação. Sem atestação humana específica de direitos: rights_status=pending.",false,false,not_applicable,hold_rights,anki_pessoal,Farmacologia,"Fonte é banco de flashcards pessoal do usuário (anki_hipertensao_sraa...), indício de processo autoral independente — mas isso é indício de processo de criação, não prova documental de titularidade da redação. Sem atestação humana específica de direitos: rights_status=pending.","Obter atestação humana específica de titularidade/direitos (ou licença documentada) antes de liberação comercial; para os grupos com fonte curricular/institucional de terceiro, isso inclui validar essa fonte (autorização do docente/instituição ou reautoria preservando tema/competência)."
6a3f7014-42f6-4241-9f4f-19aa857a2a70,"Com o bloqueio seletivo de AT₁ pelos BRAs, propõe-se maior estimulação relativa de AT₂. Como esse argumento deve ser interpretado?",published,,,,Estudos/Base de Estudos/Biblioteca/Medicina/_anki/anki_hipertensao_sraa_anti-hipertensivos.json (migrado e convertido para múltipla escolha),authorial,provavel_independente,pending,"Fonte é banco de flashcards pessoal do usuário (anki_hipertensao_sraa...), indício de processo autoral independente — mas isso é indício de processo de criação, não prova documental de titularidade da redação. Sem atestação humana específica de direitos: rights_status=pending.",false,false,not_applicable,hold_rights,anki_pessoal,Farmacologia,"Fonte é banco de flashcards pessoal do usuário (anki_hipertensao_sraa...), indício de processo autoral independente — mas isso é indício de processo de criação, não prova documental de titularidade da redação. Sem atestação humana específica de direitos: rights_status=pending.","Obter atestação humana específica de titularidade/direitos (ou licença documentada) antes de liberação comercial; para os grupos com fonte curricular/institucional de terceiro, isso inclui validar essa fonte (autorização do docente/instituição ou reautoria preservando tema/competência)."
4f3f1428-a016-42df-9f26-b04842cadabe,Por qual mecanismo celular a aldosterona aumenta a reabsorção de Na⁺ e a secreção de K⁺ no ducto coletor?,published,,,,Estudos/Base de Estudos/Biblioteca/Medicina/_anki/anki_hipertensao_sraa_anti-hipertensivos.json (migrado e convertido para múltipla escolha),authorial,provavel_independente,pending,"Fonte é banco de flashcards pessoal do usuário (anki_hipertensao_sraa...), indício de processo autoral independente — mas isso é indício de processo de criação, não prova documental de titularidade da redação. Sem atestação humana específica de direitos: rights_status=pending.",false,false,not_applicable,hold_rights,anki_pessoal,Farmacologia,"Fonte é banco de flashcards pessoal do usuário (anki_hipertensao_sraa...), indício de processo autoral independente — mas isso é indício de processo de criação, não prova documental de titularidade da redação. Sem atestação humana específica de direitos: rights_status=pending.","Obter atestação humana específica de titularidade/direitos (ou licença documentada) antes de liberação comercial; para os grupos com fonte curricular/institucional de terceiro, isso inclui validar essa fonte (autorização do docente/instituição ou reautoria preservando tema/competência)."
cad6d733-8502-4469-bccf-cbdf3a59a225,Qual mecanismo explica a hipercalemia associada ao uso de IECAs e BRAs?,published,,,,Estudos/Base de Estudos/Biblioteca/Medicina/_anki/anki_hipertensao_sraa_anti-hipertensivos.json (migrado e convertido para múltipla escolha),authorial,provavel_independente,pending,"Fonte é banco de flashcards pessoal do usuário (anki_hipertensao_sraa...), indício de processo autoral independente — mas isso é indício de processo de criação, não prova documental de titularidade da redação. Sem atestação humana específica de direitos: rights_status=pending.",false,false,not_applicable,hold_rights,anki_pessoal,Farmacologia,"Fonte é banco de flashcards pessoal do usuário (anki_hipertensao_sraa...), indício de processo autoral independente — mas isso é indício de processo de criação, não prova documental de titularidade da redação. Sem atestação humana específica de direitos: rights_status=pending.","Obter atestação humana específica de titularidade/direitos (ou licença documentada) antes de liberação comercial; para os grupos com fonte curricular/institucional de terceiro, isso inclui validar essa fonte (autorização do docente/instituição ou reautoria preservando tema/competência)."
51e0745d-46ff-4731-809e-f33cad902621,O que caracteriza o chamado 'escape da angiotensina' durante o uso prolongado de IECA?,published,,,,Estudos/Base de Estudos/Biblioteca/Medicina/_anki/anki_hipertensao_sraa_anti-hipertensivos.json (migrado e convertido para múltipla escolha),authorial,provavel_independente,pending,"Fonte é banco de flashcards pessoal do usuário (anki_hipertensao_sraa...), indício de processo autoral independente — mas isso é indício de processo de criação, não prova documental de titularidade da redação. Sem atestação humana específica de direitos: rights_status=pending.",false,false,not_applicable,hold_rights,anki_pessoal,Farmacologia,"Fonte é banco de flashcards pessoal do usuário (anki_hipertensao_sraa...), indício de processo autoral independente — mas isso é indício de processo de criação, não prova documental de titularidade da redação. Sem atestação humana específica de direitos: rights_status=pending.","Obter atestação humana específica de titularidade/direitos (ou licença documentada) antes de liberação comercial; para os grupos com fonte curricular/institucional de terceiro, isso inclui validar essa fonte (autorização do docente/instituição ou reautoria preservando tema/competência)."
82cdb2a8-b0b2-44d3-8bbb-8f9415ad9f8c,"Como se comparam o captopril e os IECAs de ação prolongada, como enalapril e ramipril?",published,,,,Estudos/Base de Estudos/Biblioteca/Medicina/_anki/anki_hipertensao_sraa_anti-hipertensivos.json (migrado e convertido para múltipla escolha),authorial,provavel_independente,pending,"Fonte é banco de flashcards pessoal do usuário (anki_hipertensao_sraa...), indício de processo autoral independente — mas isso é indício de processo de criação, não prova documental de titularidade da redação. Sem atestação humana específica de direitos: rights_status=pending.",false,false,not_applicable,hold_rights,anki_pessoal,Farmacologia,"Fonte é banco de flashcards pessoal do usuário (anki_hipertensao_sraa...), indício de processo autoral independente — mas isso é indício de processo de criação, não prova documental de titularidade da redação. Sem atestação humana específica de direitos: rights_status=pending.","Obter atestação humana específica de titularidade/direitos (ou licença documentada) antes de liberação comercial; para os grupos com fonte curricular/institucional de terceiro, isso inclui validar essa fonte (autorização do docente/instituição ou reautoria preservando tema/competência)."
277ac26d-7823-41e3-853c-05ebd4ffcb7a,"Homem de 54 anos, em uso regular de losartana, afere 178/98 mmHg em casa, está assintomático e sem sinais de lesão aguda. Ele pergunta se de",published,,,,Estudos/Base de Estudos/Biblioteca/Medicina/_anki/anki_hipertensao_sraa_anti-hipertensivos.json (migrado e convertido para múltipla escolha),authorial,provavel_independente,pending,"Fonte é banco de flashcards pessoal do usuário (anki_hipertensao_sraa...), indício de processo autoral independente — mas isso é indício de processo de criação, não prova documental de titularidade da redação. Sem atestação humana específica de direitos: rights_status=pending.",false,false,not_applicable,hold_rights,anki_pessoal,Farmacologia,"Fonte é banco de flashcards pessoal do usuário (anki_hipertensao_sraa...), indício de processo autoral independente — mas isso é indício de processo de criação, não prova documental de titularidade da redação. Sem atestação humana específica de direitos: rights_status=pending.","Obter atestação humana específica de titularidade/direitos (ou licença documentada) antes de liberação comercial; para os grupos com fonte curricular/institucional de terceiro, isso inclui validar essa fonte (autorização do docente/instituição ou reautoria preservando tema/competência)."
62dd6d4e-370c-481a-9193-ba9624acf6bf,Em quais pacientes após infarto agudo do miocárdio o benefício prognóstico dos IECAs está mais bem estabelecido?,published,,,,Estudos/Base de Estudos/Biblioteca/Medicina/_anki/anki_hipertensao_sraa_anti-hipertensivos.json (migrado e convertido para múltipla escolha),authorial,provavel_independente,pending,"Fonte é banco de flashcards pessoal do usuário (anki_hipertensao_sraa...), indício de processo autoral independente — mas isso é indício de processo de criação, não prova documental de titularidade da redação. Sem atestação humana específica de direitos: rights_status=pending.",false,false,not_applicable,hold_rights,anki_pessoal,Farmacologia,"Fonte é banco de flashcards pessoal do usuário (anki_hipertensao_sraa...), indício de processo autoral independente — mas isso é indício de processo de criação, não prova documental de titularidade da redação. Sem atestação humana específica de direitos: rights_status=pending.","Obter atestação humana específica de titularidade/direitos (ou licença documentada) antes de liberação comercial; para os grupos com fonte curricular/institucional de terceiro, isso inclui validar essa fonte (autorização do docente/instituição ou reautoria preservando tema/competência)."
18992887-15ea-4994-a06b-91560a275adf,Qual comparação entre IECAs e BRAs está correta?,published,,,,Estudos/Base de Estudos/Biblioteca/Medicina/_anki/anki_hipertensao_sraa_anti-hipertensivos.json (migrado e convertido para múltipla escolha),authorial,provavel_independente,pending,"Fonte é banco de flashcards pessoal do usuário (anki_hipertensao_sraa...), indício de processo autoral independente — mas isso é indício de processo de criação, não prova documental de titularidade da redação. Sem atestação humana específica de direitos: rights_status=pending.",false,false,not_applicable,hold_rights,anki_pessoal,Farmacologia,"Fonte é banco de flashcards pessoal do usuário (anki_hipertensao_sraa...), indício de processo autoral independente — mas isso é indício de processo de criação, não prova documental de titularidade da redação. Sem atestação humana específica de direitos: rights_status=pending.","Obter atestação humana específica de titularidade/direitos (ou licença documentada) antes de liberação comercial; para os grupos com fonte curricular/institucional de terceiro, isso inclui validar essa fonte (autorização do docente/instituição ou reautoria preservando tema/competência)."
c010e949-7df0-457d-a78b-c57f65c9d092,Como se comparam clortalidona e hidroclorotiazida no tratamento da hipertensão?,published,,,,Estudos/Base de Estudos/Biblioteca/Medicina/_anki/anki_hipertensao_sraa_anti-hipertensivos.json (migrado e convertido para múltipla escolha),authorial,provavel_independente,pending,"Fonte é banco de flashcards pessoal do usuário (anki_hipertensao_sraa...), indício de processo autoral independente — mas isso é indício de processo de criação, não prova documental de titularidade da redação. Sem atestação humana específica de direitos: rights_status=pending.",false,false,not_applicable,hold_rights,anki_pessoal,Farmacologia,"Fonte é banco de flashcards pessoal do usuário (anki_hipertensao_sraa...), indício de processo autoral independente — mas isso é indício de processo de criação, não prova documental de titularidade da redação. Sem atestação humana específica de direitos: rights_status=pending.","Obter atestação humana específica de titularidade/direitos (ou licença documentada) antes de liberação comercial; para os grupos com fonte curricular/institucional de terceiro, isso inclui validar essa fonte (autorização do docente/instituição ou reautoria preservando tema/competência)."
60bc4868-b135-46ee-863b-bde2e4ef10f2,Qual descrição corresponde ao mecanismo de ação dos diuréticos tiazídicos e ao seu perfil eletrolítico?,published,,,,Estudos/Base de Estudos/Biblioteca/Medicina/_anki/anki_hipertensao_sraa_anti-hipertensivos.json (migrado e convertido para múltipla escolha),authorial,provavel_independente,pending,"Fonte é banco de flashcards pessoal do usuário (anki_hipertensao_sraa...), indício de processo autoral independente — mas isso é indício de processo de criação, não prova documental de titularidade da redação. Sem atestação humana específica de direitos: rights_status=pending.",false,false,not_applicable,hold_rights,anki_pessoal,Farmacologia,"Fonte é banco de flashcards pessoal do usuário (anki_hipertensao_sraa...), indício de processo autoral independente — mas isso é indício de processo de criação, não prova documental de titularidade da redação. Sem atestação humana específica de direitos: rights_status=pending.","Obter atestação humana específica de titularidade/direitos (ou licença documentada) antes de liberação comercial; para os grupos com fonte curricular/institucional de terceiro, isso inclui validar essa fonte (autorização do docente/instituição ou reautoria preservando tema/competência)."
c9972e20-589b-4533-8bc9-45228bd8f95e,Por que várias diretrizes deixaram de recomendar betabloqueadores como primeira escolha rotineira na hipertensão sem indicação adicional?,published,,,,Estudos/Base de Estudos/Biblioteca/Medicina/_anki/anki_hipertensao_sraa_anti-hipertensivos.json (migrado e convertido para múltipla escolha),authorial,provavel_independente,pending,"Fonte é banco de flashcards pessoal do usuário (anki_hipertensao_sraa...), indício de processo autoral independente — mas isso é indício de processo de criação, não prova documental de titularidade da redação. Sem atestação humana específica de direitos: rights_status=pending.",false,false,not_applicable,hold_rights,anki_pessoal,Farmacologia,"Fonte é banco de flashcards pessoal do usuário (anki_hipertensao_sraa...), indício de processo autoral independente — mas isso é indício de processo de criação, não prova documental de titularidade da redação. Sem atestação humana específica de direitos: rights_status=pending.","Obter atestação humana específica de titularidade/direitos (ou licença documentada) antes de liberação comercial; para os grupos com fonte curricular/institucional de terceiro, isso inclui validar essa fonte (autorização do docente/instituição ou reautoria preservando tema/competência)."
44b5b255-d968-482a-9986-496dd7eb8047,"O craniofaringioma adamantinomatoso, com origem na bolsa de Rathke, é descrito no material como:",published,,,,"Extração e Consolidação — LANCCILO (Tumores do Sistema Nervoso Central), Prof. Dr. Carlos Zicarelli, Disciplina de Neurocirurgia, LANCCILO/PUCPR — Slide 39 (IMG",authorial,provavel_com_dependencia_de_terceiro,pending,Fonte é extração/consolidação de material de liga/grupo acadêmico (LANCCILO) atribuído a um professor nomeado — direitos do material-fonte não documentados. Sem atestação humana de direitos.,false,false,not_applicable,hold_rights,extracao_compendio_LANCCILO,Neurocirurgia,Fonte é extração/consolidação de material de liga/grupo acadêmico (LANCCILO) atribuído a um professor nomeado — direitos do material-fonte não documentados. Sem atestação humana de direitos.,"Obter atestação humana específica de titularidade/direitos (ou licença documentada) antes de liberação comercial; para os grupos com fonte curricular/institucional de terceiro, isso inclui validar essa fonte (autorização do docente/instituição ou reautoria preservando tema/competência)."
15585cb6-5c20-4066-953d-7bbb2f8a8b38,"Homem de 58 anos com hipertensão, diabetes tipo 2 e relação albumina/creatinina urinária de 800 mg/g. Qual classe é preferencial e por qual ",published,,,,Estudos/Base de Estudos/Biblioteca/Medicina/_anki/anki_hipertensao_sraa_anti-hipertensivos.json (migrado e convertido para múltipla escolha),authorial,provavel_independente,pending,"Fonte é banco de flashcards pessoal do usuário (anki_hipertensao_sraa...), indício de processo autoral independente — mas isso é indício de processo de criação, não prova documental de titularidade da redação. Sem atestação humana específica de direitos: rights_status=pending.",false,false,not_applicable,hold_rights,anki_pessoal,Farmacologia,"Fonte é banco de flashcards pessoal do usuário (anki_hipertensao_sraa...), indício de processo autoral independente — mas isso é indício de processo de criação, não prova documental de titularidade da redação. Sem atestação humana específica de direitos: rights_status=pending.","Obter atestação humana específica de titularidade/direitos (ou licença documentada) antes de liberação comercial; para os grupos com fonte curricular/institucional de terceiro, isso inclui validar essa fonte (autorização do docente/instituição ou reautoria preservando tema/competência)."
5e42b456-9931-4317-92c9-bc6f9e7ca26f,As classes anti-hipertensivas convergem para dois denominadores finais comuns. Quais são eles e como isso fundamenta a lógica das combinaçõe,published,,,,Estudos/Base de Estudos/Biblioteca/Medicina/_anki/anki_hipertensao_sraa_anti-hipertensivos.json (migrado e convertido para múltipla escolha),authorial,provavel_independente,pending,"Fonte é banco de flashcards pessoal do usuário (anki_hipertensao_sraa...), indício de processo autoral independente — mas isso é indício de processo de criação, não prova documental de titularidade da redação. Sem atestação humana específica de direitos: rights_status=pending.",false,false,not_applicable,hold_rights,anki_pessoal,Farmacologia,"Fonte é banco de flashcards pessoal do usuário (anki_hipertensao_sraa...), indício de processo autoral independente — mas isso é indício de processo de criação, não prova documental de titularidade da redação. Sem atestação humana específica de direitos: rights_status=pending.","Obter atestação humana específica de titularidade/direitos (ou licença documentada) antes de liberação comercial; para os grupos com fonte curricular/institucional de terceiro, isso inclui validar essa fonte (autorização do docente/instituição ou reautoria preservando tema/competência)."
9bd05100-8b73-4d1e-85b3-660f6535d842,"O que significa afirmar que a hipertensão é uma doença de 'integral' e não de 'valor pontual', e qual é a implicação clínica dessa afirmação",published,,,,Estudos/Base de Estudos/Biblioteca/Medicina/_anki/anki_hipertensao_sraa_anti-hipertensivos.json (migrado e convertido para múltipla escolha),authorial,provavel_independente,pending,"Fonte é banco de flashcards pessoal do usuário (anki_hipertensao_sraa...), indício de processo autoral independente — mas isso é indício de processo de criação, não prova documental de titularidade da redação. Sem atestação humana específica de direitos: rights_status=pending.",false,false,not_applicable,hold_rights,anki_pessoal,Farmacologia,"Fonte é banco de flashcards pessoal do usuário (anki_hipertensao_sraa...), indício de processo autoral independente — mas isso é indício de processo de criação, não prova documental de titularidade da redação. Sem atestação humana específica de direitos: rights_status=pending.","Obter atestação humana específica de titularidade/direitos (ou licença documentada) antes de liberação comercial; para os grupos com fonte curricular/institucional de terceiro, isso inclui validar essa fonte (autorização do docente/instituição ou reautoria preservando tema/competência)."
c8c33e85-e2db-4bd2-9e63-becc73cc51af,"Do ponto de vista fisiológico, a insuficiência cardíaca é mais bem definida como qual tipo de anormalidade?",published,,,,Casos Clínicos/tutorial/Cardiologia/Caso 4.docx,authorial,provavel_com_dependencia_de_terceiro,pending,"Questão redigida pelo usuário, mas o caso/tutorial-fonte citado é material curricular da instituição de ensino (PUC), possivelmente de autoria de docente/curso — extensão de reuso verbatim do caso não auditada neste levantamento. Sem atestação humana de direitos.",false,false,not_applicable,hold_rights,curricular_PUC_tutorial_caso,Cardiologia,"Questão redigida pelo usuário, mas o caso/tutorial-fonte citado é material curricular da instituição de ensino (PUC), possivelmente de autoria de docente/curso — extensão de reuso verbatim do caso não auditada neste levantamento. Sem atestação humana de direitos.","Obter atestação humana específica de titularidade/direitos (ou licença documentada) antes de liberação comercial; para os grupos com fonte curricular/institucional de terceiro, isso inclui validar essa fonte (autorização do docente/instituição ou reautoria preservando tema/competência)."
1218adaa-7725-42e1-9402-77c9ad1d5800,O débito cardíaco é determinado pelo produto de quais duas variáveis principais?,published,,,,Casos Clínicos/tutorial/Cardiologia/Caso 4.docx,authorial,provavel_com_dependencia_de_terceiro,pending,"Questão redigida pelo usuário, mas o caso/tutorial-fonte citado é material curricular da instituição de ensino (PUC), possivelmente de autoria de docente/curso — extensão de reuso verbatim do caso não auditada neste levantamento. Sem atestação humana de direitos.",false,false,not_applicable,hold_rights,curricular_PUC_tutorial_caso,Cardiologia,"Questão redigida pelo usuário, mas o caso/tutorial-fonte citado é material curricular da instituição de ensino (PUC), possivelmente de autoria de docente/curso — extensão de reuso verbatim do caso não auditada neste levantamento. Sem atestação humana de direitos.","Obter atestação humana específica de titularidade/direitos (ou licença documentada) antes de liberação comercial; para os grupos com fonte curricular/institucional de terceiro, isso inclui validar essa fonte (autorização do docente/instituição ou reautoria preservando tema/competência)."
06d6d3ae-5d46-4aea-9491-1851ee64a319,Qual é o resultado final predominante dos efeitos da ativação crônica do sistema renina-angiotensina-aldosterona (SRAA) sobre a volemia e o ,published,,,,Casos Clínicos/tutorial/Cardiologia/Caso 4.docx,authorial,provavel_com_dependencia_de_terceiro,pending,"Questão redigida pelo usuário, mas o caso/tutorial-fonte citado é material curricular da instituição de ensino (PUC), possivelmente de autoria de docente/curso — extensão de reuso verbatim do caso não auditada neste levantamento. Sem atestação humana de direitos.",false,false,not_applicable,hold_rights,curricular_PUC_tutorial_caso,Cardiologia,"Questão redigida pelo usuário, mas o caso/tutorial-fonte citado é material curricular da instituição de ensino (PUC), possivelmente de autoria de docente/curso — extensão de reuso verbatim do caso não auditada neste levantamento. Sem atestação humana de direitos.","Obter atestação humana específica de titularidade/direitos (ou licença documentada) antes de liberação comercial; para os grupos com fonte curricular/institucional de terceiro, isso inclui validar essa fonte (autorização do docente/instituição ou reautoria preservando tema/competência)."
c84e3b85-016d-4038-9a12-71e28e08a6c1,"Paciente com infarto do miocárdio transmural extenso há alguns anos evolui, no seguimento ambulatorial, com queda progressiva da capacidade ",published,,,,Casos Clínicos/tutorial/Cardiologia/Caso 4.docx,authorial,provavel_com_dependencia_de_terceiro,pending,"Questão redigida pelo usuário, mas o caso/tutorial-fonte citado é material curricular da instituição de ensino (PUC), possivelmente de autoria de docente/curso — extensão de reuso verbatim do caso não auditada neste levantamento. Sem atestação humana de direitos.",false,false,not_applicable,hold_rights,curricular_PUC_tutorial_caso,Cardiologia,"Questão redigida pelo usuário, mas o caso/tutorial-fonte citado é material curricular da instituição de ensino (PUC), possivelmente de autoria de docente/curso — extensão de reuso verbatim do caso não auditada neste levantamento. Sem atestação humana de direitos.","Obter atestação humana específica de titularidade/direitos (ou licença documentada) antes de liberação comercial; para os grupos com fonte curricular/institucional de terceiro, isso inclui validar essa fonte (autorização do docente/instituição ou reautoria preservando tema/competência)."
a47c0920-ba2b-4bd6-bac9-cc26de6f293b,"Paciente com cardiopatia estrutural e sinais de congestão sistêmica apresenta, à ausculta cardíaca, ritmo de três tempos com som protodiastó",published,,,,Casos Clínicos/tutorial/Cardiologia/Caso 4.docx,authorial,provavel_com_dependencia_de_terceiro,pending,"Questão redigida pelo usuário, mas o caso/tutorial-fonte citado é material curricular da instituição de ensino (PUC), possivelmente de autoria de docente/curso — extensão de reuso verbatim do caso não auditada neste levantamento. Sem atestação humana de direitos.",false,false,not_applicable,hold_rights,curricular_PUC_tutorial_caso,Cardiologia,"Questão redigida pelo usuário, mas o caso/tutorial-fonte citado é material curricular da instituição de ensino (PUC), possivelmente de autoria de docente/curso — extensão de reuso verbatim do caso não auditada neste levantamento. Sem atestação humana de direitos.","Obter atestação humana específica de titularidade/direitos (ou licença documentada) antes de liberação comercial; para os grupos com fonte curricular/institucional de terceiro, isso inclui validar essa fonte (autorização do docente/instituição ou reautoria preservando tema/competência)."
9a488f31-05d0-4865-aac6-3fb9fe7b79d4,"Em países de alta renda, qual é a etiologia mais frequente de insuficiência cardíaca com fração de ejeção reduzida?",published,,,,Casos Clínicos/tutorial/Cardiologia/Caso 4.docx,authorial,provavel_com_dependencia_de_terceiro,pending,"Questão redigida pelo usuário, mas o caso/tutorial-fonte citado é material curricular da instituição de ensino (PUC), possivelmente de autoria de docente/curso — extensão de reuso verbatim do caso não auditada neste levantamento. Sem atestação humana de direitos.",false,false,not_applicable,hold_rights,curricular_PUC_tutorial_caso,Cardiologia,"Questão redigida pelo usuário, mas o caso/tutorial-fonte citado é material curricular da instituição de ensino (PUC), possivelmente de autoria de docente/curso — extensão de reuso verbatim do caso não auditada neste levantamento. Sem atestação humana de direitos.","Obter atestação humana específica de titularidade/direitos (ou licença documentada) antes de liberação comercial; para os grupos com fonte curricular/institucional de terceiro, isso inclui validar essa fonte (autorização do docente/instituição ou reautoria preservando tema/competência)."
9d308c1d-69a3-4152-91bb-2637b5531856,"Paciente com hipertensão arterial sistêmica, diabetes mellitus tipo 2, tabagismo importante e infarto do miocárdio prévio desenvolve insufic",published,,,,Casos Clínicos/tutorial/Cardiologia/Caso 4.docx,authorial,provavel_com_dependencia_de_terceiro,pending,"Questão redigida pelo usuário, mas o caso/tutorial-fonte citado é material curricular da instituição de ensino (PUC), possivelmente de autoria de docente/curso — extensão de reuso verbatim do caso não auditada neste levantamento. Sem atestação humana de direitos.",false,false,not_applicable,hold_rights,curricular_PUC_tutorial_caso,Cardiologia,"Questão redigida pelo usuário, mas o caso/tutorial-fonte citado é material curricular da instituição de ensino (PUC), possivelmente de autoria de docente/curso — extensão de reuso verbatim do caso não auditada neste levantamento. Sem atestação humana de direitos.","Obter atestação humana específica de titularidade/direitos (ou licença documentada) antes de liberação comercial; para os grupos com fonte curricular/institucional de terceiro, isso inclui validar essa fonte (autorização do docente/instituição ou reautoria preservando tema/competência)."
06a70d1b-1574-41d0-ad71-2d9e90ca9cb8,"Paciente com insuficiência cardíaca relata dispneia que evoluiu, ao longo de meses, de surgir apenas em grandes esforços (subir escadas) par",published,,,,Casos Clínicos/tutorial/Cardiologia/Caso 4.docx,authorial,provavel_com_dependencia_de_terceiro,pending,"Questão redigida pelo usuário, mas o caso/tutorial-fonte citado é material curricular da instituição de ensino (PUC), possivelmente de autoria de docente/curso — extensão de reuso verbatim do caso não auditada neste levantamento. Sem atestação humana de direitos.",false,false,not_applicable,hold_rights,curricular_PUC_tutorial_caso,Cardiologia,"Questão redigida pelo usuário, mas o caso/tutorial-fonte citado é material curricular da instituição de ensino (PUC), possivelmente de autoria de docente/curso — extensão de reuso verbatim do caso não auditada neste levantamento. Sem atestação humana de direitos.","Obter atestação humana específica de titularidade/direitos (ou licença documentada) antes de liberação comercial; para os grupos com fonte curricular/institucional de terceiro, isso inclui validar essa fonte (autorização do docente/instituição ou reautoria preservando tema/competência)."
685c4676-3574-4371-be91-31ee4e3843a1,"O paciente necessitava de três travesseiros para respirar confortavelmente e acordava à noite com falta de ar. Como se chamam, respectivamen",published,,,,Casos Clínicos/tutorial/Cardiologia/Caso 4.docx,authorial,provavel_com_dependencia_de_terceiro,pending,"Questão redigida pelo usuário, mas o caso/tutorial-fonte citado é material curricular da instituição de ensino (PUC), possivelmente de autoria de docente/curso — extensão de reuso verbatim do caso não auditada neste levantamento. Sem atestação humana de direitos.",false,false,not_applicable,hold_rights,curricular_PUC_tutorial_caso,Cardiologia,"Questão redigida pelo usuário, mas o caso/tutorial-fonte citado é material curricular da instituição de ensino (PUC), possivelmente de autoria de docente/curso — extensão de reuso verbatim do caso não auditada neste levantamento. Sem atestação humana de direitos.","Obter atestação humana específica de titularidade/direitos (ou licença documentada) antes de liberação comercial; para os grupos com fonte curricular/institucional de terceiro, isso inclui validar essa fonte (autorização do docente/instituição ou reautoria preservando tema/competência)."
ca27f902-e4c4-4988-b7aa-2e71dddf116d,"O exame físico revelou veia jugular túrgida, visível em decúbito a 45 graus. O que esse achado indica clinicamente?",published,,,,Casos Clínicos/tutorial/Cardiologia/Caso 4.docx,authorial,provavel_com_dependencia_de_terceiro,pending,"Questão redigida pelo usuário, mas o caso/tutorial-fonte citado é material curricular da instituição de ensino (PUC), possivelmente de autoria de docente/curso — extensão de reuso verbatim do caso não auditada neste levantamento. Sem atestação humana de direitos.",false,false,not_applicable,hold_rights,curricular_PUC_tutorial_caso,Cardiologia,"Questão redigida pelo usuário, mas o caso/tutorial-fonte citado é material curricular da instituição de ensino (PUC), possivelmente de autoria de docente/curso — extensão de reuso verbatim do caso não auditada neste levantamento. Sem atestação humana de direitos.","Obter atestação humana específica de titularidade/direitos (ou licença documentada) antes de liberação comercial; para os grupos com fonte curricular/institucional de terceiro, isso inclui validar essa fonte (autorização do docente/instituição ou reautoria preservando tema/competência)."
47f2b59c-5c51-4f90-bff0-22719cd85bc2,"A ressonância magnética abaixo mostra, em um adulto, uma lesão intra-axial infiltrativa com necrose central, realce em anel espesso e edema ",published,,,,"Extração e Consolidação — LANCCILO (Tumores do Sistema Nervoso Central), Prof. Dr. Carlos Zicarelli, Disciplina de Neurocirurgia, LANCCILO/PUCPR — Slides 17, 19",authorial,provavel_com_dependencia_de_terceiro,pending,Fonte é extração/consolidação de material de liga/grupo acadêmico (LANCCILO) atribuído a um professor nomeado — direitos do material-fonte não documentados. Sem atestação humana de direitos.,false,false,not_applicable,hold_rights,extracao_compendio_LANCCILO,Neurocirurgia,Fonte é extração/consolidação de material de liga/grupo acadêmico (LANCCILO) atribuído a um professor nomeado — direitos do material-fonte não documentados. Sem atestação humana de direitos.,"Obter atestação humana específica de titularidade/direitos (ou licença documentada) antes de liberação comercial; para os grupos com fonte curricular/institucional de terceiro, isso inclui validar essa fonte (autorização do docente/instituição ou reautoria preservando tema/competência)."
7bba0645-2a1c-4ba5-9870-8536c0e12b2c,"O sistema de estágios da insuficiência cardíaca proposto pelo American College of Cardiology/American Heart Association (ACC/AHA), que vai d",published,,,,Casos Clínicos/tutorial/Cardiologia/Caso 4.docx,authorial,provavel_com_dependencia_de_terceiro,pending,"Questão redigida pelo usuário, mas o caso/tutorial-fonte citado é material curricular da instituição de ensino (PUC), possivelmente de autoria de docente/curso — extensão de reuso verbatim do caso não auditada neste levantamento. Sem atestação humana de direitos.",false,false,not_applicable,hold_rights,curricular_PUC_tutorial_caso,Cardiologia,"Questão redigida pelo usuário, mas o caso/tutorial-fonte citado é material curricular da instituição de ensino (PUC), possivelmente de autoria de docente/curso — extensão de reuso verbatim do caso não auditada neste levantamento. Sem atestação humana de direitos.","Obter atestação humana específica de titularidade/direitos (ou licença documentada) antes de liberação comercial; para os grupos com fonte curricular/institucional de terceiro, isso inclui validar essa fonte (autorização do docente/instituição ou reautoria preservando tema/competência)."
eeedcebf-daef-49bb-8841-dde028b701a5,Como a terminologia atual classifica os pacientes com insuficiência cardíaca de acordo com a fração de ejeção do ventrículo esquerdo (FEVE)?,published,,,,Casos Clínicos/tutorial/Cardiologia/Caso 4.docx,authorial,provavel_com_dependencia_de_terceiro,pending,"Questão redigida pelo usuário, mas o caso/tutorial-fonte citado é material curricular da instituição de ensino (PUC), possivelmente de autoria de docente/curso — extensão de reuso verbatim do caso não auditada neste levantamento. Sem atestação humana de direitos.",false,false,not_applicable,hold_rights,curricular_PUC_tutorial_caso,Cardiologia,"Questão redigida pelo usuário, mas o caso/tutorial-fonte citado é material curricular da instituição de ensino (PUC), possivelmente de autoria de docente/curso — extensão de reuso verbatim do caso não auditada neste levantamento. Sem atestação humana de direitos.","Obter atestação humana específica de titularidade/direitos (ou licença documentada) antes de liberação comercial; para os grupos com fonte curricular/institucional de terceiro, isso inclui validar essa fonte (autorização do docente/instituição ou reautoria preservando tema/competência)."
1782d2de-735b-4ded-bf74-87df5cfc3fad,"Paciente com provável cardiomiopatia dilatada apresenta, à ausculta, sopro holossistólico em foco mitral irradiado para a axila esquerda, as",published,,,,Casos Clínicos/tutorial/Cardiologia/Caso 4.docx,authorial,provavel_com_dependencia_de_terceiro,pending,"Questão redigida pelo usuário, mas o caso/tutorial-fonte citado é material curricular da instituição de ensino (PUC), possivelmente de autoria de docente/curso — extensão de reuso verbatim do caso não auditada neste levantamento. Sem atestação humana de direitos.",false,false,not_applicable,hold_rights,curricular_PUC_tutorial_caso,Cardiologia,"Questão redigida pelo usuário, mas o caso/tutorial-fonte citado é material curricular da instituição de ensino (PUC), possivelmente de autoria de docente/curso — extensão de reuso verbatim do caso não auditada neste levantamento. Sem atestação humana de direitos.","Obter atestação humana específica de titularidade/direitos (ou licença documentada) antes de liberação comercial; para os grupos com fonte curricular/institucional de terceiro, isso inclui validar essa fonte (autorização do docente/instituição ou reautoria preservando tema/competência)."
9f137a2e-4008-42a0-89f3-9b550f9da646,Como é mais bem descrita a relação fisiopatológica entre fibrilação atrial (FA) e insuficiência cardíaca (IC) quando as duas condições coexi,published,,,,Casos Clínicos/tutorial/Cardiologia/Caso 4.docx,authorial,provavel_com_dependencia_de_terceiro,pending,"Questão redigida pelo usuário, mas o caso/tutorial-fonte citado é material curricular da instituição de ensino (PUC), possivelmente de autoria de docente/curso — extensão de reuso verbatim do caso não auditada neste levantamento. Sem atestação humana de direitos.",false,false,not_applicable,hold_rights,curricular_PUC_tutorial_caso,Cardiologia,"Questão redigida pelo usuário, mas o caso/tutorial-fonte citado é material curricular da instituição de ensino (PUC), possivelmente de autoria de docente/curso — extensão de reuso verbatim do caso não auditada neste levantamento. Sem atestação humana de direitos.","Obter atestação humana específica de titularidade/direitos (ou licença documentada) antes de liberação comercial; para os grupos com fonte curricular/institucional de terceiro, isso inclui validar essa fonte (autorização do docente/instituição ou reautoria preservando tema/competência)."
02afb4c4-8d51-4b97-b014-96c76fb95681,Paciente com insuficiência cardíaca e fração de ejeção reduzida apresenta ao eletrocardiograma complexo QRS alargado (≥150 ms) com morfologi,published,,,,Casos Clínicos/tutorial/Cardiologia/Caso 4.docx,authorial,provavel_com_dependencia_de_terceiro,pending,"Questão redigida pelo usuário, mas o caso/tutorial-fonte citado é material curricular da instituição de ensino (PUC), possivelmente de autoria de docente/curso — extensão de reuso verbatim do caso não auditada neste levantamento. Sem atestação humana de direitos.",false,false,not_applicable,hold_rights,curricular_PUC_tutorial_caso,Cardiologia,"Questão redigida pelo usuário, mas o caso/tutorial-fonte citado é material curricular da instituição de ensino (PUC), possivelmente de autoria de docente/curso — extensão de reuso verbatim do caso não auditada neste levantamento. Sem atestação humana de direitos.","Obter atestação humana específica de titularidade/direitos (ou licença documentada) antes de liberação comercial; para os grupos com fonte curricular/institucional de terceiro, isso inclui validar essa fonte (autorização do docente/instituição ou reautoria preservando tema/competência)."
5367bd49-9330-4a83-a1a2-ab5556cd1f40,Paciente em avaliação para insuficiência cardíaca apresenta ao exame físico turgência jugular patológica a 45 graus e terceira bulha cardíac,published,,,,Casos Clínicos/tutorial/Cardiologia/Caso 4.docx,authorial,provavel_com_dependencia_de_terceiro,pending,"Questão redigida pelo usuário, mas o caso/tutorial-fonte citado é material curricular da instituição de ensino (PUC), possivelmente de autoria de docente/curso — extensão de reuso verbatim do caso não auditada neste levantamento. Sem atestação humana de direitos.",false,false,not_applicable,hold_rights,curricular_PUC_tutorial_caso,Cardiologia,"Questão redigida pelo usuário, mas o caso/tutorial-fonte citado é material curricular da instituição de ensino (PUC), possivelmente de autoria de docente/curso — extensão de reuso verbatim do caso não auditada neste levantamento. Sem atestação humana de direitos.","Obter atestação humana específica de titularidade/direitos (ou licença documentada) antes de liberação comercial; para os grupos com fonte curricular/institucional de terceiro, isso inclui validar essa fonte (autorização do docente/instituição ou reautoria preservando tema/competência)."
561026b7-c5cc-499b-9d6f-2b3f5376c94d,"Paciente com dispneia progressiva aos esforços apresenta também ortopneia, dispneia paroxística noturna, turgência jugular patológica, terce",published,,,,Casos Clínicos/tutorial/Cardiologia/Caso 4.docx,authorial,provavel_com_dependencia_de_terceiro,pending,"Questão redigida pelo usuário, mas o caso/tutorial-fonte citado é material curricular da instituição de ensino (PUC), possivelmente de autoria de docente/curso — extensão de reuso verbatim do caso não auditada neste levantamento. Sem atestação humana de direitos.",false,false,not_applicable,hold_rights,curricular_PUC_tutorial_caso,Cardiologia,"Questão redigida pelo usuário, mas o caso/tutorial-fonte citado é material curricular da instituição de ensino (PUC), possivelmente de autoria de docente/curso — extensão de reuso verbatim do caso não auditada neste levantamento. Sem atestação humana de direitos.","Obter atestação humana específica de titularidade/direitos (ou licença documentada) antes de liberação comercial; para os grupos com fonte curricular/institucional de terceiro, isso inclui validar essa fonte (autorização do docente/instituição ou reautoria preservando tema/competência)."
190c3f44-6d62-4896-9e18-5629a9c37e94,Qual é a principal utilidade clínica da dosagem de peptídeos natriuréticos (BNP ou NT-proBNP) na avaliação de um paciente com suspeita de in,published,,,,Casos Clínicos/tutorial/Cardiologia/Caso 4.docx,authorial,provavel_com_dependencia_de_terceiro,pending,"Questão redigida pelo usuário, mas o caso/tutorial-fonte citado é material curricular da instituição de ensino (PUC), possivelmente de autoria de docente/curso — extensão de reuso verbatim do caso não auditada neste levantamento. Sem atestação humana de direitos.",false,false,not_applicable,hold_rights,curricular_PUC_tutorial_caso,Cardiologia,"Questão redigida pelo usuário, mas o caso/tutorial-fonte citado é material curricular da instituição de ensino (PUC), possivelmente de autoria de docente/curso — extensão de reuso verbatim do caso não auditada neste levantamento. Sem atestação humana de direitos.","Obter atestação humana específica de titularidade/direitos (ou licença documentada) antes de liberação comercial; para os grupos com fonte curricular/institucional de terceiro, isso inclui validar essa fonte (autorização do docente/instituição ou reautoria preservando tema/competência)."
bde71269-ef01-464e-99b6-657a624177a6,Qual é o papel central do ecocardiograma transtorácico na avaliação inicial de um paciente com suspeita clínica de insuficiência cardíaca?,published,,,,Casos Clínicos/tutorial/Cardiologia/Caso 4.docx,authorial,provavel_com_dependencia_de_terceiro,pending,"Questão redigida pelo usuário, mas o caso/tutorial-fonte citado é material curricular da instituição de ensino (PUC), possivelmente de autoria de docente/curso — extensão de reuso verbatim do caso não auditada neste levantamento. Sem atestação humana de direitos.",false,false,not_applicable,hold_rights,curricular_PUC_tutorial_caso,Cardiologia,"Questão redigida pelo usuário, mas o caso/tutorial-fonte citado é material curricular da instituição de ensino (PUC), possivelmente de autoria de docente/curso — extensão de reuso verbatim do caso não auditada neste levantamento. Sem atestação humana de direitos.","Obter atestação humana específica de titularidade/direitos (ou licença documentada) antes de liberação comercial; para os grupos com fonte curricular/institucional de terceiro, isso inclui validar essa fonte (autorização do docente/instituição ou reautoria preservando tema/competência)."
e25ffe2c-ccdf-4a5b-894e-b106f932c219,"Em um paciente com insuficiência cardíaca descompensada e sinais de congestão sistêmica, quais achados são tipicamente esperados em uma radi",published,,,,Casos Clínicos/tutorial/Cardiologia/Caso 4.docx,authorial,provavel_com_dependencia_de_terceiro,pending,"Questão redigida pelo usuário, mas o caso/tutorial-fonte citado é material curricular da instituição de ensino (PUC), possivelmente de autoria de docente/curso — extensão de reuso verbatim do caso não auditada neste levantamento. Sem atestação humana de direitos.",false,false,not_applicable,hold_rights,curricular_PUC_tutorial_caso,Cardiologia,"Questão redigida pelo usuário, mas o caso/tutorial-fonte citado é material curricular da instituição de ensino (PUC), possivelmente de autoria de docente/curso — extensão de reuso verbatim do caso não auditada neste levantamento. Sem atestação humana de direitos.","Obter atestação humana específica de titularidade/direitos (ou licença documentada) antes de liberação comercial; para os grupos com fonte curricular/institucional de terceiro, isso inclui validar essa fonte (autorização do docente/instituição ou reautoria preservando tema/competência)."
ffc514c0-e792-4991-9eb7-f9a81480b013,Paciente com insuficiência cardíaca apresenta ao eletrocardiograma ritmo de fibrilação atrial associado a QRS alargado com morfologia de blo,published,,,,Casos Clínicos/tutorial/Cardiologia/Caso 4.docx,authorial,provavel_com_dependencia_de_terceiro,pending,"Questão redigida pelo usuário, mas o caso/tutorial-fonte citado é material curricular da instituição de ensino (PUC), possivelmente de autoria de docente/curso — extensão de reuso verbatim do caso não auditada neste levantamento. Sem atestação humana de direitos.",false,false,not_applicable,hold_rights,curricular_PUC_tutorial_caso,Cardiologia,"Questão redigida pelo usuário, mas o caso/tutorial-fonte citado é material curricular da instituição de ensino (PUC), possivelmente de autoria de docente/curso — extensão de reuso verbatim do caso não auditada neste levantamento. Sem atestação humana de direitos.","Obter atestação humana específica de titularidade/direitos (ou licença documentada) antes de liberação comercial; para os grupos com fonte curricular/institucional de terceiro, isso inclui validar essa fonte (autorização do docente/instituição ou reautoria preservando tema/competência)."
3b6f7124-4f18-4e13-9510-ca2e0824f308,"Paciente em uso irregular de furosemida, digoxina, enalapril e metformina será submetido a ajuste da terapia farmacológica para insuficiênci",published,,,,Casos Clínicos/tutorial/Cardiologia/Caso 4.docx,authorial,provavel_com_dependencia_de_terceiro,pending,"Questão redigida pelo usuário, mas o caso/tutorial-fonte citado é material curricular da instituição de ensino (PUC), possivelmente de autoria de docente/curso — extensão de reuso verbatim do caso não auditada neste levantamento. Sem atestação humana de direitos.",false,false,not_applicable,hold_rights,curricular_PUC_tutorial_caso,Cardiologia,"Questão redigida pelo usuário, mas o caso/tutorial-fonte citado é material curricular da instituição de ensino (PUC), possivelmente de autoria de docente/curso — extensão de reuso verbatim do caso não auditada neste levantamento. Sem atestação humana de direitos.","Obter atestação humana específica de titularidade/direitos (ou licença documentada) antes de liberação comercial; para os grupos com fonte curricular/institucional de terceiro, isso inclui validar essa fonte (autorização do docente/instituição ou reautoria preservando tema/competência)."
b0ae9538-7fa5-4b25-9e3f-594fe1700e6c,Paciente com provável cardiomiopatia dilatada apresenta sopro holossistólico em foco mitral ao exame físico. O ecocardiograma é solicitado p,published,,,,Casos Clínicos/tutorial/Cardiologia/Caso 4.docx,authorial,provavel_com_dependencia_de_terceiro,pending,"Questão redigida pelo usuário, mas o caso/tutorial-fonte citado é material curricular da instituição de ensino (PUC), possivelmente de autoria de docente/curso — extensão de reuso verbatim do caso não auditada neste levantamento. Sem atestação humana de direitos.",false,false,not_applicable,hold_rights,curricular_PUC_tutorial_caso,Cardiologia,"Questão redigida pelo usuário, mas o caso/tutorial-fonte citado é material curricular da instituição de ensino (PUC), possivelmente de autoria de docente/curso — extensão de reuso verbatim do caso não auditada neste levantamento. Sem atestação humana de direitos.","Obter atestação humana específica de titularidade/direitos (ou licença documentada) antes de liberação comercial; para os grupos com fonte curricular/institucional de terceiro, isso inclui validar essa fonte (autorização do docente/instituição ou reautoria preservando tema/competência)."
0c96a4c1-2bbc-4632-9237-364067e6cca6,"Paciente com insuficiência cardíaca com fração de ejeção reduzida sintomática, já em uso de IECA, inicia espironolactona (antagonista do rec",published,,,,Casos Clínicos/tutorial/Cardiologia/Caso 4.docx,authorial,provavel_com_dependencia_de_terceiro,pending,"Questão redigida pelo usuário, mas o caso/tutorial-fonte citado é material curricular da instituição de ensino (PUC), possivelmente de autoria de docente/curso — extensão de reuso verbatim do caso não auditada neste levantamento. Sem atestação humana de direitos.",false,false,not_applicable,hold_rights,curricular_PUC_tutorial_caso,Cardiologia,"Questão redigida pelo usuário, mas o caso/tutorial-fonte citado é material curricular da instituição de ensino (PUC), possivelmente de autoria de docente/curso — extensão de reuso verbatim do caso não auditada neste levantamento. Sem atestação humana de direitos.","Obter atestação humana específica de titularidade/direitos (ou licença documentada) antes de liberação comercial; para os grupos com fonte curricular/institucional de terceiro, isso inclui validar essa fonte (autorização do docente/instituição ou reautoria preservando tema/competência)."
6b63c0ba-dc11-4b2e-bdcc-8afa502f9572,"Qual é o principal objetivo terapêutico do uso de diuréticos de alça, como a furosemida já prescrita ao paciente, no manejo da insuficiência",published,,,,Casos Clínicos/tutorial/Cardiologia/Caso 4.docx,authorial,provavel_com_dependencia_de_terceiro,pending,"Questão redigida pelo usuário, mas o caso/tutorial-fonte citado é material curricular da instituição de ensino (PUC), possivelmente de autoria de docente/curso — extensão de reuso verbatim do caso não auditada neste levantamento. Sem atestação humana de direitos.",false,false,not_applicable,hold_rights,curricular_PUC_tutorial_caso,Cardiologia,"Questão redigida pelo usuário, mas o caso/tutorial-fonte citado é material curricular da instituição de ensino (PUC), possivelmente de autoria de docente/curso — extensão de reuso verbatim do caso não auditada neste levantamento. Sem atestação humana de direitos.","Obter atestação humana específica de titularidade/direitos (ou licença documentada) antes de liberação comercial; para os grupos com fonte curricular/institucional de terceiro, isso inclui validar essa fonte (autorização do docente/instituição ou reautoria preservando tema/competência)."
507053a8-d57d-49db-9931-5011c7d939d2,"Paciente com insuficiência cardíaca e fibrilação atrial está em uso irregular de digoxina, sem controle rigoroso de doses e intervalos. Ness",published,,,,Casos Clínicos/tutorial/Cardiologia/Caso 4.docx,authorial,provavel_com_dependencia_de_terceiro,pending,"Questão redigida pelo usuário, mas o caso/tutorial-fonte citado é material curricular da instituição de ensino (PUC), possivelmente de autoria de docente/curso — extensão de reuso verbatim do caso não auditada neste levantamento. Sem atestação humana de direitos.",false,false,not_applicable,hold_rights,curricular_PUC_tutorial_caso,Cardiologia,"Questão redigida pelo usuário, mas o caso/tutorial-fonte citado é material curricular da instituição de ensino (PUC), possivelmente de autoria de docente/curso — extensão de reuso verbatim do caso não auditada neste levantamento. Sem atestação humana de direitos.","Obter atestação humana específica de titularidade/direitos (ou licença documentada) antes de liberação comercial; para os grupos com fonte curricular/institucional de terceiro, isso inclui validar essa fonte (autorização do docente/instituição ou reautoria preservando tema/competência)."
ea247c8a-88c4-4514-9845-e02d2cdaba03,"Paciente de 66 anos, hipertenso e diabético tipo 2, apresenta fibrilação atrial identificada ao eletrocardiograma. Qual conduta relacionada ",published,,,,Casos Clínicos/tutorial/Cardiologia/Caso 4.docx,authorial,provavel_com_dependencia_de_terceiro,pending,"Questão redigida pelo usuário, mas o caso/tutorial-fonte citado é material curricular da instituição de ensino (PUC), possivelmente de autoria de docente/curso — extensão de reuso verbatim do caso não auditada neste levantamento. Sem atestação humana de direitos.",false,false,not_applicable,hold_rights,curricular_PUC_tutorial_caso,Cardiologia,"Questão redigida pelo usuário, mas o caso/tutorial-fonte citado é material curricular da instituição de ensino (PUC), possivelmente de autoria de docente/curso — extensão de reuso verbatim do caso não auditada neste levantamento. Sem atestação humana de direitos.","Obter atestação humana específica de titularidade/direitos (ou licença documentada) antes de liberação comercial; para os grupos com fonte curricular/institucional de terceiro, isso inclui validar essa fonte (autorização do docente/instituição ou reautoria preservando tema/competência)."
cab4aac8-c62a-4219-8d19-9efc1f034ef3,Paciente com insuficiência cardíaca congestiva apresenta redução do murmúrio vesicular na base pulmonar direita ao exame físico. Na correlaç,published,,,,Casos Clínicos/tutorial/Cardiologia/Caso 4.docx,authorial,provavel_com_dependencia_de_terceiro,pending,"Questão redigida pelo usuário, mas o caso/tutorial-fonte citado é material curricular da instituição de ensino (PUC), possivelmente de autoria de docente/curso — extensão de reuso verbatim do caso não auditada neste levantamento. Sem atestação humana de direitos.",false,false,not_applicable,hold_rights,curricular_PUC_tutorial_caso,Cardiologia,"Questão redigida pelo usuário, mas o caso/tutorial-fonte citado é material curricular da instituição de ensino (PUC), possivelmente de autoria de docente/curso — extensão de reuso verbatim do caso não auditada neste levantamento. Sem atestação humana de direitos.","Obter atestação humana específica de titularidade/direitos (ou licença documentada) antes de liberação comercial; para os grupos com fonte curricular/institucional de terceiro, isso inclui validar essa fonte (autorização do docente/instituição ou reautoria preservando tema/competência)."
b44d9be8-7784-481e-ba59-8ae486173227,Paciente com insuficiência cardíaca com fração de ejeção reduzida está em uso irregular de enalapril. Qual é o principal benefício esperado ,published,,,,Casos Clínicos/tutorial/Cardiologia/Caso 4.docx,authorial,provavel_com_dependencia_de_terceiro,pending,"Questão redigida pelo usuário, mas o caso/tutorial-fonte citado é material curricular da instituição de ensino (PUC), possivelmente de autoria de docente/curso — extensão de reuso verbatim do caso não auditada neste levantamento. Sem atestação humana de direitos.",false,false,not_applicable,hold_rights,curricular_PUC_tutorial_caso,Cardiologia,"Questão redigida pelo usuário, mas o caso/tutorial-fonte citado é material curricular da instituição de ensino (PUC), possivelmente de autoria de docente/curso — extensão de reuso verbatim do caso não auditada neste levantamento. Sem atestação humana de direitos.","Obter atestação humana específica de titularidade/direitos (ou licença documentada) antes de liberação comercial; para os grupos com fonte curricular/institucional de terceiro, isso inclui validar essa fonte (autorização do docente/instituição ou reautoria preservando tema/competência)."
119e3fc4-8bc5-4a89-a3c5-6daecdb71c12,"Em um paciente com insuficiência cardíaca com fração de ejeção reduzida, clinicamente estável e sem sinais de congestão aguda, qual é o pape",published,,,,Casos Clínicos/tutorial/Cardiologia/Caso 4.docx,authorial,provavel_com_dependencia_de_terceiro,pending,"Questão redigida pelo usuário, mas o caso/tutorial-fonte citado é material curricular da instituição de ensino (PUC), possivelmente de autoria de docente/curso — extensão de reuso verbatim do caso não auditada neste levantamento. Sem atestação humana de direitos.",false,false,not_applicable,hold_rights,curricular_PUC_tutorial_caso,Cardiologia,"Questão redigida pelo usuário, mas o caso/tutorial-fonte citado é material curricular da instituição de ensino (PUC), possivelmente de autoria de docente/curso — extensão de reuso verbatim do caso não auditada neste levantamento. Sem atestação humana de direitos.","Obter atestação humana específica de titularidade/direitos (ou licença documentada) antes de liberação comercial; para os grupos com fonte curricular/institucional de terceiro, isso inclui validar essa fonte (autorização do docente/instituição ou reautoria preservando tema/competência)."
c4c81725-9501-4fb0-8421-5a201d25d152,"Paciente com insuficiência cardíaca e sinais de congestão sistêmica, em uso irregular da medicação prescrita, é orientado sobre medidas não ",published,,,,Casos Clínicos/tutorial/Cardiologia/Caso 4.docx,authorial,provavel_com_dependencia_de_terceiro,pending,"Questão redigida pelo usuário, mas o caso/tutorial-fonte citado é material curricular da instituição de ensino (PUC), possivelmente de autoria de docente/curso — extensão de reuso verbatim do caso não auditada neste levantamento. Sem atestação humana de direitos.",false,false,not_applicable,hold_rights,curricular_PUC_tutorial_caso,Cardiologia,"Questão redigida pelo usuário, mas o caso/tutorial-fonte citado é material curricular da instituição de ensino (PUC), possivelmente de autoria de docente/curso — extensão de reuso verbatim do caso não auditada neste levantamento. Sem atestação humana de direitos.","Obter atestação humana específica de titularidade/direitos (ou licença documentada) antes de liberação comercial; para os grupos com fonte curricular/institucional de terceiro, isso inclui validar essa fonte (autorização do docente/instituição ou reautoria preservando tema/competência)."
c3837f96-862b-4fc1-9cb3-54c1a67fbbba,"Paciente com insuficiência cardíaca sintomática, fração de ejeção reduzida e bloqueio de ramo esquerdo com QRS alargado (≥150 ms) ao ECG é e",published,,,,Casos Clínicos/tutorial/Cardiologia/Caso 4.docx,authorial,provavel_com_dependencia_de_terceiro,pending,"Questão redigida pelo usuário, mas o caso/tutorial-fonte citado é material curricular da instituição de ensino (PUC), possivelmente de autoria de docente/curso — extensão de reuso verbatim do caso não auditada neste levantamento. Sem atestação humana de direitos.",false,false,not_applicable,hold_rights,curricular_PUC_tutorial_caso,Cardiologia,"Questão redigida pelo usuário, mas o caso/tutorial-fonte citado é material curricular da instituição de ensino (PUC), possivelmente de autoria de docente/curso — extensão de reuso verbatim do caso não auditada neste levantamento. Sem atestação humana de direitos.","Obter atestação humana específica de titularidade/direitos (ou licença documentada) antes de liberação comercial; para os grupos com fonte curricular/institucional de terceiro, isso inclui validar essa fonte (autorização do docente/instituição ou reautoria preservando tema/competência)."
485d1e36-8cab-42da-b3ca-31ac3e7ae4f4,"Paciente com insuficiência cardíaca crônica relata uso irregular de furosemida, digoxina, enalapril e metformina, sem saber informar correta",published,,,,Casos Clínicos/tutorial/Cardiologia/Caso 4.docx,authorial,provavel_com_dependencia_de_terceiro,pending,"Questão redigida pelo usuário, mas o caso/tutorial-fonte citado é material curricular da instituição de ensino (PUC), possivelmente de autoria de docente/curso — extensão de reuso verbatim do caso não auditada neste levantamento. Sem atestação humana de direitos.",false,false,not_applicable,hold_rights,curricular_PUC_tutorial_caso,Cardiologia,"Questão redigida pelo usuário, mas o caso/tutorial-fonte citado é material curricular da instituição de ensino (PUC), possivelmente de autoria de docente/curso — extensão de reuso verbatim do caso não auditada neste levantamento. Sem atestação humana de direitos.","Obter atestação humana específica de titularidade/direitos (ou licença documentada) antes de liberação comercial; para os grupos com fonte curricular/institucional de terceiro, isso inclui validar essa fonte (autorização do docente/instituição ou reautoria preservando tema/competência)."
ad0ced36-72bb-41e7-8c6e-528ef11f8ad7,"Paciente com internação prévia por infarto do miocárdio, hipertensão arterial, diabetes mellitus tipo 2 e tabagismo evolui com sinais de dis",published,,,,Casos Clínicos/tutorial/Cardiologia/Caso 4.docx,authorial,provavel_com_dependencia_de_terceiro,pending,"Questão redigida pelo usuário, mas o caso/tutorial-fonte citado é material curricular da instituição de ensino (PUC), possivelmente de autoria de docente/curso — extensão de reuso verbatim do caso não auditada neste levantamento. Sem atestação humana de direitos.",false,false,not_applicable,hold_rights,curricular_PUC_tutorial_caso,Cardiologia,"Questão redigida pelo usuário, mas o caso/tutorial-fonte citado é material curricular da instituição de ensino (PUC), possivelmente de autoria de docente/curso — extensão de reuso verbatim do caso não auditada neste levantamento. Sem atestação humana de direitos.","Obter atestação humana específica de titularidade/direitos (ou licença documentada) antes de liberação comercial; para os grupos com fonte curricular/institucional de terceiro, isso inclui validar essa fonte (autorização do docente/instituição ou reautoria preservando tema/competência)."
c8b335a9-8100-4db6-a497-3b9bba1646e7,"Paciente com provável cardiomiopatia dilatada apresenta sopro holossistólico apical irradiado para axila, B1 hipofonética e ecocardiograma m",published,,,,Casos Clínicos/tutorial/Cardiologia/Caso 4.docx,authorial,provavel_com_dependencia_de_terceiro,pending,"Questão redigida pelo usuário, mas o caso/tutorial-fonte citado é material curricular da instituição de ensino (PUC), possivelmente de autoria de docente/curso — extensão de reuso verbatim do caso não auditada neste levantamento. Sem atestação humana de direitos.",false,false,not_applicable,hold_rights,curricular_PUC_tutorial_caso,Cardiologia,"Questão redigida pelo usuário, mas o caso/tutorial-fonte citado é material curricular da instituição de ensino (PUC), possivelmente de autoria de docente/curso — extensão de reuso verbatim do caso não auditada neste levantamento. Sem atestação humana de direitos.","Obter atestação humana específica de titularidade/direitos (ou licença documentada) antes de liberação comercial; para os grupos com fonte curricular/institucional de terceiro, isso inclui validar essa fonte (autorização do docente/instituição ou reautoria preservando tema/competência)."
d12ec188-8954-4ff9-a06b-6cedd95abb31,Paciente com insuficiência cardíaca apresenta simultaneamente fibrilação atrial e bloqueio de ramo esquerdo com QRS alargado ao ECG. Qual co,published,,,,Casos Clínicos/tutorial/Cardiologia/Caso 4.docx,authorial,provavel_com_dependencia_de_terceiro,pending,"Questão redigida pelo usuário, mas o caso/tutorial-fonte citado é material curricular da instituição de ensino (PUC), possivelmente de autoria de docente/curso — extensão de reuso verbatim do caso não auditada neste levantamento. Sem atestação humana de direitos.",false,false,not_applicable,hold_rights,curricular_PUC_tutorial_caso,Cardiologia,"Questão redigida pelo usuário, mas o caso/tutorial-fonte citado é material curricular da instituição de ensino (PUC), possivelmente de autoria de docente/curso — extensão de reuso verbatim do caso não auditada neste levantamento. Sem atestação humana de direitos.","Obter atestação humana específica de titularidade/direitos (ou licença documentada) antes de liberação comercial; para os grupos com fonte curricular/institucional de terceiro, isso inclui validar essa fonte (autorização do docente/instituição ou reautoria preservando tema/competência)."
83088012-9f81-4450-8775-88ba74960849,"Paciente com insuficiência cardíaca apresenta congestão importante, provável cardiomiopatia dilatada de etiologia isquêmica, fibrilação atri",published,,,,Casos Clínicos/tutorial/Cardiologia/Caso 4.docx,authorial,provavel_com_dependencia_de_terceiro,pending,"Questão redigida pelo usuário, mas o caso/tutorial-fonte citado é material curricular da instituição de ensino (PUC), possivelmente de autoria de docente/curso — extensão de reuso verbatim do caso não auditada neste levantamento. Sem atestação humana de direitos.",false,false,not_applicable,hold_rights,curricular_PUC_tutorial_caso,Cardiologia,"Questão redigida pelo usuário, mas o caso/tutorial-fonte citado é material curricular da instituição de ensino (PUC), possivelmente de autoria de docente/curso — extensão de reuso verbatim do caso não auditada neste levantamento. Sem atestação humana de direitos.","Obter atestação humana específica de titularidade/direitos (ou licença documentada) antes de liberação comercial; para os grupos com fonte curricular/institucional de terceiro, isso inclui validar essa fonte (autorização do docente/instituição ou reautoria preservando tema/competência)."
56ac7121-0523-4cd8-8412-556411eaac6a,"Entre os seis grupos histológicos citados como tendo idade média mais jovem de apresentação, qual apresenta a MENOR idade média?",published,,,,"Extração e Consolidação — LANCCILO (Tumores do Sistema Nervoso Central), Prof. Dr. Carlos Zicarelli, Disciplina de Neurocirurgia, LANCCILO/PUCPR — Slide 6 (IMG_",authorial,provavel_com_dependencia_de_terceiro,pending,Fonte é extração/consolidação de material de liga/grupo acadêmico (LANCCILO) atribuído a um professor nomeado — direitos do material-fonte não documentados. Sem atestação humana de direitos.,false,false,not_applicable,hold_rights,extracao_compendio_LANCCILO,Neurocirurgia,Fonte é extração/consolidação de material de liga/grupo acadêmico (LANCCILO) atribuído a um professor nomeado — direitos do material-fonte não documentados. Sem atestação humana de direitos.,"Obter atestação humana específica de titularidade/direitos (ou licença documentada) antes de liberação comercial; para os grupos com fonte curricular/institucional de terceiro, isso inclui validar essa fonte (autorização do docente/instituição ou reautoria preservando tema/competência)."
7509c950-f314-4f29-8aaa-5d6e8b5fdfb8,"Comparando os seis grupos histológicos de menor idade média de apresentação citados no material, qual afirmação está correta?",published,,,,"Extração e Consolidação — LANCCILO (Tumores do Sistema Nervoso Central), Prof. Dr. Carlos Zicarelli, Disciplina de Neurocirurgia, LANCCILO/PUCPR — Slide 6 (IMG_",authorial,provavel_com_dependencia_de_terceiro,pending,Fonte é extração/consolidação de material de liga/grupo acadêmico (LANCCILO) atribuído a um professor nomeado — direitos do material-fonte não documentados. Sem atestação humana de direitos.,false,false,not_applicable,hold_rights,extracao_compendio_LANCCILO,Neurocirurgia,Fonte é extração/consolidação de material de liga/grupo acadêmico (LANCCILO) atribuído a um professor nomeado — direitos do material-fonte não documentados. Sem atestação humana de direitos.,"Obter atestação humana específica de titularidade/direitos (ou licença documentada) antes de liberação comercial; para os grupos com fonte curricular/institucional de terceiro, isso inclui validar essa fonte (autorização do docente/instituição ou reautoria preservando tema/competência)."
afb28d7f-ba98-430c-821b-d366e99dc0ea,"Sobre a tríade clássica de apresentação clínica dos tumores cerebrais, assinale a alternativa correta:",published,,,,"Extração e Consolidação — LANCCILO (Tumores do Sistema Nervoso Central), Prof. Dr. Carlos Zicarelli, Disciplina de Neurocirurgia, LANCCILO/PUCPR — Slide 7 (IMG_",authorial,provavel_com_dependencia_de_terceiro,pending,Fonte é extração/consolidação de material de liga/grupo acadêmico (LANCCILO) atribuído a um professor nomeado — direitos do material-fonte não documentados. Sem atestação humana de direitos.,false,false,not_applicable,hold_rights,extracao_compendio_LANCCILO,Neurocirurgia,Fonte é extração/consolidação de material de liga/grupo acadêmico (LANCCILO) atribuído a um professor nomeado — direitos do material-fonte não documentados. Sem atestação humana de direitos.,"Obter atestação humana específica de titularidade/direitos (ou licença documentada) antes de liberação comercial; para os grupos com fonte curricular/institucional de terceiro, isso inclui validar essa fonte (autorização do docente/instituição ou reautoria preservando tema/competência)."
f14f814b-d16e-46e8-b477-f2fd5a7688c1,Um paciente apresenta perda de força no dimídio direito. A principal característica temporal que diferencia a hipótese de tumor cerebral da ,published,,,,"Extração e Consolidação — LANCCILO (Tumores do Sistema Nervoso Central), Prof. Dr. Carlos Zicarelli, Disciplina de Neurocirurgia, LANCCILO/PUCPR — Slide 7 (IMG_",authorial,provavel_com_dependencia_de_terceiro,pending,Fonte é extração/consolidação de material de liga/grupo acadêmico (LANCCILO) atribuído a um professor nomeado — direitos do material-fonte não documentados. Sem atestação humana de direitos.,false,false,not_applicable,hold_rights,extracao_compendio_LANCCILO,Neurocirurgia,Fonte é extração/consolidação de material de liga/grupo acadêmico (LANCCILO) atribuído a um professor nomeado — direitos do material-fonte não documentados. Sem atestação humana de direitos.,"Obter atestação humana específica de titularidade/direitos (ou licença documentada) antes de liberação comercial; para os grupos com fonte curricular/institucional de terceiro, isso inclui validar essa fonte (autorização do docente/instituição ou reautoria preservando tema/competência)."
8ed95f18-214b-4874-b216-766d409c0ab2,"Uma paciente de 45 anos, previamente hígida, apresenta uma crise convulsiva de início focal com generalização secundária, sendo esta sua pri",published,,,,"Extração e Consolidação — LANCCILO (Tumores do Sistema Nervoso Central), Prof. Dr. Carlos Zicarelli, Disciplina de Neurocirurgia, LANCCILO/PUCPR — Slide 7 (IMG_",authorial,provavel_com_dependencia_de_terceiro,pending,Fonte é extração/consolidação de material de liga/grupo acadêmico (LANCCILO) atribuído a um professor nomeado — direitos do material-fonte não documentados. Sem atestação humana de direitos.,false,false,not_applicable,hold_rights,extracao_compendio_LANCCILO,Neurocirurgia,Fonte é extração/consolidação de material de liga/grupo acadêmico (LANCCILO) atribuído a um professor nomeado — direitos do material-fonte não documentados. Sem atestação humana de direitos.,"Obter atestação humana específica de titularidade/direitos (ou licença documentada) antes de liberação comercial; para os grupos com fonte curricular/institucional de terceiro, isso inclui validar essa fonte (autorização do docente/instituição ou reautoria preservando tema/competência)."
ee3e8229-aa9e-4b3e-a091-a590e311202c,Qual dos sintomas abaixo consta explicitamente no quadro  Sintomas do câncer no cérebro  apresentado no material?,published,,,,"Extração e Consolidação — LANCCILO (Tumores do Sistema Nervoso Central), Prof. Dr. Carlos Zicarelli, Disciplina de Neurocirurgia, LANCCILO/PUCPR — Slide 7 (IMG_",authorial,provavel_com_dependencia_de_terceiro,pending,Fonte é extração/consolidação de material de liga/grupo acadêmico (LANCCILO) atribuído a um professor nomeado — direitos do material-fonte não documentados. Sem atestação humana de direitos.,false,false,not_applicable,hold_rights,extracao_compendio_LANCCILO,Neurocirurgia,Fonte é extração/consolidação de material de liga/grupo acadêmico (LANCCILO) atribuído a um professor nomeado — direitos do material-fonte não documentados. Sem atestação humana de direitos.,"Obter atestação humana específica de titularidade/direitos (ou licença documentada) antes de liberação comercial; para os grupos com fonte curricular/institucional de terceiro, isso inclui validar essa fonte (autorização do docente/instituição ou reautoria preservando tema/competência)."
632d3204-f5e6-45d0-8af3-cd128046448f,São manifestações clínicas associadas a lesões do lobo frontal EXCETO:,published,,,,"Extração e Consolidação — LANCCILO (Tumores do Sistema Nervoso Central), Prof. Dr. Carlos Zicarelli, Disciplina de Neurocirurgia, LANCCILO/PUCPR — Slide 8 (IMG_",authorial,provavel_com_dependencia_de_terceiro,pending,Fonte é extração/consolidação de material de liga/grupo acadêmico (LANCCILO) atribuído a um professor nomeado — direitos do material-fonte não documentados. Sem atestação humana de direitos.,false,false,not_applicable,hold_rights,extracao_compendio_LANCCILO,Neurocirurgia,Fonte é extração/consolidação de material de liga/grupo acadêmico (LANCCILO) atribuído a um professor nomeado — direitos do material-fonte não documentados. Sem atestação humana de direitos.,"Obter atestação humana específica de titularidade/direitos (ou licença documentada) antes de liberação comercial; para os grupos com fonte curricular/institucional de terceiro, isso inclui validar essa fonte (autorização do docente/instituição ou reautoria preservando tema/competência)."
3248a09b-2870-479e-b94b-04ed700afe7c,Um paciente com lesão em lobo temporal pode apresentar:,published,,,,"Extração e Consolidação — LANCCILO (Tumores do Sistema Nervoso Central), Prof. Dr. Carlos Zicarelli, Disciplina de Neurocirurgia, LANCCILO/PUCPR — Slide 9 (IMG_",authorial,provavel_com_dependencia_de_terceiro,pending,Fonte é extração/consolidação de material de liga/grupo acadêmico (LANCCILO) atribuído a um professor nomeado — direitos do material-fonte não documentados. Sem atestação humana de direitos.,false,false,not_applicable,hold_rights,extracao_compendio_LANCCILO,Neurocirurgia,Fonte é extração/consolidação de material de liga/grupo acadêmico (LANCCILO) atribuído a um professor nomeado — direitos do material-fonte não documentados. Sem atestação humana de direitos.,"Obter atestação humana específica de titularidade/direitos (ou licença documentada) antes de liberação comercial; para os grupos com fonte curricular/institucional de terceiro, isso inclui validar essa fonte (autorização do docente/instituição ou reautoria preservando tema/competência)."
5e74052a-1c2d-49de-b911-12b515a608d5,As manifestações clínicas associadas a lesões do lobo parietal incluem:,published,,,,"Extração e Consolidação — LANCCILO (Tumores do Sistema Nervoso Central), Prof. Dr. Carlos Zicarelli, Disciplina de Neurocirurgia, LANCCILO/PUCPR — Slide 10 (IMG",authorial,provavel_com_dependencia_de_terceiro,pending,Fonte é extração/consolidação de material de liga/grupo acadêmico (LANCCILO) atribuído a um professor nomeado — direitos do material-fonte não documentados. Sem atestação humana de direitos.,false,false,not_applicable,hold_rights,extracao_compendio_LANCCILO,Neurocirurgia,Fonte é extração/consolidação de material de liga/grupo acadêmico (LANCCILO) atribuído a um professor nomeado — direitos do material-fonte não documentados. Sem atestação humana de direitos.,"Obter atestação humana específica de titularidade/direitos (ou licença documentada) antes de liberação comercial; para os grupos com fonte curricular/institucional de terceiro, isso inclui validar essa fonte (autorização do docente/instituição ou reautoria preservando tema/competência)."
388561a8-6ebd-4426-bcc0-578a573182ea,Assinale a alternativa que reúne corretamente manifestações atribuídas ao lobo occipital e à fossa posterior no material:,published,,,,"Extração e Consolidação — LANCCILO (Tumores do Sistema Nervoso Central), Prof. Dr. Carlos Zicarelli, Disciplina de Neurocirurgia, LANCCILO/PUCPR — Slide 11 (IMG",authorial,provavel_com_dependencia_de_terceiro,pending,Fonte é extração/consolidação de material de liga/grupo acadêmico (LANCCILO) atribuído a um professor nomeado — direitos do material-fonte não documentados. Sem atestação humana de direitos.,false,false,not_applicable,hold_rights,extracao_compendio_LANCCILO,Neurocirurgia,Fonte é extração/consolidação de material de liga/grupo acadêmico (LANCCILO) atribuído a um professor nomeado — direitos do material-fonte não documentados. Sem atestação humana de direitos.,"Obter atestação humana específica de titularidade/direitos (ou licença documentada) antes de liberação comercial; para os grupos com fonte curricular/institucional de terceiro, isso inclui validar essa fonte (autorização do docente/instituição ou reautoria preservando tema/competência)."
85bf6173-b15e-48af-a831-cf3511e873c6,"Um paciente apresenta alterações de personalidade, abulia progressiva e hemiparesia à direita, sem alterações do campo visual ou de nervos c",published,,,,"Extração e Consolidação — LANCCILO (Tumores do Sistema Nervoso Central), Prof. Dr. Carlos Zicarelli, Disciplina de Neurocirurgia, LANCCILO/PUCPR — Slides 8–11 (",authorial,provavel_com_dependencia_de_terceiro,pending,Fonte é extração/consolidação de material de liga/grupo acadêmico (LANCCILO) atribuído a um professor nomeado — direitos do material-fonte não documentados. Sem atestação humana de direitos.,false,false,not_applicable,hold_rights,extracao_compendio_LANCCILO,Neurocirurgia,Fonte é extração/consolidação de material de liga/grupo acadêmico (LANCCILO) atribuído a um professor nomeado — direitos do material-fonte não documentados. Sem atestação humana de direitos.,"Obter atestação humana específica de titularidade/direitos (ou licença documentada) antes de liberação comercial; para os grupos com fonte curricular/institucional de terceiro, isso inclui validar essa fonte (autorização do docente/instituição ou reautoria preservando tema/competência)."
7a974dd1-e2d5-468d-a553-16bcc7bf9e08,Qual conjunto de achados descreve corretamente os resultados dessa coorte? ,draft,"NexusMed (questão autoral, não extraída de prova real)",,2026,,authorial,rotulada_sem_atestacao,pending,"Marcado no banco como ""questão autoral NexusMed, não extraída de prova real"" — esse rótulo de origem é autodeclarado no próprio registro, não uma atestação humana específica de direitos (23-B) nem prova documental de titularidade. rights_status=pending até atestação ou licença.",false,false,not_applicable,hold_rights,autoral_explicito_NexusMed,Cardiologia,"Marcado no banco como ""questão autoral NexusMed, não extraída de prova real"" — esse rótulo de origem é autodeclarado no próprio registro, não uma atestação humana específica de direitos (23-B) nem prova documental de titularidade. rights_status=pending até atestação ou licença.","Obter atestação humana específica de titularidade/direitos (ou licença documentada) antes de liberação comercial; para os grupos com fonte curricular/institucional de terceiro, isso inclui validar essa fonte (autorização do docente/instituição ou reautoria preservando tema/competência)."
59600698-a25f-4e95-b6f6-4c45bf5a9a68,"A apraxia é citada como manifestação possível tanto em lesões do lobo frontal quanto do lobo parietal no material. Uma manifestação que, seg",published,,,,"Extração e Consolidação — LANCCILO (Tumores do Sistema Nervoso Central), Prof. Dr. Carlos Zicarelli, Disciplina de Neurocirurgia, LANCCILO/PUCPR — Slides 8 e 10",authorial,provavel_com_dependencia_de_terceiro,pending,Fonte é extração/consolidação de material de liga/grupo acadêmico (LANCCILO) atribuído a um professor nomeado — direitos do material-fonte não documentados. Sem atestação humana de direitos.,false,false,not_applicable,hold_rights,extracao_compendio_LANCCILO,Neurocirurgia,Fonte é extração/consolidação de material de liga/grupo acadêmico (LANCCILO) atribuído a um professor nomeado — direitos do material-fonte não documentados. Sem atestação humana de direitos.,"Obter atestação humana específica de titularidade/direitos (ou licença documentada) antes de liberação comercial; para os grupos com fonte curricular/institucional de terceiro, isso inclui validar essa fonte (autorização do docente/instituição ou reautoria preservando tema/competência)."
72857cfa-0b32-437a-a3d8-bf11595eed1b,o aumento da pressão intracraniana (HIC) associado a tumores decorre de:,published,,,,"Extração e Consolidação — LANCCILO (Tumores do Sistema Nervoso Central), Prof. Dr. Carlos Zicarelli, Disciplina de Neurocirurgia, LANCCILO/PUCPR — Slide 13 (IMG",authorial,provavel_com_dependencia_de_terceiro,pending,Fonte é extração/consolidação de material de liga/grupo acadêmico (LANCCILO) atribuído a um professor nomeado — direitos do material-fonte não documentados. Sem atestação humana de direitos.,false,false,not_applicable,hold_rights,extracao_compendio_LANCCILO,Neurocirurgia,Fonte é extração/consolidação de material de liga/grupo acadêmico (LANCCILO) atribuído a um professor nomeado — direitos do material-fonte não documentados. Sem atestação humana de direitos.,"Obter atestação humana específica de titularidade/direitos (ou licença documentada) antes de liberação comercial; para os grupos com fonte curricular/institucional de terceiro, isso inclui validar essa fonte (autorização do docente/instituição ou reautoria preservando tema/competência)."
a1ce3628-d0e1-4d4b-b6f6-540e99fc9ea3,A cefaleia associada a tumor cerebral é explicada por:,published,,,,"Extração e Consolidação — LANCCILO (Tumores do Sistema Nervoso Central), Prof. Dr. Carlos Zicarelli, Disciplina de Neurocirurgia, LANCCILO/PUCPR — Slide 13 (IMG",authorial,provavel_com_dependencia_de_terceiro,pending,Fonte é extração/consolidação de material de liga/grupo acadêmico (LANCCILO) atribuído a um professor nomeado — direitos do material-fonte não documentados. Sem atestação humana de direitos.,false,false,not_applicable,hold_rights,extracao_compendio_LANCCILO,Neurocirurgia,Fonte é extração/consolidação de material de liga/grupo acadêmico (LANCCILO) atribuído a um professor nomeado — direitos do material-fonte não documentados. Sem atestação humana de direitos.,"Obter atestação humana específica de titularidade/direitos (ou licença documentada) antes de liberação comercial; para os grupos com fonte curricular/institucional de terceiro, isso inclui validar essa fonte (autorização do docente/instituição ou reautoria preservando tema/competência)."
c9e818e0-4947-4ff9-b4e8-c028ec08a611,Um paciente com hipertensão intracraniana apresenta diplopia. esse achado é atribuído a:,published,,,,"Extração e Consolidação — LANCCILO (Tumores do Sistema Nervoso Central), Prof. Dr. Carlos Zicarelli, Disciplina de Neurocirurgia, LANCCILO/PUCPR — Slide 13 (IMG",authorial,provavel_com_dependencia_de_terceiro,pending,Fonte é extração/consolidação de material de liga/grupo acadêmico (LANCCILO) atribuído a um professor nomeado — direitos do material-fonte não documentados. Sem atestação humana de direitos.,false,false,not_applicable,hold_rights,extracao_compendio_LANCCILO,Neurocirurgia,Fonte é extração/consolidação de material de liga/grupo acadêmico (LANCCILO) atribuído a um professor nomeado — direitos do material-fonte não documentados. Sem atestação humana de direitos.,"Obter atestação humana específica de titularidade/direitos (ou licença documentada) antes de liberação comercial; para os grupos com fonte curricular/institucional de terceiro, isso inclui validar essa fonte (autorização do docente/instituição ou reautoria preservando tema/competência)."
2547dd73-6276-4fa0-9c39-2a7afb6b0adf,Qual das afirmativas abaixo sobre os sinais de alarme da hipertensão intracraniana está correta?,published,,,,"Extração e Consolidação — LANCCILO (Tumores do Sistema Nervoso Central), Prof. Dr. Carlos Zicarelli, Disciplina de Neurocirurgia, LANCCILO/PUCPR — Slide 13 (IMG",authorial,provavel_com_dependencia_de_terceiro,pending,Fonte é extração/consolidação de material de liga/grupo acadêmico (LANCCILO) atribuído a um professor nomeado — direitos do material-fonte não documentados. Sem atestação humana de direitos.,false,false,not_applicable,hold_rights,extracao_compendio_LANCCILO,Neurocirurgia,Fonte é extração/consolidação de material de liga/grupo acadêmico (LANCCILO) atribuído a um professor nomeado — direitos do material-fonte não documentados. Sem atestação humana de direitos.,"Obter atestação humana específica de titularidade/direitos (ou licença documentada) antes de liberação comercial; para os grupos com fonte curricular/institucional de terceiro, isso inclui validar essa fonte (autorização do docente/instituição ou reautoria preservando tema/competência)."
8fcb5481-c8b4-44c8-bcb2-49dbd4154b87,A classificação geral dos tumores intracranianos apresentada no material divide-os em três categorias. São elas:,published,,,,"Extração e Consolidação — LANCCILO (Tumores do Sistema Nervoso Central), Prof. Dr. Carlos Zicarelli, Disciplina de Neurocirurgia, LANCCILO/PUCPR — Slide 14 (IMG",authorial,provavel_com_dependencia_de_terceiro,pending,Fonte é extração/consolidação de material de liga/grupo acadêmico (LANCCILO) atribuído a um professor nomeado — direitos do material-fonte não documentados. Sem atestação humana de direitos.,false,false,not_applicable,hold_rights,extracao_compendio_LANCCILO,Neurocirurgia,Fonte é extração/consolidação de material de liga/grupo acadêmico (LANCCILO) atribuído a um professor nomeado — direitos do material-fonte não documentados. Sem atestação humana de direitos.,"Obter atestação humana específica de titularidade/direitos (ou licença documentada) antes de liberação comercial; para os grupos com fonte curricular/institucional de terceiro, isso inclui validar essa fonte (autorização do docente/instituição ou reautoria preservando tema/competência)."
f309d698-8694-4214-99f6-12ae28c93551,"Com base na classificação apresentada, associe corretamente o tumor à sua categoria:",published,,,,"Extração e Consolidação — LANCCILO (Tumores do Sistema Nervoso Central), Prof. Dr. Carlos Zicarelli, Disciplina de Neurocirurgia, LANCCILO/PUCPR — Slide 14 (IMG",authorial,provavel_com_dependencia_de_terceiro,pending,Fonte é extração/consolidação de material de liga/grupo acadêmico (LANCCILO) atribuído a um professor nomeado — direitos do material-fonte não documentados. Sem atestação humana de direitos.,false,false,not_applicable,hold_rights,extracao_compendio_LANCCILO,Neurocirurgia,Fonte é extração/consolidação de material de liga/grupo acadêmico (LANCCILO) atribuído a um professor nomeado — direitos do material-fonte não documentados. Sem atestação humana de direitos.,"Obter atestação humana específica de titularidade/direitos (ou licença documentada) antes de liberação comercial; para os grupos com fonte curricular/institucional de terceiro, isso inclui validar essa fonte (autorização do docente/instituição ou reautoria preservando tema/competência)."
dd7cef0e-b7ae-4171-bb5c-0bc41b286bbd,A categoria  Metástases  inclui disseminação para:,published,,,,"Extração e Consolidação — LANCCILO (Tumores do Sistema Nervoso Central), Prof. Dr. Carlos Zicarelli, Disciplina de Neurocirurgia, LANCCILO/PUCPR — Slide 14 (IMG",authorial,provavel_com_dependencia_de_terceiro,pending,Fonte é extração/consolidação de material de liga/grupo acadêmico (LANCCILO) atribuído a um professor nomeado — direitos do material-fonte não documentados. Sem atestação humana de direitos.,false,false,not_applicable,hold_rights,extracao_compendio_LANCCILO,Neurocirurgia,Fonte é extração/consolidação de material de liga/grupo acadêmico (LANCCILO) atribuído a um professor nomeado — direitos do material-fonte não documentados. Sem atestação humana de direitos.,"Obter atestação humana específica de titularidade/direitos (ou licença documentada) antes de liberação comercial; para os grupos com fonte curricular/institucional de terceiro, isso inclui validar essa fonte (autorização do docente/instituição ou reautoria preservando tema/competência)."
865ac2a6-22c4-413f-8e32-9228acc13e0f,"Na ilustração abaixo, qual célula estabelece contato com neurônios e com o capilar, participando da unidade neurovascular?",published,,,,"Extração e Consolidação — LANCCILO (Tumores do Sistema Nervoso Central), Prof. Dr. Carlos Zicarelli, Disciplina de Neurocirurgia, LANCCILO/PUCPR — Slide 16 (IMG",authorial,provavel_com_dependencia_de_terceiro,pending,Fonte é extração/consolidação de material de liga/grupo acadêmico (LANCCILO) atribuído a um professor nomeado — direitos do material-fonte não documentados. Sem atestação humana de direitos.,false,false,not_applicable,hold_rights,extracao_compendio_LANCCILO,Neurocirurgia,Fonte é extração/consolidação de material de liga/grupo acadêmico (LANCCILO) atribuído a um professor nomeado — direitos do material-fonte não documentados. Sem atestação humana de direitos.,"Obter atestação humana específica de titularidade/direitos (ou licença documentada) antes de liberação comercial; para os grupos com fonte curricular/institucional de terceiro, isso inclui validar essa fonte (autorização do docente/instituição ou reautoria preservando tema/competência)."
4a15e729-02ff-4cb1-8261-2f5a351f364f,"Os gliomas de Grau I (OMS), segundo a tabela do material, caracterizam-se por:",published,,,,"Extração e Consolidação — LANCCILO (Tumores do Sistema Nervoso Central), Prof. Dr. Carlos Zicarelli, Disciplina de Neurocirurgia, LANCCILO/PUCPR — Slide 17 (IMG",authorial,provavel_com_dependencia_de_terceiro,pending,Fonte é extração/consolidação de material de liga/grupo acadêmico (LANCCILO) atribuído a um professor nomeado — direitos do material-fonte não documentados. Sem atestação humana de direitos.,false,false,not_applicable,hold_rights,extracao_compendio_LANCCILO,Neurocirurgia,Fonte é extração/consolidação de material de liga/grupo acadêmico (LANCCILO) atribuído a um professor nomeado — direitos do material-fonte não documentados. Sem atestação humana de direitos.,"Obter atestação humana específica de titularidade/direitos (ou licença documentada) antes de liberação comercial; para os grupos com fonte curricular/institucional de terceiro, isso inclui validar essa fonte (autorização do docente/instituição ou reautoria preservando tema/competência)."
929ab06b-c963-4c3c-a2b1-09852ad8e3eb,"O Grau IV (OMS) na tabela de classificação de gliomas do material é caracterizado por crescimento rápido, ampla infiltração, propensão a nec",published,,,,"Extração e Consolidação — LANCCILO (Tumores do Sistema Nervoso Central), Prof. Dr. Carlos Zicarelli, Disciplina de Neurocirurgia, LANCCILO/PUCPR — Slide 17 (IMG",authorial,provavel_com_dependencia_de_terceiro,pending,Fonte é extração/consolidação de material de liga/grupo acadêmico (LANCCILO) atribuído a um professor nomeado — direitos do material-fonte não documentados. Sem atestação humana de direitos.,false,false,not_applicable,hold_rights,extracao_compendio_LANCCILO,Neurocirurgia,Fonte é extração/consolidação de material de liga/grupo acadêmico (LANCCILO) atribuído a um professor nomeado — direitos do material-fonte não documentados. Sem atestação humana de direitos.,"Obter atestação humana específica de titularidade/direitos (ou licença documentada) antes de liberação comercial; para os grupos com fonte curricular/institucional de terceiro, isso inclui validar essa fonte (autorização do docente/instituição ou reautoria preservando tema/competência)."
1e08ac04-7cfd-47c2-a00f-9c85fb1e12b4,"O oligodendroglioma puro, citado como exemplo na tabela de classificação por grau, corresponde a qual categoria?",published,,,,"Extração e Consolidação — LANCCILO (Tumores do Sistema Nervoso Central), Prof. Dr. Carlos Zicarelli, Disciplina de Neurocirurgia, LANCCILO/PUCPR — Slide 17 (IMG",authorial,provavel_com_dependencia_de_terceiro,pending,Fonte é extração/consolidação de material de liga/grupo acadêmico (LANCCILO) atribuído a um professor nomeado — direitos do material-fonte não documentados. Sem atestação humana de direitos.,false,false,not_applicable,hold_rights,extracao_compendio_LANCCILO,Neurocirurgia,Fonte é extração/consolidação de material de liga/grupo acadêmico (LANCCILO) atribuído a um professor nomeado — direitos do material-fonte não documentados. Sem atestação humana de direitos.,"Obter atestação humana específica de titularidade/direitos (ou licença documentada) antes de liberação comercial; para os grupos com fonte curricular/institucional de terceiro, isso inclui validar essa fonte (autorização do docente/instituição ou reautoria preservando tema/competência)."
b6a2d377-6a88-4a67-b5fe-1a255b47284f,"o astrocitoma pilocítico é comum no hemisfério cerebelar de crianças, mas também pode surgir em:",published,,,,"Extração e Consolidação — LANCCILO (Tumores do Sistema Nervoso Central), Prof. Dr. Carlos Zicarelli, Disciplina de Neurocirurgia, LANCCILO/PUCPR — Slide 18 (IMG",authorial,provavel_com_dependencia_de_terceiro,pending,Fonte é extração/consolidação de material de liga/grupo acadêmico (LANCCILO) atribuído a um professor nomeado — direitos do material-fonte não documentados. Sem atestação humana de direitos.,false,false,not_applicable,hold_rights,extracao_compendio_LANCCILO,Neurocirurgia,Fonte é extração/consolidação de material de liga/grupo acadêmico (LANCCILO) atribuído a um professor nomeado — direitos do material-fonte não documentados. Sem atestação humana de direitos.,"Obter atestação humana específica de titularidade/direitos (ou licença documentada) antes de liberação comercial; para os grupos com fonte curricular/institucional de terceiro, isso inclui validar essa fonte (autorização do docente/instituição ou reautoria preservando tema/competência)."
0f06e390-fd65-4258-bb00-697685139820,O aspecto histológico clássico do astrocitoma pilocítico inclui:,published,,,,"Extração e Consolidação — LANCCILO (Tumores do Sistema Nervoso Central), Prof. Dr. Carlos Zicarelli, Disciplina de Neurocirurgia, LANCCILO/PUCPR — Slide 18 (IMG",authorial,provavel_com_dependencia_de_terceiro,pending,Fonte é extração/consolidação de material de liga/grupo acadêmico (LANCCILO) atribuído a um professor nomeado — direitos do material-fonte não documentados. Sem atestação humana de direitos.,false,false,not_applicable,hold_rights,extracao_compendio_LANCCILO,Neurocirurgia,Fonte é extração/consolidação de material de liga/grupo acadêmico (LANCCILO) atribuído a um professor nomeado — direitos do material-fonte não documentados. Sem atestação humana de direitos.,"Obter atestação humana específica de titularidade/direitos (ou licença documentada) antes de liberação comercial; para os grupos com fonte curricular/institucional de terceiro, isso inclui validar essa fonte (autorização do docente/instituição ou reautoria preservando tema/competência)."
0dbc0f9e-6975-4561-8328-1462c8ba50fa,"Um menino de 10 anos apresenta cefaleia progressiva há 2 meses, vômitos matinais, ataxia de tronco e papiledema bilateral. A ressonância mag",published,,,,"Extração e Consolidação — LANCCILO (Tumores do Sistema Nervoso Central), Prof. Dr. Carlos Zicarelli, Disciplina de Neurocirurgia, LANCCILO/PUCPR — Slide 42 (IMG",authorial,provavel_com_dependencia_de_terceiro,pending,Fonte é extração/consolidação de material de liga/grupo acadêmico (LANCCILO) atribuído a um professor nomeado — direitos do material-fonte não documentados. Sem atestação humana de direitos.,false,false,not_applicable,hold_rights,extracao_compendio_LANCCILO,Neurocirurgia,Fonte é extração/consolidação de material de liga/grupo acadêmico (LANCCILO) atribuído a um professor nomeado — direitos do material-fonte não documentados. Sem atestação humana de direitos.,"Obter atestação humana específica de titularidade/direitos (ou licença documentada) antes de liberação comercial; para os grupos com fonte curricular/institucional de terceiro, isso inclui validar essa fonte (autorização do docente/instituição ou reautoria preservando tema/competência)."
802f752b-c40b-4e6c-bfe1-f4ba35e3d6c3,"O astrocitoma IDH-mutante, descrito entre os gliomas de grau 2 e 3, é caracterizado no material como:",published,,,,"Extração e Consolidação — LANCCILO (Tumores do Sistema Nervoso Central), Prof. Dr. Carlos Zicarelli, Disciplina de Neurocirurgia, LANCCILO/PUCPR — Slide 19 (IMG",authorial,provavel_com_dependencia_de_terceiro,pending,Fonte é extração/consolidação de material de liga/grupo acadêmico (LANCCILO) atribuído a um professor nomeado — direitos do material-fonte não documentados. Sem atestação humana de direitos.,false,false,not_applicable,hold_rights,extracao_compendio_LANCCILO,Neurocirurgia,Fonte é extração/consolidação de material de liga/grupo acadêmico (LANCCILO) atribuído a um professor nomeado — direitos do material-fonte não documentados. Sem atestação humana de direitos.,"Obter atestação humana específica de titularidade/direitos (ou licença documentada) antes de liberação comercial; para os grupos com fonte curricular/institucional de terceiro, isso inclui validar essa fonte (autorização do docente/instituição ou reautoria preservando tema/competência)."
6c6bafdc-325b-40f3-a5f8-514a52663edc,O oligodendroglioma IDH-mutante com codeleção 1p/19q apresenta:,published,,,,"Extração e Consolidação — LANCCILO (Tumores do Sistema Nervoso Central), Prof. Dr. Carlos Zicarelli, Disciplina de Neurocirurgia, LANCCILO/PUCPR — Slide 19 (IMG",authorial,provavel_com_dependencia_de_terceiro,pending,Fonte é extração/consolidação de material de liga/grupo acadêmico (LANCCILO) atribuído a um professor nomeado — direitos do material-fonte não documentados. Sem atestação humana de direitos.,false,false,not_applicable,hold_rights,extracao_compendio_LANCCILO,Neurocirurgia,Fonte é extração/consolidação de material de liga/grupo acadêmico (LANCCILO) atribuído a um professor nomeado — direitos do material-fonte não documentados. Sem atestação humana de direitos.,"Obter atestação humana específica de titularidade/direitos (ou licença documentada) antes de liberação comercial; para os grupos com fonte curricular/institucional de terceiro, isso inclui validar essa fonte (autorização do docente/instituição ou reautoria preservando tema/competência)."
4e313b02-3106-4ab0-88ac-dc531cc4e907,"De acordo com os critérios diagnósticos essenciais para glioblastoma apresentados no material, são necessários um glioma astrocítico com inf",published,,,,"Extração e Consolidação — LANCCILO (Tumores do Sistema Nervoso Central), Prof. Dr. Carlos Zicarelli, Disciplina de Neurocirurgia, LANCCILO/PUCPR — Slide 21 (IMG",authorial,provavel_com_dependencia_de_terceiro,pending,Fonte é extração/consolidação de material de liga/grupo acadêmico (LANCCILO) atribuído a um professor nomeado — direitos do material-fonte não documentados. Sem atestação humana de direitos.,false,false,not_applicable,hold_rights,extracao_compendio_LANCCILO,Neurocirurgia,Fonte é extração/consolidação de material de liga/grupo acadêmico (LANCCILO) atribuído a um professor nomeado — direitos do material-fonte não documentados. Sem atestação humana de direitos.,"Obter atestação humana específica de titularidade/direitos (ou licença documentada) antes de liberação comercial; para os grupos com fonte curricular/institucional de terceiro, isso inclui validar essa fonte (autorização do docente/instituição ou reautoria preservando tema/competência)."
feb2c8f7-17a0-43f7-96be-0dfab85f1b13,"Segundo os critérios diagnósticos essenciais apresentados, o oligodendroglioma com IDH mutante e codeleção 1p/19q exige:",published,,,,"Extração e Consolidação — LANCCILO (Tumores do Sistema Nervoso Central), Prof. Dr. Carlos Zicarelli, Disciplina de Neurocirurgia, LANCCILO/PUCPR — Slide 21 (IMG",authorial,provavel_com_dependencia_de_terceiro,pending,Fonte é extração/consolidação de material de liga/grupo acadêmico (LANCCILO) atribuído a um professor nomeado — direitos do material-fonte não documentados. Sem atestação humana de direitos.,false,false,not_applicable,hold_rights,extracao_compendio_LANCCILO,Neurocirurgia,Fonte é extração/consolidação de material de liga/grupo acadêmico (LANCCILO) atribuído a um professor nomeado — direitos do material-fonte não documentados. Sem atestação humana de direitos.,"Obter atestação humana específica de titularidade/direitos (ou licença documentada) antes de liberação comercial; para os grupos com fonte curricular/institucional de terceiro, isso inclui validar essa fonte (autorização do docente/instituição ou reautoria preservando tema/competência)."
e4195139-3285-4e94-8be0-3dd5162c5549,"no glioblastoma IDH-tipo selvagem, a mutação do promotor TERT e a amplificação do gene EGFR ocorrem, respectivamente, em:",published,,,,"Extração e Consolidação — LANCCILO (Tumores do Sistema Nervoso Central), Prof. Dr. Carlos Zicarelli, Disciplina de Neurocirurgia, LANCCILO/PUCPR — Slide 21 (IMG",authorial,provavel_com_dependencia_de_terceiro,pending,Fonte é extração/consolidação de material de liga/grupo acadêmico (LANCCILO) atribuído a um professor nomeado — direitos do material-fonte não documentados. Sem atestação humana de direitos.,false,false,not_applicable,hold_rights,extracao_compendio_LANCCILO,Neurocirurgia,Fonte é extração/consolidação de material de liga/grupo acadêmico (LANCCILO) atribuído a um professor nomeado — direitos do material-fonte não documentados. Sem atestação humana de direitos.,"Obter atestação humana específica de titularidade/direitos (ou licença documentada) antes de liberação comercial; para os grupos com fonte curricular/institucional de terceiro, isso inclui validar essa fonte (autorização do docente/instituição ou reautoria preservando tema/competência)."
5328f729-7e30-42e3-84f8-929e40b3dd08,"Uma mulher de 38 anos ( F.Z. ) apresenta crise convulsiva e é submetida a RM de encéfalo com cortes axial, coronal e sagital. Considerando e",published,,,,"Extração e Consolidação — LANCCILO (Tumores do Sistema Nervoso Central), Prof. Dr. Carlos Zicarelli, Disciplina de Neurocirurgia, LANCCILO/PUCPR — Slide 22 (IMG",authorial,provavel_com_dependencia_de_terceiro,pending,Fonte é extração/consolidação de material de liga/grupo acadêmico (LANCCILO) atribuído a um professor nomeado — direitos do material-fonte não documentados. Sem atestação humana de direitos.,false,false,not_applicable,hold_rights,extracao_compendio_LANCCILO,Neurocirurgia,Fonte é extração/consolidação de material de liga/grupo acadêmico (LANCCILO) atribuído a um professor nomeado — direitos do material-fonte não documentados. Sem atestação humana de direitos.,"Obter atestação humana específica de titularidade/direitos (ou licença documentada) antes de liberação comercial; para os grupos com fonte curricular/institucional de terceiro, isso inclui validar essa fonte (autorização do docente/instituição ou reautoria preservando tema/competência)."
07b40516-91b3-4ba2-b2d1-f98b025d619e,"Sobre os critérios diagnósticos moleculares dos gliomas do adulto apresentados no material, assinale a alternativa correta.",published,,,,"Extração e Consolidação — LANCCILO (Tumores do Sistema Nervoso Central), Prof. Dr. Carlos Zicarelli, Disciplina de Neurocirurgia, LANCCILO/PUCPR — Slide 21 (IMG",authorial,provavel_com_dependencia_de_terceiro,pending,Fonte é extração/consolidação de material de liga/grupo acadêmico (LANCCILO) atribuído a um professor nomeado — direitos do material-fonte não documentados. Sem atestação humana de direitos.,false,false,not_applicable,hold_rights,extracao_compendio_LANCCILO,Neurocirurgia,Fonte é extração/consolidação de material de liga/grupo acadêmico (LANCCILO) atribuído a um professor nomeado — direitos do material-fonte não documentados. Sem atestação humana de direitos.,"Obter atestação humana específica de titularidade/direitos (ou licença documentada) antes de liberação comercial; para os grupos com fonte curricular/institucional de terceiro, isso inclui validar essa fonte (autorização do docente/instituição ou reautoria preservando tema/competência)."
f89b228d-0cc8-4066-9e74-27aa53089a2d,"O padrão de tratamento para gliomas de alto grau recém-diagnosticados é a cirurgia citorredutora seguida do  regime de Stupp , que consiste ",published,,,,"Extração e Consolidação — LANCCILO (Tumores do Sistema Nervoso Central), Prof. Dr. Carlos Zicarelli, Disciplina de Neurocirurgia, LANCCILO/PUCPR — Slides 23–24 ",authorial,provavel_com_dependencia_de_terceiro,pending,Fonte é extração/consolidação de material de liga/grupo acadêmico (LANCCILO) atribuído a um professor nomeado — direitos do material-fonte não documentados. Sem atestação humana de direitos.,false,false,not_applicable,hold_rights,extracao_compendio_LANCCILO,Neurocirurgia,Fonte é extração/consolidação de material de liga/grupo acadêmico (LANCCILO) atribuído a um professor nomeado — direitos do material-fonte não documentados. Sem atestação humana de direitos.,"Obter atestação humana específica de titularidade/direitos (ou licença documentada) antes de liberação comercial; para os grupos com fonte curricular/institucional de terceiro, isso inclui validar essa fonte (autorização do docente/instituição ou reautoria preservando tema/competência)."
e89745cf-306a-4800-ae9c-64895e9323c9,"Um paciente com glioblastoma tem seu tumor testado para o status de metilação do promotor MGMT, encontrando-se metilado. Considerando os dad",published,,,,"Extração e Consolidação — LANCCILO (Tumores do Sistema Nervoso Central), Prof. Dr. Carlos Zicarelli, Disciplina de Neurocirurgia, LANCCILO/PUCPR — Slides 23–24 ",authorial,provavel_com_dependencia_de_terceiro,pending,Fonte é extração/consolidação de material de liga/grupo acadêmico (LANCCILO) atribuído a um professor nomeado — direitos do material-fonte não documentados. Sem atestação humana de direitos.,false,false,not_applicable,hold_rights,extracao_compendio_LANCCILO,Neurocirurgia,Fonte é extração/consolidação de material de liga/grupo acadêmico (LANCCILO) atribuído a um professor nomeado — direitos do material-fonte não documentados. Sem atestação humana de direitos.,"Obter atestação humana específica de titularidade/direitos (ou licença documentada) antes de liberação comercial; para os grupos com fonte curricular/institucional de terceiro, isso inclui validar essa fonte (autorização do docente/instituição ou reautoria preservando tema/competência)."
8fadf828-776d-48fc-91d4-3775a1b7049a,"Na ilustração abaixo, a granulação aracnóidea atravessa a dura-máter e se projeta em um seio venoso. Qual é sua função na circulação do líqu",published,,,,"Extração e Consolidação — LANCCILO (Tumores do Sistema Nervoso Central), Prof. Dr. Carlos Zicarelli, Disciplina de Neurocirurgia, LANCCILO/PUCPR — Slide 28 (IMG",authorial,provavel_com_dependencia_de_terceiro,pending,Fonte é extração/consolidação de material de liga/grupo acadêmico (LANCCILO) atribuído a um professor nomeado — direitos do material-fonte não documentados. Sem atestação humana de direitos.,false,false,not_applicable,hold_rights,extracao_compendio_LANCCILO,Neurocirurgia,Fonte é extração/consolidação de material de liga/grupo acadêmico (LANCCILO) atribuído a um professor nomeado — direitos do material-fonte não documentados. Sem atestação humana de direitos.,"Obter atestação humana específica de titularidade/direitos (ou licença documentada) antes de liberação comercial; para os grupos com fonte curricular/institucional de terceiro, isso inclui validar essa fonte (autorização do docente/instituição ou reautoria preservando tema/competência)."
02af059e-f99a-499f-ae42-24dead06e0bb,O meningioma é descrito no material como:,published,,,,"Extração e Consolidação — LANCCILO (Tumores do Sistema Nervoso Central), Prof. Dr. Carlos Zicarelli, Disciplina de Neurocirurgia, LANCCILO/PUCPR — Slide 31 (IMG",authorial,provavel_com_dependencia_de_terceiro,pending,Fonte é extração/consolidação de material de liga/grupo acadêmico (LANCCILO) atribuído a um professor nomeado — direitos do material-fonte não documentados. Sem atestação humana de direitos.,false,false,not_applicable,hold_rights,extracao_compendio_LANCCILO,Neurocirurgia,Fonte é extração/consolidação de material de liga/grupo acadêmico (LANCCILO) atribuído a um professor nomeado — direitos do material-fonte não documentados. Sem atestação humana de direitos.,"Obter atestação humana específica de titularidade/direitos (ou licença documentada) antes de liberação comercial; para os grupos com fonte curricular/institucional de terceiro, isso inclui validar essa fonte (autorização do docente/instituição ou reautoria preservando tema/competência)."
cb79be8e-af18-4527-bc55-260e9f0458f6,A ressonância magnética abaixo mostra uma lesão extra-axial parassagital. Qual conjunto de características radiológicas é típico de meningio,published,,,,"Extração e Consolidação — LANCCILO (Tumores do Sistema Nervoso Central), Prof. Dr. Carlos Zicarelli, Disciplina de Neurocirurgia, LANCCILO/PUCPR — Slide 31 (IMG",authorial,provavel_com_dependencia_de_terceiro,pending,Fonte é extração/consolidação de material de liga/grupo acadêmico (LANCCILO) atribuído a um professor nomeado — direitos do material-fonte não documentados. Sem atestação humana de direitos.,false,false,not_applicable,hold_rights,extracao_compendio_LANCCILO,Neurocirurgia,Fonte é extração/consolidação de material de liga/grupo acadêmico (LANCCILO) atribuído a um professor nomeado — direitos do material-fonte não documentados. Sem atestação humana de direitos.,"Obter atestação humana específica de titularidade/direitos (ou licença documentada) antes de liberação comercial; para os grupos com fonte curricular/institucional de terceiro, isso inclui validar essa fonte (autorização do docente/instituição ou reautoria preservando tema/competência)."
f8e7180b-617c-4040-bf1d-add85d705c33,"Um cirurgião realiza ressecção macroscópica completa do meningioma, incluindo a dura-máter de inserção e o osso afetado. Segundo a Escala de",published,,,,"Extração e Consolidação — LANCCILO (Tumores do Sistema Nervoso Central), Prof. Dr. Carlos Zicarelli, Disciplina de Neurocirurgia, LANCCILO/PUCPR — Slide 31 (IMG",authorial,provavel_com_dependencia_de_terceiro,pending,Fonte é extração/consolidação de material de liga/grupo acadêmico (LANCCILO) atribuído a um professor nomeado — direitos do material-fonte não documentados. Sem atestação humana de direitos.,false,false,not_applicable,hold_rights,extracao_compendio_LANCCILO,Neurocirurgia,Fonte é extração/consolidação de material de liga/grupo acadêmico (LANCCILO) atribuído a um professor nomeado — direitos do material-fonte não documentados. Sem atestação humana de direitos.,"Obter atestação humana específica de titularidade/direitos (ou licença documentada) antes de liberação comercial; para os grupos com fonte curricular/institucional de terceiro, isso inclui validar essa fonte (autorização do docente/instituição ou reautoria preservando tema/competência)."
aa9d6c58-c7f4-4b88-8701-a41e4931e1f0,"Considerando a Escala de Simpson descrita no material, a relação entre o grau de ressecção cirúrgica e a taxa de recidiva do meningioma é:",published,,,,"Extração e Consolidação — LANCCILO (Tumores do Sistema Nervoso Central), Prof. Dr. Carlos Zicarelli, Disciplina de Neurocirurgia, LANCCILO/PUCPR — Slide 31 (IMG",authorial,provavel_com_dependencia_de_terceiro,pending,Fonte é extração/consolidação de material de liga/grupo acadêmico (LANCCILO) atribuído a um professor nomeado — direitos do material-fonte não documentados. Sem atestação humana de direitos.,false,false,not_applicable,hold_rights,extracao_compendio_LANCCILO,Neurocirurgia,Fonte é extração/consolidação de material de liga/grupo acadêmico (LANCCILO) atribuído a um professor nomeado — direitos do material-fonte não documentados. Sem atestação humana de direitos.,"Obter atestação humana específica de titularidade/direitos (ou licença documentada) antes de liberação comercial; para os grupos com fonte curricular/institucional de terceiro, isso inclui validar essa fonte (autorização do docente/instituição ou reautoria preservando tema/competência)."
81445315-fe43-4111-bd91-bec361d0d9b9,"Uma paciente de 48 anos apresenta sua primeira crise epiléptica tônico-clônica generalizada, sem déficit focal. A ressonância magnética abai",published,,,,"Extração e Consolidação — LANCCILO (Tumores do Sistema Nervoso Central), Prof. Dr. Carlos Zicarelli, Disciplina de Neurocirurgia, LANCCILO/PUCPR — Slide 43 (IMG",authorial,provavel_com_dependencia_de_terceiro,pending,Fonte é extração/consolidação de material de liga/grupo acadêmico (LANCCILO) atribuído a um professor nomeado — direitos do material-fonte não documentados. Sem atestação humana de direitos.,false,false,not_applicable,hold_rights,extracao_compendio_LANCCILO,Neurocirurgia,Fonte é extração/consolidação de material de liga/grupo acadêmico (LANCCILO) atribuído a um professor nomeado — direitos do material-fonte não documentados. Sem atestação humana de direitos.,"Obter atestação humana específica de titularidade/direitos (ou licença documentada) antes de liberação comercial; para os grupos com fonte curricular/institucional de terceiro, isso inclui validar essa fonte (autorização do docente/instituição ou reautoria preservando tema/competência)."
78ceacc0-047e-449b-8afb-b25714434789,Assinale a alternativa correta sobre o meningioma.,published,,,,"Extração e Consolidação — LANCCILO (Tumores do Sistema Nervoso Central), Prof. Dr. Carlos Zicarelli, Disciplina de Neurocirurgia, LANCCILO/PUCPR — Slide 31 (IMG",authorial,provavel_com_dependencia_de_terceiro,pending,Fonte é extração/consolidação de material de liga/grupo acadêmico (LANCCILO) atribuído a um professor nomeado — direitos do material-fonte não documentados. Sem atestação humana de direitos.,false,false,not_applicable,hold_rights,extracao_compendio_LANCCILO,Neurocirurgia,Fonte é extração/consolidação de material de liga/grupo acadêmico (LANCCILO) atribuído a um professor nomeado — direitos do material-fonte não documentados. Sem atestação humana de direitos.,"Obter atestação humana específica de titularidade/direitos (ou licença documentada) antes de liberação comercial; para os grupos com fonte curricular/institucional de terceiro, isso inclui validar essa fonte (autorização do docente/instituição ou reautoria preservando tema/competência)."
7534a4ed-8a69-4490-b29b-25b6ac5f94bd,"O schwannoma vestibular origina-se nas células de Schwann, envolvendo o ramo vestibular do VIII nervo craniano, e localiza-se classicamente:",published,,,,"Extração e Consolidação — LANCCILO (Tumores do Sistema Nervoso Central), Prof. Dr. Carlos Zicarelli, Disciplina de Neurocirurgia, LANCCILO/PUCPR — Slides 34–37 ",authorial,provavel_com_dependencia_de_terceiro,pending,Fonte é extração/consolidação de material de liga/grupo acadêmico (LANCCILO) atribuído a um professor nomeado — direitos do material-fonte não documentados. Sem atestação humana de direitos.,false,false,not_applicable,hold_rights,extracao_compendio_LANCCILO,Neurocirurgia,Fonte é extração/consolidação de material de liga/grupo acadêmico (LANCCILO) atribuído a um professor nomeado — direitos do material-fonte não documentados. Sem atestação humana de direitos.,"Obter atestação humana específica de titularidade/direitos (ou licença documentada) antes de liberação comercial; para os grupos com fonte curricular/institucional de terceiro, isso inclui validar essa fonte (autorização do docente/instituição ou reautoria preservando tema/competência)."
a2eeea73-14f1-42ad-a20e-a6703a11eb0e,A tríade clínica clássica do schwannoma vestibular inclui:,published,,,,"Extração e Consolidação — LANCCILO (Tumores do Sistema Nervoso Central), Prof. Dr. Carlos Zicarelli, Disciplina de Neurocirurgia, LANCCILO/PUCPR — Slide 34 (IMG",authorial,provavel_com_dependencia_de_terceiro,pending,Fonte é extração/consolidação de material de liga/grupo acadêmico (LANCCILO) atribuído a um professor nomeado — direitos do material-fonte não documentados. Sem atestação humana de direitos.,false,false,not_applicable,hold_rights,extracao_compendio_LANCCILO,Neurocirurgia,Fonte é extração/consolidação de material de liga/grupo acadêmico (LANCCILO) atribuído a um professor nomeado — direitos do material-fonte não documentados. Sem atestação humana de direitos.,"Obter atestação humana específica de titularidade/direitos (ou licença documentada) antes de liberação comercial; para os grupos com fonte curricular/institucional de terceiro, isso inclui validar essa fonte (autorização do docente/instituição ou reautoria preservando tema/competência)."
07af6418-85a6-4b40-b825-38cc1d51a5c3,A fotomicrografia abaixo mostra os dois padrões histológicos clássicos de um schwannoma vestibular. Como as células de Schwann neoplásicas s,published,,,,"Extração e Consolidação — LANCCILO (Tumores do Sistema Nervoso Central), Prof. Dr. Carlos Zicarelli, Disciplina de Neurocirurgia, LANCCILO/PUCPR — Slide 35 (IMG",authorial,provavel_com_dependencia_de_terceiro,pending,Fonte é extração/consolidação de material de liga/grupo acadêmico (LANCCILO) atribuído a um professor nomeado — direitos do material-fonte não documentados. Sem atestação humana de direitos.,false,false,not_applicable,hold_rights,extracao_compendio_LANCCILO,Neurocirurgia,Fonte é extração/consolidação de material de liga/grupo acadêmico (LANCCILO) atribuído a um professor nomeado — direitos do material-fonte não documentados. Sem atestação humana de direitos.,"Obter atestação humana específica de titularidade/direitos (ou licença documentada) antes de liberação comercial; para os grupos com fonte curricular/institucional de terceiro, isso inclui validar essa fonte (autorização do docente/instituição ou reautoria preservando tema/competência)."
745ebf13-eaa7-4bea-b6b3-489fce9fddf3,a conduta de observação (vigilância) no schwannoma vestibular é indicada para:,published,,,,"Extração e Consolidação — LANCCILO (Tumores do Sistema Nervoso Central), Prof. Dr. Carlos Zicarelli, Disciplina de Neurocirurgia, LANCCILO/PUCPR — Slide 34 (IMG",authorial,provavel_com_dependencia_de_terceiro,pending,Fonte é extração/consolidação de material de liga/grupo acadêmico (LANCCILO) atribuído a um professor nomeado — direitos do material-fonte não documentados. Sem atestação humana de direitos.,false,false,not_applicable,hold_rights,extracao_compendio_LANCCILO,Neurocirurgia,Fonte é extração/consolidação de material de liga/grupo acadêmico (LANCCILO) atribuído a um professor nomeado — direitos do material-fonte não documentados. Sem atestação humana de direitos.,"Obter atestação humana específica de titularidade/direitos (ou licença documentada) antes de liberação comercial; para os grupos com fonte curricular/institucional de terceiro, isso inclui validar essa fonte (autorização do docente/instituição ou reautoria preservando tema/competência)."
3a748f20-b0ae-496b-9ba4-545b5b10f5fc,Um paciente apresenta lesão no ângulo pontocerebelar. Um achado clínico que favorece o diagnóstico de schwannoma vestibular em detrimento de,published,,,,"Extração e Consolidação — LANCCILO (Tumores do Sistema Nervoso Central), Prof. Dr. Carlos Zicarelli, Disciplina de Neurocirurgia, LANCCILO/PUCPR — Slides 31 e 3",authorial,provavel_com_dependencia_de_terceiro,pending,Fonte é extração/consolidação de material de liga/grupo acadêmico (LANCCILO) atribuído a um professor nomeado — direitos do material-fonte não documentados. Sem atestação humana de direitos.,false,false,not_applicable,hold_rights,extracao_compendio_LANCCILO,Neurocirurgia,Fonte é extração/consolidação de material de liga/grupo acadêmico (LANCCILO) atribuído a um professor nomeado — direitos do material-fonte não documentados. Sem atestação humana de direitos.,"Obter atestação humana específica de titularidade/direitos (ou licença documentada) antes de liberação comercial; para os grupos com fonte curricular/institucional de terceiro, isso inclui validar essa fonte (autorização do docente/instituição ou reautoria preservando tema/competência)."
6fd7859d-b5f8-4be0-8a68-932b04a9e2c0,Assinale a alternativa correta sobre o schwannoma vestibular.,published,,,,"Extração e Consolidação — LANCCILO (Tumores do Sistema Nervoso Central), Prof. Dr. Carlos Zicarelli, Disciplina de Neurocirurgia, LANCCILO/PUCPR — Slides 34–35 ",authorial,provavel_com_dependencia_de_terceiro,pending,Fonte é extração/consolidação de material de liga/grupo acadêmico (LANCCILO) atribuído a um professor nomeado — direitos do material-fonte não documentados. Sem atestação humana de direitos.,false,false,not_applicable,hold_rights,extracao_compendio_LANCCILO,Neurocirurgia,Fonte é extração/consolidação de material de liga/grupo acadêmico (LANCCILO) atribuído a um professor nomeado — direitos do material-fonte não documentados. Sem atestação humana de direitos.,"Obter atestação humana específica de titularidade/direitos (ou licença documentada) antes de liberação comercial; para os grupos com fonte curricular/institucional de terceiro, isso inclui validar essa fonte (autorização do docente/instituição ou reautoria preservando tema/competência)."
4c9ce153-118e-4af7-bb81-3ef22c65e114,"Como a espessura da parede diferencia cavidade, cisto e enfisema entre as lucências pulmonares?",published,,,,"Pneumologia/Radiografia de Tórax Básica.pdf (aula, Dr. Felipe Souza — Medicina PUCPR Londrina)",authorial,provavel_com_dependencia_de_terceiro,pending,"Fonte citada é PDF de aula de docente nomeado (Radiografia de Tórax Básica, Dr. Felipe Souza, PUCPR Londrina) — material didático de terceiro, direitos não documentados. Sem atestação humana de direitos.",false,false,not_applicable,hold_rights,aula_professor_pdf,Radiologia,"Fonte citada é PDF de aula de docente nomeado (Radiografia de Tórax Básica, Dr. Felipe Souza, PUCPR Londrina) — material didático de terceiro, direitos não documentados. Sem atestação humana de direitos.","Obter atestação humana específica de titularidade/direitos (ou licença documentada) antes de liberação comercial; para os grupos com fonte curricular/institucional de terceiro, isso inclui validar essa fonte (autorização do docente/instituição ou reautoria preservando tema/competência)."
525627aa-a57c-433e-91b3-6d82313b468f,"Os PitNETs não funcionantes tendem a se manifestar tardiamente, provocando:",published,,,,"Extração e Consolidação — LANCCILO (Tumores do Sistema Nervoso Central), Prof. Dr. Carlos Zicarelli, Disciplina de Neurocirurgia, LANCCILO/PUCPR — Slide 39 (IMG",authorial,provavel_com_dependencia_de_terceiro,pending,Fonte é extração/consolidação de material de liga/grupo acadêmico (LANCCILO) atribuído a um professor nomeado — direitos do material-fonte não documentados. Sem atestação humana de direitos.,false,false,not_applicable,hold_rights,extracao_compendio_LANCCILO,Neurocirurgia,Fonte é extração/consolidação de material de liga/grupo acadêmico (LANCCILO) atribuído a um professor nomeado — direitos do material-fonte não documentados. Sem atestação humana de direitos.,"Obter atestação humana específica de titularidade/direitos (ou licença documentada) antes de liberação comercial; para os grupos com fonte curricular/institucional de terceiro, isso inclui validar essa fonte (autorização do docente/instituição ou reautoria preservando tema/competência)."
84b3cf09-32e9-4733-ad34-578ac98de6e6,O craniofaringioma papilar ocorre:,published,,,,"Extração e Consolidação — LANCCILO (Tumores do Sistema Nervoso Central), Prof. Dr. Carlos Zicarelli, Disciplina de Neurocirurgia, LANCCILO/PUCPR — Slide 39 (IMG",authorial,provavel_com_dependencia_de_terceiro,pending,Fonte é extração/consolidação de material de liga/grupo acadêmico (LANCCILO) atribuído a um professor nomeado — direitos do material-fonte não documentados. Sem atestação humana de direitos.,false,false,not_applicable,hold_rights,extracao_compendio_LANCCILO,Neurocirurgia,Fonte é extração/consolidação de material de liga/grupo acadêmico (LANCCILO) atribuído a um professor nomeado — direitos do material-fonte não documentados. Sem atestação humana de direitos.,"Obter atestação humana específica de titularidade/direitos (ou licença documentada) antes de liberação comercial; para os grupos com fonte curricular/institucional de terceiro, isso inclui validar essa fonte (autorização do docente/instituição ou reautoria preservando tema/competência)."
99ef87c1-b0ce-4f16-89b9-e19c26688f5b,"Em relação aos critérios diagnósticos moleculares dos craniofaringiomas descritos no material, é correto afirmar que:",published,,,,"Extração e Consolidação — LANCCILO (Tumores do Sistema Nervoso Central), Prof. Dr. Carlos Zicarelli, Disciplina de Neurocirurgia, LANCCILO/PUCPR — Slide 39 (IMG",authorial,provavel_com_dependencia_de_terceiro,pending,Fonte é extração/consolidação de material de liga/grupo acadêmico (LANCCILO) atribuído a um professor nomeado — direitos do material-fonte não documentados. Sem atestação humana de direitos.,false,false,not_applicable,hold_rights,extracao_compendio_LANCCILO,Neurocirurgia,Fonte é extração/consolidação de material de liga/grupo acadêmico (LANCCILO) atribuído a um professor nomeado — direitos do material-fonte não documentados. Sem atestação humana de direitos.,"Obter atestação humana específica de titularidade/direitos (ou licença documentada) antes de liberação comercial; para os grupos com fonte curricular/institucional de terceiro, isso inclui validar essa fonte (autorização do docente/instituição ou reautoria preservando tema/competência)."
75f6034c-3037-49ee-b325-98b3d680ac65,"A campimetria abaixo mostra perda temporal bilateral, e a ressonância magnética demonstra uma lesão selar próxima ao quiasma óptico. Qual me",published,,,,"Extração e Consolidação — LANCCILO (Tumores do Sistema Nervoso Central), Prof. Dr. Carlos Zicarelli, Disciplina de Neurocirurgia, LANCCILO/PUCPR — Slide 38 (IMG",authorial,provavel_com_dependencia_de_terceiro,pending,Fonte é extração/consolidação de material de liga/grupo acadêmico (LANCCILO) atribuído a um professor nomeado — direitos do material-fonte não documentados. Sem atestação humana de direitos.,false,false,not_applicable,hold_rights,extracao_compendio_LANCCILO,Neurocirurgia,Fonte é extração/consolidação de material de liga/grupo acadêmico (LANCCILO) atribuído a um professor nomeado — direitos do material-fonte não documentados. Sem atestação humana de direitos.,"Obter atestação humana específica de titularidade/direitos (ou licença documentada) antes de liberação comercial; para os grupos com fonte curricular/institucional de terceiro, isso inclui validar essa fonte (autorização do docente/instituição ou reautoria preservando tema/competência)."
b28ce75b-95d2-46ca-bde6-94c087226f1a,Assinale a alternativa correta sobre os critérios diagnósticos do adenoma hipofisário (PitNET) apresentados no material.,published,,,,"Extração e Consolidação — LANCCILO (Tumores do Sistema Nervoso Central), Prof. Dr. Carlos Zicarelli, Disciplina de Neurocirurgia, LANCCILO/PUCPR — Slide 39 (IMG",authorial,provavel_com_dependencia_de_terceiro,pending,Fonte é extração/consolidação de material de liga/grupo acadêmico (LANCCILO) atribuído a um professor nomeado — direitos do material-fonte não documentados. Sem atestação humana de direitos.,false,false,not_applicable,hold_rights,extracao_compendio_LANCCILO,Neurocirurgia,Fonte é extração/consolidação de material de liga/grupo acadêmico (LANCCILO) atribuído a um professor nomeado — direitos do material-fonte não documentados. Sem atestação humana de direitos.,"Obter atestação humana específica de titularidade/direitos (ou licença documentada) antes de liberação comercial; para os grupos com fonte curricular/institucional de terceiro, isso inclui validar essa fonte (autorização do docente/instituição ou reautoria preservando tema/competência)."
05cbeadc-602f-4440-9b49-8584e5b8f5c1,"O meduloblastoma é descrito no material como o tumor cerebral maligno mais comum da infância, classificado como:",published,,,,"Extração e Consolidação — LANCCILO (Tumores do Sistema Nervoso Central), Prof. Dr. Carlos Zicarelli, Disciplina de Neurocirurgia, LANCCILO/PUCPR — Slide 40 (IMG",authorial,provavel_com_dependencia_de_terceiro,pending,Fonte é extração/consolidação de material de liga/grupo acadêmico (LANCCILO) atribuído a um professor nomeado — direitos do material-fonte não documentados. Sem atestação humana de direitos.,false,false,not_applicable,hold_rights,extracao_compendio_LANCCILO,Neurocirurgia,Fonte é extração/consolidação de material de liga/grupo acadêmico (LANCCILO) atribuído a um professor nomeado — direitos do material-fonte não documentados. Sem atestação humana de direitos.,"Obter atestação humana específica de titularidade/direitos (ou licença documentada) antes de liberação comercial; para os grupos com fonte curricular/institucional de terceiro, isso inclui validar essa fonte (autorização do docente/instituição ou reautoria preservando tema/competência)."
5ad6aeff-0474-4f70-9bff-2af0b0e807bb,"A ressonância magnética abaixo mostra uma massa sólida de linha média na fossa posterior, originada no teto do quarto ventrículo, padrão típ",published,,,,"Extração e Consolidação — LANCCILO (Tumores do Sistema Nervoso Central), Prof. Dr. Carlos Zicarelli, Disciplina de Neurocirurgia, LANCCILO/PUCPR — Slide 40 (IMG",authorial,provavel_com_dependencia_de_terceiro,pending,Fonte é extração/consolidação de material de liga/grupo acadêmico (LANCCILO) atribuído a um professor nomeado — direitos do material-fonte não documentados. Sem atestação humana de direitos.,false,false,not_applicable,hold_rights,extracao_compendio_LANCCILO,Neurocirurgia,Fonte é extração/consolidação de material de liga/grupo acadêmico (LANCCILO) atribuído a um professor nomeado — direitos do material-fonte não documentados. Sem atestação humana de direitos.,"Obter atestação humana específica de titularidade/direitos (ou licença documentada) antes de liberação comercial; para os grupos com fonte curricular/institucional de terceiro, isso inclui validar essa fonte (autorização do docente/instituição ou reautoria preservando tema/competência)."
5e508a43-2e7e-4eec-a10f-c05510e10d75,"O meduloblastoma apresenta alta propensão de disseminação precoce, caracterizada por:",published,,,,"Extração e Consolidação — LANCCILO (Tumores do Sistema Nervoso Central), Prof. Dr. Carlos Zicarelli, Disciplina de Neurocirurgia, LANCCILO/PUCPR — Slide 40 (IMG",authorial,provavel_com_dependencia_de_terceiro,pending,Fonte é extração/consolidação de material de liga/grupo acadêmico (LANCCILO) atribuído a um professor nomeado — direitos do material-fonte não documentados. Sem atestação humana de direitos.,false,false,not_applicable,hold_rights,extracao_compendio_LANCCILO,Neurocirurgia,Fonte é extração/consolidação de material de liga/grupo acadêmico (LANCCILO) atribuído a um professor nomeado — direitos do material-fonte não documentados. Sem atestação humana de direitos.,"Obter atestação humana específica de titularidade/direitos (ou licença documentada) antes de liberação comercial; para os grupos com fonte curricular/institucional de terceiro, isso inclui validar essa fonte (autorização do docente/instituição ou reautoria preservando tema/competência)."
e549b588-4f39-49ab-80cd-7572a8df1a8a,"Duas crianças apresentam massas em fossa posterior. A criança 1 tem lesão cística cerebelar lateral, com nódulo mural, e curso clínico de me",published,,,,"Extração e Consolidação — LANCCILO (Tumores do Sistema Nervoso Central), Prof. Dr. Carlos Zicarelli, Disciplina de Neurocirurgia, LANCCILO/PUCPR — Slides 18 e 4",authorial,provavel_com_dependencia_de_terceiro,pending,Fonte é extração/consolidação de material de liga/grupo acadêmico (LANCCILO) atribuído a um professor nomeado — direitos do material-fonte não documentados. Sem atestação humana de direitos.,false,false,not_applicable,hold_rights,extracao_compendio_LANCCILO,Neurocirurgia,Fonte é extração/consolidação de material de liga/grupo acadêmico (LANCCILO) atribuído a um professor nomeado — direitos do material-fonte não documentados. Sem atestação humana de direitos.,"Obter atestação humana específica de titularidade/direitos (ou licença documentada) antes de liberação comercial; para os grupos com fonte curricular/institucional de terceiro, isso inclui validar essa fonte (autorização do docente/instituição ou reautoria preservando tema/competência)."
3fd8b73e-5dac-4eb9-90e8-d352ed29891c,Assinale a alternativa correta sobre o tratamento do meduloblastoma.,published,,,,"Extração e Consolidação — LANCCILO (Tumores do Sistema Nervoso Central), Prof. Dr. Carlos Zicarelli, Disciplina de Neurocirurgia, LANCCILO/PUCPR — Slide 40 (IMG",authorial,provavel_com_dependencia_de_terceiro,pending,Fonte é extração/consolidação de material de liga/grupo acadêmico (LANCCILO) atribuído a um professor nomeado — direitos do material-fonte não documentados. Sem atestação humana de direitos.,false,false,not_applicable,hold_rights,extracao_compendio_LANCCILO,Neurocirurgia,Fonte é extração/consolidação de material de liga/grupo acadêmico (LANCCILO) atribuído a um professor nomeado — direitos do material-fonte não documentados. Sem atestação humana de direitos.,"Obter atestação humana específica de titularidade/direitos (ou licença documentada) antes de liberação comercial; para os grupos com fonte curricular/institucional de terceiro, isso inclui validar essa fonte (autorização do docente/instituição ou reautoria preservando tema/competência)."
cfdf3382-3e98-44d8-acd9-62ef385a5421,"a craniotomia/microcirurgia é a principal terapia de escolha nos tumores cerebrais, tendo como metas:",published,,,,"Extração e Consolidação — LANCCILO (Tumores do Sistema Nervoso Central), Prof. Dr. Carlos Zicarelli, Disciplina de Neurocirurgia, LANCCILO/PUCPR — Slide 41 (IMG",authorial,provavel_com_dependencia_de_terceiro,pending,Fonte é extração/consolidação de material de liga/grupo acadêmico (LANCCILO) atribuído a um professor nomeado — direitos do material-fonte não documentados. Sem atestação humana de direitos.,false,false,not_applicable,hold_rights,extracao_compendio_LANCCILO,Neurocirurgia,Fonte é extração/consolidação de material de liga/grupo acadêmico (LANCCILO) atribuído a um professor nomeado — direitos do material-fonte não documentados. Sem atestação humana de direitos.,"Obter atestação humana específica de titularidade/direitos (ou licença documentada) antes de liberação comercial; para os grupos com fonte curricular/institucional de terceiro, isso inclui validar essa fonte (autorização do docente/instituição ou reautoria preservando tema/competência)."
cecf984e-6ab0-4bde-a55d-24d0f4a08396,A conduta de  vigilância ativa  (watch and wait) é reservada para:,published,,,,"Extração e Consolidação — LANCCILO (Tumores do Sistema Nervoso Central), Prof. Dr. Carlos Zicarelli, Disciplina de Neurocirurgia, LANCCILO/PUCPR — Slide 41 (IMG",authorial,provavel_com_dependencia_de_terceiro,pending,Fonte é extração/consolidação de material de liga/grupo acadêmico (LANCCILO) atribuído a um professor nomeado — direitos do material-fonte não documentados. Sem atestação humana de direitos.,false,false,not_applicable,hold_rights,extracao_compendio_LANCCILO,Neurocirurgia,Fonte é extração/consolidação de material de liga/grupo acadêmico (LANCCILO) atribuído a um professor nomeado — direitos do material-fonte não documentados. Sem atestação humana de direitos.,"Obter atestação humana específica de titularidade/direitos (ou licença documentada) antes de liberação comercial; para os grupos com fonte curricular/institucional de terceiro, isso inclui validar essa fonte (autorização do docente/instituição ou reautoria preservando tema/competência)."
fd405deb-6664-439f-89c0-240150b91f1d,Qual conduta está mais alinhada à evidência atual (FOURIER e ODYSSEY OUTCOMES)? ,draft,"NexusMed (questão autoral, não extraída de prova real)",,2026,,authorial,rotulada_sem_atestacao,pending,"Marcado no banco como ""questão autoral NexusMed, não extraída de prova real"" — esse rótulo de origem é autodeclarado no próprio registro, não uma atestação humana específica de direitos (23-B) nem prova documental de titularidade. rights_status=pending até atestação ou licença.",false,false,not_applicable,hold_rights,autoral_explicito_NexusMed,Cardiologia,"Marcado no banco como ""questão autoral NexusMed, não extraída de prova real"" — esse rótulo de origem é autodeclarado no próprio registro, não uma atestação humana específica de direitos (23-B) nem prova documental de titularidade. rights_status=pending até atestação ou licença.","Obter atestação humana específica de titularidade/direitos (ou licença documentada) antes de liberação comercial; para os grupos com fonte curricular/institucional de terceiro, isso inclui validar essa fonte (autorização do docente/instituição ou reautoria preservando tema/competência)."
6d2bbaa2-b837-4cb6-b3c0-6ffccecc4804,"Diante de um paciente com tosse crônica, qual conjunto de achados associados deve ser interpretado como sinal de alarme, indicando necessida",published,,,,PUC/Saúde do Adulto 1/Pneumologia/Tutorial/Caso 3/Tutorial 3 - Estou tendo tosse.pdf; Pesquisa ativa (Irwin RS et al. Classification of Cough as a Symptom in Ad,authorial,provavel_com_dependencia_de_terceiro,pending,"Questão redigida pelo usuário, mas o caso/tutorial-fonte citado é material curricular da instituição de ensino (PUC), possivelmente de autoria de docente/curso — extensão de reuso verbatim do caso não auditada neste levantamento. Sem atestação humana de direitos.",false,false,not_applicable,hold_rights,curricular_PUC_tutorial_caso,Pneumologia,"Questão redigida pelo usuário, mas o caso/tutorial-fonte citado é material curricular da instituição de ensino (PUC), possivelmente de autoria de docente/curso — extensão de reuso verbatim do caso não auditada neste levantamento. Sem atestação humana de direitos.","Obter atestação humana específica de titularidade/direitos (ou licença documentada) antes de liberação comercial; para os grupos com fonte curricular/institucional de terceiro, isso inclui validar essa fonte (autorização do docente/instituição ou reautoria preservando tema/competência)."
de8cf0ff-dfa8-449e-8892-24c6d64d1ae6,Quais características costumam diferenciar hemoptise verdadeira (originada no trato respiratório inferior) de hematêmese e de pseudo-hemopti,published,,,,PUC/Saúde do Adulto 1/Pneumologia/Tutorial/Caso 3/Tutorial 3 - Estou tendo tosse.pdf; Pesquisa ativa (Ittrich H et al. The Diagnosis and Treatment of Hemoptysis,authorial,provavel_com_dependencia_de_terceiro,pending,"Questão redigida pelo usuário, mas o caso/tutorial-fonte citado é material curricular da instituição de ensino (PUC), possivelmente de autoria de docente/curso — extensão de reuso verbatim do caso não auditada neste levantamento. Sem atestação humana de direitos.",false,false,not_applicable,hold_rights,curricular_PUC_tutorial_caso,Pneumologia,"Questão redigida pelo usuário, mas o caso/tutorial-fonte citado é material curricular da instituição de ensino (PUC), possivelmente de autoria de docente/curso — extensão de reuso verbatim do caso não auditada neste levantamento. Sem atestação humana de direitos.","Obter atestação humana específica de titularidade/direitos (ou licença documentada) antes de liberação comercial; para os grupos com fonte curricular/institucional de terceiro, isso inclui validar essa fonte (autorização do docente/instituição ou reautoria preservando tema/competência)."
d38b16ce-3a87-4955-9ec2-c5705dc33d08,"No exame físico de um paciente com hemoptise constam SpO2 de 90%, hipocorado 1+/4 e tempo de enchimento capilar < 3 segundos, mas faltam doi",published,,,,"PUC/Saúde do Adulto 1/Pneumologia/Tutorial/Caso 3/Tutorial 3 - Estou tendo tosse.pdf; Pesquisa ativa (Goldman-Cecil Medicine, capítulo de Pneumologia — abordage",authorial,provavel_com_dependencia_de_terceiro,pending,"Questão redigida pelo usuário, mas o caso/tutorial-fonte citado é material curricular da instituição de ensino (PUC), possivelmente de autoria de docente/curso — extensão de reuso verbatim do caso não auditada neste levantamento. Sem atestação humana de direitos.",false,false,not_applicable,hold_rights,curricular_PUC_tutorial_caso,Pneumologia,"Questão redigida pelo usuário, mas o caso/tutorial-fonte citado é material curricular da instituição de ensino (PUC), possivelmente de autoria de docente/curso — extensão de reuso verbatim do caso não auditada neste levantamento. Sem atestação humana de direitos.","Obter atestação humana específica de titularidade/direitos (ou licença documentada) antes de liberação comercial; para os grupos com fonte curricular/institucional de terceiro, isso inclui validar essa fonte (autorização do docente/instituição ou reautoria preservando tema/competência)."
8a717fa8-94ca-4007-be20-b22b11ffb921,"Antes de assumir que um sangramento expectorado tem origem pulmonar, quais achados do exame físico devem ser ativamente pesquisados para exc",published,,,,PUC/Saúde do Adulto 1/Pneumologia/Tutorial/Caso 3/Tutorial 3 - Estou tendo tosse.pdf; Pesquisa ativa (Ittrich H et al. The Diagnosis and Treatment of Hemoptysis,authorial,provavel_com_dependencia_de_terceiro,pending,"Questão redigida pelo usuário, mas o caso/tutorial-fonte citado é material curricular da instituição de ensino (PUC), possivelmente de autoria de docente/curso — extensão de reuso verbatim do caso não auditada neste levantamento. Sem atestação humana de direitos.",false,false,not_applicable,hold_rights,curricular_PUC_tutorial_caso,Pneumologia,"Questão redigida pelo usuário, mas o caso/tutorial-fonte citado é material curricular da instituição de ensino (PUC), possivelmente de autoria de docente/curso — extensão de reuso verbatim do caso não auditada neste levantamento. Sem atestação humana de direitos.","Obter atestação humana específica de titularidade/direitos (ou licença documentada) antes de liberação comercial; para os grupos com fonte curricular/institucional de terceiro, isso inclui validar essa fonte (autorização do docente/instituição ou reautoria preservando tema/competência)."
4ca6551b-6e0b-4660-a30e-325f7ec00ed4,"Em um paciente com suspeita de neoplasia pulmonar central, qual combinação de achados ao exame físico, se presente, sugeriria doença localme",published,,,,PUC/Saúde do Adulto 1/Pneumologia/Tutorial/Caso 3/Tutorial 3 - Estou tendo tosse.pdf; Pesquisa ativa (Ost DE et al. Clinical and Organizational Factors in the I,authorial,provavel_com_dependencia_de_terceiro,pending,"Questão redigida pelo usuário, mas o caso/tutorial-fonte citado é material curricular da instituição de ensino (PUC), possivelmente de autoria de docente/curso — extensão de reuso verbatim do caso não auditada neste levantamento. Sem atestação humana de direitos.",false,false,not_applicable,hold_rights,curricular_PUC_tutorial_caso,Pneumologia,"Questão redigida pelo usuário, mas o caso/tutorial-fonte citado é material curricular da instituição de ensino (PUC), possivelmente de autoria de docente/curso — extensão de reuso verbatim do caso não auditada neste levantamento. Sem atestação humana de direitos.","Obter atestação humana específica de titularidade/direitos (ou licença documentada) antes de liberação comercial; para os grupos com fonte curricular/institucional de terceiro, isso inclui validar essa fonte (autorização do docente/instituição ou reautoria preservando tema/competência)."
1ee5e907-9b8d-4945-9477-f98dd8a5770e,Paciente com radiografia mostrando opacidade expansiva hilar/perihilar sugestiva de massa apresenta ausculta pulmonar com murmúrio vesicular,published,,,,"PUC/Saúde do Adulto 1/Pneumologia/Tutorial/Caso 3/Tutorial 3 - Estou tendo tosse.pdf; Pesquisa ativa (Goldman-Cecil Medicine, capítulo de Pneumologia — abordage",authorial,provavel_com_dependencia_de_terceiro,pending,"Questão redigida pelo usuário, mas o caso/tutorial-fonte citado é material curricular da instituição de ensino (PUC), possivelmente de autoria de docente/curso — extensão de reuso verbatim do caso não auditada neste levantamento. Sem atestação humana de direitos.",false,false,not_applicable,hold_rights,curricular_PUC_tutorial_caso,Pneumologia,"Questão redigida pelo usuário, mas o caso/tutorial-fonte citado é material curricular da instituição de ensino (PUC), possivelmente de autoria de docente/curso — extensão de reuso verbatim do caso não auditada neste levantamento. Sem atestação humana de direitos.","Obter atestação humana específica de titularidade/direitos (ou licença documentada) antes de liberação comercial; para os grupos com fonte curricular/institucional de terceiro, isso inclui validar essa fonte (autorização do docente/instituição ou reautoria preservando tema/competência)."
e738f58f-f199-4024-a245-67082877f135,"Paciente do sexo masculino apresenta Hb de 10 g/dL e Ht de 30% (referências: Hb 13,0–18,0 g/dL; Ht 38–52%), além de tosse crônica, hemoptise",published,,,,"PUC/Saúde do Adulto 1/Pneumologia/Tutorial/Caso 3/Tutorial 3 - Estou tendo tosse.pdf; Pesquisa ativa (Weiss G, Goodnough LT. Anemia of Chronic Disease. N Engl J",authorial,provavel_com_dependencia_de_terceiro,pending,"Questão redigida pelo usuário, mas o caso/tutorial-fonte citado é material curricular da instituição de ensino (PUC), possivelmente de autoria de docente/curso — extensão de reuso verbatim do caso não auditada neste levantamento. Sem atestação humana de direitos.",false,false,not_applicable,hold_rights,curricular_PUC_tutorial_caso,Pneumologia,"Questão redigida pelo usuário, mas o caso/tutorial-fonte citado é material curricular da instituição de ensino (PUC), possivelmente de autoria de docente/curso — extensão de reuso verbatim do caso não auditada neste levantamento. Sem atestação humana de direitos.","Obter atestação humana específica de titularidade/direitos (ou licença documentada) antes de liberação comercial; para os grupos com fonte curricular/institucional de terceiro, isso inclui validar essa fonte (autorização do docente/instituição ou reautoria preservando tema/competência)."
55572508-e89e-400e-ae0c-1a7c7f188399,"Paciente apresenta SpO2 de 90%, enquanto a gasometria arterial é registrada apenas como  normal , sem valores numéricos. Qual é o problema d",published,,,,"PUC/Saúde do Adulto 1/Pneumologia/Tutorial/Caso 3/Tutorial 3 - Estou tendo tosse.pdf; Pesquisa ativa (Goldman-Cecil Medicine, capítulo de Pneumologia — abordage",authorial,provavel_com_dependencia_de_terceiro,pending,"Questão redigida pelo usuário, mas o caso/tutorial-fonte citado é material curricular da instituição de ensino (PUC), possivelmente de autoria de docente/curso — extensão de reuso verbatim do caso não auditada neste levantamento. Sem atestação humana de direitos.",false,false,not_applicable,hold_rights,curricular_PUC_tutorial_caso,Pneumologia,"Questão redigida pelo usuário, mas o caso/tutorial-fonte citado é material curricular da instituição de ensino (PUC), possivelmente de autoria de docente/curso — extensão de reuso verbatim do caso não auditada neste levantamento. Sem atestação humana de direitos.","Obter atestação humana específica de titularidade/direitos (ou licença documentada) antes de liberação comercial; para os grupos com fonte curricular/institucional de terceiro, isso inclui validar essa fonte (autorização do docente/instituição ou reautoria preservando tema/competência)."
19ac6731-40e5-43df-addd-03da84fa7e5c,"Em um paciente com suspeita de tromboembolismo pulmonar (TEP), o dímero-D foi negativo. Em que condição esse resultado permite praticamente ",published,,,,PUC/Saúde do Adulto 1/Pneumologia/Tutorial/Caso 3/Tutorial 3 - Estou tendo tosse.pdf; Pesquisa ativa (Konstantinides SV et al. 2019 ESC Guidelines for the Diagn,authorial,provavel_com_dependencia_de_terceiro,pending,"Questão redigida pelo usuário, mas o caso/tutorial-fonte citado é material curricular da instituição de ensino (PUC), possivelmente de autoria de docente/curso — extensão de reuso verbatim do caso não auditada neste levantamento. Sem atestação humana de direitos.",false,false,not_applicable,hold_rights,curricular_PUC_tutorial_caso,Pneumologia,"Questão redigida pelo usuário, mas o caso/tutorial-fonte citado é material curricular da instituição de ensino (PUC), possivelmente de autoria de docente/curso — extensão de reuso verbatim do caso não auditada neste levantamento. Sem atestação humana de direitos.","Obter atestação humana específica de titularidade/direitos (ou licença documentada) antes de liberação comercial; para os grupos com fonte curricular/institucional de terceiro, isso inclui validar essa fonte (autorização do docente/instituição ou reautoria preservando tema/competência)."
50a196bc-351f-4a19-85a1-07a9e0cb7d7f,Quais são os principais fatores de risco estabelecidos para câncer de pulmão?,published,,,,PUC/Saúde do Adulto 1/Pneumologia/Tutorial/Caso 3/Tutorial 3 - Estou tendo tosse.pdf; Pesquisa ativa (Alberg AJ et al. Epidemiology of Lung Cancer. Chest. 2013),authorial,provavel_com_dependencia_de_terceiro,pending,"Questão redigida pelo usuário, mas o caso/tutorial-fonte citado é material curricular da instituição de ensino (PUC), possivelmente de autoria de docente/curso — extensão de reuso verbatim do caso não auditada neste levantamento. Sem atestação humana de direitos.",false,false,not_applicable,hold_rights,curricular_PUC_tutorial_caso,Pneumologia,"Questão redigida pelo usuário, mas o caso/tutorial-fonte citado é material curricular da instituição de ensino (PUC), possivelmente de autoria de docente/curso — extensão de reuso verbatim do caso não auditada neste levantamento. Sem atestação humana de direitos.","Obter atestação humana específica de titularidade/direitos (ou licença documentada) antes de liberação comercial; para os grupos com fonte curricular/institucional de terceiro, isso inclui validar essa fonte (autorização do docente/instituição ou reautoria preservando tema/competência)."
2d832baa-1571-4c12-b369-00d4da92ed53,"Como se diferencia, do ponto de vista clínico, a apresentação típica de um tumor pulmonar central em relação a um tumor periférico?",published,,,,PUC/Saúde do Adulto 1/Pneumologia/Tutorial/Caso 3/Tutorial 3 - Estou tendo tosse.pdf; Pesquisa ativa (Rivera MP et al. Establishing the Diagnosis of Lung Cancer,authorial,provavel_com_dependencia_de_terceiro,pending,"Questão redigida pelo usuário, mas o caso/tutorial-fonte citado é material curricular da instituição de ensino (PUC), possivelmente de autoria de docente/curso — extensão de reuso verbatim do caso não auditada neste levantamento. Sem atestação humana de direitos.",false,false,not_applicable,hold_rights,curricular_PUC_tutorial_caso,Pneumologia,"Questão redigida pelo usuário, mas o caso/tutorial-fonte citado é material curricular da instituição de ensino (PUC), possivelmente de autoria de docente/curso — extensão de reuso verbatim do caso não auditada neste levantamento. Sem atestação humana de direitos.","Obter atestação humana específica de titularidade/direitos (ou licença documentada) antes de liberação comercial; para os grupos com fonte curricular/institucional de terceiro, isso inclui validar essa fonte (autorização do docente/instituição ou reautoria preservando tema/competência)."
737c16f1-1568-49e0-960d-8c50f8a9cd90,A radiografia de tórax de um paciente mostra opacidade expansiva hilar/perihilar esquerda. Quais são os limites desse exame e qual é a condu,published,,,,PUC/Saúde do Adulto 1/Pneumologia/Tutorial/Caso 3/Tutorial 3 - Estou tendo tosse.pdf; Pesquisa ativa (Olsen KM et al. ACR Appropriateness Criteria Hemoptysis. J,authorial,provavel_com_dependencia_de_terceiro,pending,"Questão redigida pelo usuário, mas o caso/tutorial-fonte citado é material curricular da instituição de ensino (PUC), possivelmente de autoria de docente/curso — extensão de reuso verbatim do caso não auditada neste levantamento. Sem atestação humana de direitos.",false,false,not_applicable,hold_rights,curricular_PUC_tutorial_caso,Pneumologia,"Questão redigida pelo usuário, mas o caso/tutorial-fonte citado é material curricular da instituição de ensino (PUC), possivelmente de autoria de docente/curso — extensão de reuso verbatim do caso não auditada neste levantamento. Sem atestação humana de direitos.","Obter atestação humana específica de titularidade/direitos (ou licença documentada) antes de liberação comercial; para os grupos com fonte curricular/institucional de terceiro, isso inclui validar essa fonte (autorização do docente/instituição ou reautoria preservando tema/competência)."
2fba81d1-0950-4380-ac48-5dfe2df7b279,"Qual é a diferença conceitual entre a investigação diagnóstica e o estadiamento de uma neoplasia pulmonar suspeitada por imagem, e que exame",published,,,,PUC/Saúde do Adulto 1/Pneumologia/Tutorial/Caso 3/Tutorial 3 - Estou tendo tosse.pdf; Pesquisa ativa (Silvestri GA et al. Methods for Staging Non-small Cell Lun,authorial,provavel_com_dependencia_de_terceiro,pending,"Questão redigida pelo usuário, mas o caso/tutorial-fonte citado é material curricular da instituição de ensino (PUC), possivelmente de autoria de docente/curso — extensão de reuso verbatim do caso não auditada neste levantamento. Sem atestação humana de direitos.",false,false,not_applicable,hold_rights,curricular_PUC_tutorial_caso,Pneumologia,"Questão redigida pelo usuário, mas o caso/tutorial-fonte citado é material curricular da instituição de ensino (PUC), possivelmente de autoria de docente/curso — extensão de reuso verbatim do caso não auditada neste levantamento. Sem atestação humana de direitos.","Obter atestação humana específica de titularidade/direitos (ou licença documentada) antes de liberação comercial; para os grupos com fonte curricular/institucional de terceiro, isso inclui validar essa fonte (autorização do docente/instituição ou reautoria preservando tema/competência)."
aa688eee-bac4-4d15-8f28-7263ebc51932,"A carga tabágica costuma ser quantificada em anos-maço (número de maços fumados por dia × anos de tabagismo). Um paciente que fumou 1,5 maço",published,,,,PUC/Saúde do Adulto 1/Pneumologia/Tutorial/Caso 3/Tutorial 3 - Estou tendo tosse.pdf; Pesquisa ativa (Alberg AJ et al. Epidemiology of Lung Cancer. Chest. 2013),authorial,provavel_com_dependencia_de_terceiro,pending,"Questão redigida pelo usuário, mas o caso/tutorial-fonte citado é material curricular da instituição de ensino (PUC), possivelmente de autoria de docente/curso — extensão de reuso verbatim do caso não auditada neste levantamento. Sem atestação humana de direitos.",false,false,not_applicable,hold_rights,curricular_PUC_tutorial_caso,Pneumologia,"Questão redigida pelo usuário, mas o caso/tutorial-fonte citado é material curricular da instituição de ensino (PUC), possivelmente de autoria de docente/curso — extensão de reuso verbatim do caso não auditada neste levantamento. Sem atestação humana de direitos.","Obter atestação humana específica de titularidade/direitos (ou licença documentada) antes de liberação comercial; para os grupos com fonte curricular/institucional de terceiro, isso inclui validar essa fonte (autorização do docente/instituição ou reautoria preservando tema/competência)."
19a17094-a7b7-46d0-a1d9-c89469d234cc,"Paciente trabalha como pedreiro desde os 18 anos, com exposição ocupacional prolongada à poeira de sílica. Do ponto de vista fisiopatológico",published,,,,"PUC/Saúde do Adulto 1/Pneumologia/Tutorial/Caso 3/Tutorial 3 - Estou tendo tosse.pdf; Pesquisa ativa (Ehrlich R et al. The association between silica exposure, ",authorial,provavel_com_dependencia_de_terceiro,pending,"Questão redigida pelo usuário, mas o caso/tutorial-fonte citado é material curricular da instituição de ensino (PUC), possivelmente de autoria de docente/curso — extensão de reuso verbatim do caso não auditada neste levantamento. Sem atestação humana de direitos.",false,false,not_applicable,hold_rights,curricular_PUC_tutorial_caso,Pneumologia,"Questão redigida pelo usuário, mas o caso/tutorial-fonte citado é material curricular da instituição de ensino (PUC), possivelmente de autoria de docente/curso — extensão de reuso verbatim do caso não auditada neste levantamento. Sem atestação humana de direitos.","Obter atestação humana específica de titularidade/direitos (ou licença documentada) antes de liberação comercial; para os grupos com fonte curricular/institucional de terceiro, isso inclui validar essa fonte (autorização do docente/instituição ou reautoria preservando tema/competência)."
b3ebd7c1-ffeb-49f2-935b-231544991024,"Um paciente com hemoptise leve (raias de sangue no escarro), sem repercussão hemodinâmica ou respiratória, sem obstrução de via aérea e sem ",published,,,,PUC/Saúde do Adulto 1/Pneumologia/Tutorial/Caso 3/Tutorial 3 - Estou tendo tosse.pdf; Pesquisa ativa (Olsen KM et al. ACR Appropriateness Criteria Hemoptysis. J,authorial,provavel_com_dependencia_de_terceiro,pending,"Questão redigida pelo usuário, mas o caso/tutorial-fonte citado é material curricular da instituição de ensino (PUC), possivelmente de autoria de docente/curso — extensão de reuso verbatim do caso não auditada neste levantamento. Sem atestação humana de direitos.",false,false,not_applicable,hold_rights,curricular_PUC_tutorial_caso,Pneumologia,"Questão redigida pelo usuário, mas o caso/tutorial-fonte citado é material curricular da instituição de ensino (PUC), possivelmente de autoria de docente/curso — extensão de reuso verbatim do caso não auditada neste levantamento. Sem atestação humana de direitos.","Obter atestação humana específica de titularidade/direitos (ou licença documentada) antes de liberação comercial; para os grupos com fonte curricular/institucional de terceiro, isso inclui validar essa fonte (autorização do docente/instituição ou reautoria preservando tema/competência)."
666b2c96-3716-47b8-a83b-3f79449fa7ae,Qual volume pulmonar não pode ser medido diretamente pela espirometria simples?,published,,,,Dados/Educação/PUC/Periodos/04/Curriculares/Habilidades profissionais 4/Pneumologia/Prova função pulmonar da teoria a prática.pdf + Estudos/Base de Estudos/Bibl,authorial,provavel_com_dependencia_de_terceiro,pending,"Questão redigida pelo usuário, mas o caso/tutorial-fonte citado é material curricular da instituição de ensino (PUC), possivelmente de autoria de docente/curso — extensão de reuso verbatim do caso não auditada neste levantamento. Sem atestação humana de direitos.",false,false,not_applicable,hold_rights,curricular_PUC_tutorial_caso,Pneumologia,"Questão redigida pelo usuário, mas o caso/tutorial-fonte citado é material curricular da instituição de ensino (PUC), possivelmente de autoria de docente/curso — extensão de reuso verbatim do caso não auditada neste levantamento. Sem atestação humana de direitos.","Obter atestação humana específica de titularidade/direitos (ou licença documentada) antes de liberação comercial; para os grupos com fonte curricular/institucional de terceiro, isso inclui validar essa fonte (autorização do docente/instituição ou reautoria preservando tema/competência)."
12c9c809-7750-44c5-8493-cfee123e1171,Uma pessoa será submetida a espirometria ambulatorial. Qual orientação está de acordo com as recomendações brasileiras de 2024?,published,,,,Dados/Educação/PUC/Periodos/04/Curriculares/Habilidades profissionais 4/Pneumologia/Prova função pulmonar da teoria a prática.pdf + Estudos/Base de Estudos/Bibl,authorial,provavel_com_dependencia_de_terceiro,pending,"Questão redigida pelo usuário, mas o caso/tutorial-fonte citado é material curricular da instituição de ensino (PUC), possivelmente de autoria de docente/curso — extensão de reuso verbatim do caso não auditada neste levantamento. Sem atestação humana de direitos.",false,false,not_applicable,hold_rights,curricular_PUC_tutorial_caso,Pneumologia,"Questão redigida pelo usuário, mas o caso/tutorial-fonte citado é material curricular da instituição de ensino (PUC), possivelmente de autoria de docente/curso — extensão de reuso verbatim do caso não auditada neste levantamento. Sem atestação humana de direitos.","Obter atestação humana específica de titularidade/direitos (ou licença documentada) antes de liberação comercial; para os grupos com fonte curricular/institucional de terceiro, isso inclui validar essa fonte (autorização do docente/instituição ou reautoria preservando tema/competência)."
d6729766-0483-4473-be4d-b897ebe6a65b,Qual sequência descreve adequadamente a manobra de capacidade vital forçada?,published,,,,Dados/Educação/PUC/Periodos/04/Curriculares/Habilidades profissionais 4/Pneumologia/Prova função pulmonar da teoria a prática.pdf + Estudos/Base de Estudos/Bibl,authorial,provavel_com_dependencia_de_terceiro,pending,"Questão redigida pelo usuário, mas o caso/tutorial-fonte citado é material curricular da instituição de ensino (PUC), possivelmente de autoria de docente/curso — extensão de reuso verbatim do caso não auditada neste levantamento. Sem atestação humana de direitos.",false,false,not_applicable,hold_rights,curricular_PUC_tutorial_caso,Pneumologia,"Questão redigida pelo usuário, mas o caso/tutorial-fonte citado é material curricular da instituição de ensino (PUC), possivelmente de autoria de docente/curso — extensão de reuso verbatim do caso não auditada neste levantamento. Sem atestação humana de direitos.","Obter atestação humana específica de titularidade/direitos (ou licença documentada) antes de liberação comercial; para os grupos com fonte curricular/institucional de terceiro, isso inclui validar essa fonte (autorização do docente/instituição ou reautoria preservando tema/competência)."
0945c5ef-2885-4c3e-9888-fa6588f15bf4,"Durante uma manobra, o paciente tosse no primeiro segundo da expiração forçada. Qual é a principal consequência?",published,,,,Dados/Educação/PUC/Periodos/04/Curriculares/Habilidades profissionais 4/Pneumologia/Prova função pulmonar da teoria a prática.pdf + Estudos/Base de Estudos/Bibl,authorial,provavel_com_dependencia_de_terceiro,pending,"Questão redigida pelo usuário, mas o caso/tutorial-fonte citado é material curricular da instituição de ensino (PUC), possivelmente de autoria de docente/curso — extensão de reuso verbatim do caso não auditada neste levantamento. Sem atestação humana de direitos.",false,false,not_applicable,hold_rights,curricular_PUC_tutorial_caso,Pneumologia,"Questão redigida pelo usuário, mas o caso/tutorial-fonte citado é material curricular da instituição de ensino (PUC), possivelmente de autoria de docente/curso — extensão de reuso verbatim do caso não auditada neste levantamento. Sem atestação humana de direitos.","Obter atestação humana específica de titularidade/direitos (ou licença documentada) antes de liberação comercial; para os grupos com fonte curricular/institucional de terceiro, isso inclui validar essa fonte (autorização do docente/instituição ou reautoria preservando tema/competência)."
06c530b6-9ddb-4bde-97d7-771f5f59eaa6,Qual achado define um distúrbio ventilatório obstrutivo na interpretação espirométrica pela recomendação SBPT 2024?,published,,,,Dados/Educação/PUC/Periodos/04/Curriculares/Habilidades profissionais 4/Pneumologia/Prova função pulmonar da teoria a prática.pdf + Estudos/Base de Estudos/Bibl,authorial,provavel_com_dependencia_de_terceiro,pending,"Questão redigida pelo usuário, mas o caso/tutorial-fonte citado é material curricular da instituição de ensino (PUC), possivelmente de autoria de docente/curso — extensão de reuso verbatim do caso não auditada neste levantamento. Sem atestação humana de direitos.",false,false,not_applicable,hold_rights,curricular_PUC_tutorial_caso,Pneumologia,"Questão redigida pelo usuário, mas o caso/tutorial-fonte citado é material curricular da instituição de ensino (PUC), possivelmente de autoria de docente/curso — extensão de reuso verbatim do caso não auditada neste levantamento. Sem atestação humana de direitos.","Obter atestação humana específica de titularidade/direitos (ou licença documentada) antes de liberação comercial; para os grupos com fonte curricular/institucional de terceiro, isso inclui validar essa fonte (autorização do docente/instituição ou reautoria preservando tema/competência)."
d5e8c8c6-d11b-4d05-8860-7cd438eb4b6f,Uma espirometria mostra relação VEF1/CVF normal e CVF abaixo do limite inferior da normalidade. Qual é a interpretação mais apropriada?,published,,,,Dados/Educação/PUC/Periodos/04/Curriculares/Habilidades profissionais 4/Pneumologia/Prova função pulmonar da teoria a prática.pdf + Estudos/Base de Estudos/Bibl,authorial,provavel_com_dependencia_de_terceiro,pending,"Questão redigida pelo usuário, mas o caso/tutorial-fonte citado é material curricular da instituição de ensino (PUC), possivelmente de autoria de docente/curso — extensão de reuso verbatim do caso não auditada neste levantamento. Sem atestação humana de direitos.",false,false,not_applicable,hold_rights,curricular_PUC_tutorial_caso,Pneumologia,"Questão redigida pelo usuário, mas o caso/tutorial-fonte citado é material curricular da instituição de ensino (PUC), possivelmente de autoria de docente/curso — extensão de reuso verbatim do caso não auditada neste levantamento. Sem atestação humana de direitos.","Obter atestação humana específica de titularidade/direitos (ou licença documentada) antes de liberação comercial; para os grupos com fonte curricular/institucional de terceiro, isso inclui validar essa fonte (autorização do docente/instituição ou reautoria preservando tema/competência)."
e6bfbf06-e9e0-4730-abbe-251e53fe0985,"Em uma espirometria alterada, o VEF1 previsto é 3,00 L, o valor pré-broncodilatador é 1,50 L e o pós-broncodilatador é 1,74 L. Pela SBPT 202",published,,,,Dados/Educação/PUC/Periodos/04/Curriculares/Habilidades profissionais 4/Pneumologia/Prova função pulmonar da teoria a prática.pdf + Estudos/Base de Estudos/Bibl,authorial,provavel_com_dependencia_de_terceiro,pending,"Questão redigida pelo usuário, mas o caso/tutorial-fonte citado é material curricular da instituição de ensino (PUC), possivelmente de autoria de docente/curso — extensão de reuso verbatim do caso não auditada neste levantamento. Sem atestação humana de direitos.",false,false,not_applicable,hold_rights,curricular_PUC_tutorial_caso,Pneumologia,"Questão redigida pelo usuário, mas o caso/tutorial-fonte citado é material curricular da instituição de ensino (PUC), possivelmente de autoria de docente/curso — extensão de reuso verbatim do caso não auditada neste levantamento. Sem atestação humana de direitos.","Obter atestação humana específica de titularidade/direitos (ou licença documentada) antes de liberação comercial; para os grupos com fonte curricular/institucional de terceiro, isso inclui validar essa fonte (autorização do docente/instituição ou reautoria preservando tema/competência)."
323085ea-b7a8-4bc3-8a44-c28a540d2b3a,Qual conclusão é adequada diante de variação significativa após broncodilatador?,published,,,,Dados/Educação/PUC/Periodos/04/Curriculares/Habilidades profissionais 4/Pneumologia/Prova função pulmonar da teoria a prática.pdf + Estudos/Base de Estudos/Bibl,authorial,provavel_com_dependencia_de_terceiro,pending,"Questão redigida pelo usuário, mas o caso/tutorial-fonte citado é material curricular da instituição de ensino (PUC), possivelmente de autoria de docente/curso — extensão de reuso verbatim do caso não auditada neste levantamento. Sem atestação humana de direitos.",false,false,not_applicable,hold_rights,curricular_PUC_tutorial_caso,Pneumologia,"Questão redigida pelo usuário, mas o caso/tutorial-fonte citado é material curricular da instituição de ensino (PUC), possivelmente de autoria de docente/curso — extensão de reuso verbatim do caso não auditada neste levantamento. Sem atestação humana de direitos.","Obter atestação humana específica de titularidade/direitos (ou licença documentada) antes de liberação comercial; para os grupos com fonte curricular/institucional de terceiro, isso inclui validar essa fonte (autorização do docente/instituição ou reautoria preservando tema/competência)."
4d28401b-a9ed-46b1-8a53-60b573d8fd01,A pletismografia mostra CPT dentro da normalidade e volume residual aumentado em paciente com obstrução espirométrica. Qual laudo melhor int,published,,,,Dados/Educação/PUC/Periodos/04/Curriculares/Habilidades profissionais 4/Pneumologia/Prova função pulmonar da teoria a prática.pdf + Estudos/Base de Estudos/Bibl,authorial,provavel_com_dependencia_de_terceiro,pending,"Questão redigida pelo usuário, mas o caso/tutorial-fonte citado é material curricular da instituição de ensino (PUC), possivelmente de autoria de docente/curso — extensão de reuso verbatim do caso não auditada neste levantamento. Sem atestação humana de direitos.",false,false,not_applicable,hold_rights,curricular_PUC_tutorial_caso,Pneumologia,"Questão redigida pelo usuário, mas o caso/tutorial-fonte citado é material curricular da instituição de ensino (PUC), possivelmente de autoria de docente/curso — extensão de reuso verbatim do caso não auditada neste levantamento. Sem atestação humana de direitos.","Obter atestação humana específica de titularidade/direitos (ou licença documentada) antes de liberação comercial; para os grupos com fonte curricular/institucional de terceiro, isso inclui validar essa fonte (autorização do docente/instituição ou reautoria preservando tema/competência)."
f2d4dce7-cbf4-45f4-9dda-43aaebfbdc8f,"Em um paciente com relação VEF1/CVF reduzida, quais achados pletismográficos caracterizam hiperinsuflação com aprisionamento aéreo?",published,,,,Dados/Educação/PUC/Periodos/04/Curriculares/Habilidades profissionais 4/Pneumologia/Prova função pulmonar da teoria a prática.pdf + Estudos/Base de Estudos/Bibl,authorial,provavel_com_dependencia_de_terceiro,pending,"Questão redigida pelo usuário, mas o caso/tutorial-fonte citado é material curricular da instituição de ensino (PUC), possivelmente de autoria de docente/curso — extensão de reuso verbatim do caso não auditada neste levantamento. Sem atestação humana de direitos.",false,false,not_applicable,hold_rights,curricular_PUC_tutorial_caso,Pneumologia,"Questão redigida pelo usuário, mas o caso/tutorial-fonte citado é material curricular da instituição de ensino (PUC), possivelmente de autoria de docente/curso — extensão de reuso verbatim do caso não auditada neste levantamento. Sem atestação humana de direitos.","Obter atestação humana específica de titularidade/direitos (ou licença documentada) antes de liberação comercial; para os grupos com fonte curricular/institucional de terceiro, isso inclui validar essa fonte (autorização do docente/instituição ou reautoria preservando tema/competência)."
9e1f5096-fa8f-4b92-aec0-47cd0ff5714a,Dois pacientes apresentam distúrbio obstrutivo. Em qual combinação a DLCO ajuda a favorecer enfisema em vez de asma?,published,,,,Dados/Educação/PUC/Periodos/04/Curriculares/Habilidades profissionais 4/Pneumologia/Prova função pulmonar da teoria a prática.pdf + Estudos/Base de Estudos/Bibl,authorial,provavel_com_dependencia_de_terceiro,pending,"Questão redigida pelo usuário, mas o caso/tutorial-fonte citado é material curricular da instituição de ensino (PUC), possivelmente de autoria de docente/curso — extensão de reuso verbatim do caso não auditada neste levantamento. Sem atestação humana de direitos.",false,false,not_applicable,hold_rights,curricular_PUC_tutorial_caso,Pneumologia,"Questão redigida pelo usuário, mas o caso/tutorial-fonte citado é material curricular da instituição de ensino (PUC), possivelmente de autoria de docente/curso — extensão de reuso verbatim do caso não auditada neste levantamento. Sem atestação humana de direitos.","Obter atestação humana específica de titularidade/direitos (ou licença documentada) antes de liberação comercial; para os grupos com fonte curricular/institucional de terceiro, isso inclui validar essa fonte (autorização do docente/instituição ou reautoria preservando tema/competência)."
6b464f2c-7951-4e65-9190-555339f24359,"Na curva volume-tempo, qual padrão é mais compatível com obstrução ao fluxo aéreo?",published,,,,Dados/Educação/PUC/Periodos/04/Curriculares/Habilidades profissionais 4/Pneumologia/Prova função pulmonar da teoria a prática.pdf + Estudos/Base de Estudos/Bibl,authorial,provavel_com_dependencia_de_terceiro,pending,"Questão redigida pelo usuário, mas o caso/tutorial-fonte citado é material curricular da instituição de ensino (PUC), possivelmente de autoria de docente/curso — extensão de reuso verbatim do caso não auditada neste levantamento. Sem atestação humana de direitos.",false,false,not_applicable,hold_rights,curricular_PUC_tutorial_caso,Pneumologia,"Questão redigida pelo usuário, mas o caso/tutorial-fonte citado é material curricular da instituição de ensino (PUC), possivelmente de autoria de docente/curso — extensão de reuso verbatim do caso não auditada neste levantamento. Sem atestação humana de direitos.","Obter atestação humana específica de titularidade/direitos (ou licença documentada) antes de liberação comercial; para os grupos com fonte curricular/institucional de terceiro, isso inclui validar essa fonte (autorização do docente/instituição ou reautoria preservando tema/competência)."
0e72649b-d8bf-482e-af2d-932769801637,"Um paciente apresenta VEF1/CVF preservada, CPT de 54% do previsto, VR de 44% do previsto e DLCO de 43% do previsto. Qual interpretação é mai",published,,,,Dados/Educação/PUC/Periodos/04/Curriculares/Habilidades profissionais 4/Pneumologia/Prova função pulmonar da teoria a prática.pdf + Estudos/Base de Estudos/Bibl,authorial,provavel_com_dependencia_de_terceiro,pending,"Questão redigida pelo usuário, mas o caso/tutorial-fonte citado é material curricular da instituição de ensino (PUC), possivelmente de autoria de docente/curso — extensão de reuso verbatim do caso não auditada neste levantamento. Sem atestação humana de direitos.",false,false,not_applicable,hold_rights,curricular_PUC_tutorial_caso,Pneumologia,"Questão redigida pelo usuário, mas o caso/tutorial-fonte citado é material curricular da instituição de ensino (PUC), possivelmente de autoria de docente/curso — extensão de reuso verbatim do caso não auditada neste levantamento. Sem atestação humana de direitos.","Obter atestação humana específica de titularidade/direitos (ou licença documentada) antes de liberação comercial; para os grupos com fonte curricular/institucional de terceiro, isso inclui validar essa fonte (autorização do docente/instituição ou reautoria preservando tema/competência)."
5ef91c4d-d19b-4c7c-af1c-7bea076cc1f8,"Uma espirometria mostra VEF1 de 39% do previsto antes e 62% depois do broncodilatador, com ganho de 710 mL; a CVF passa de 73% para 98%, mas",published,,,,Dados/Educação/PUC/Periodos/04/Curriculares/Habilidades profissionais 4/Pneumologia/Prova função pulmonar da teoria a prática.pdf + Estudos/Base de Estudos/Bibl,authorial,provavel_com_dependencia_de_terceiro,pending,"Questão redigida pelo usuário, mas o caso/tutorial-fonte citado é material curricular da instituição de ensino (PUC), possivelmente de autoria de docente/curso — extensão de reuso verbatim do caso não auditada neste levantamento. Sem atestação humana de direitos.",false,false,not_applicable,hold_rights,curricular_PUC_tutorial_caso,Pneumologia,"Questão redigida pelo usuário, mas o caso/tutorial-fonte citado é material curricular da instituição de ensino (PUC), possivelmente de autoria de docente/curso — extensão de reuso verbatim do caso não auditada neste levantamento. Sem atestação humana de direitos.","Obter atestação humana específica de titularidade/direitos (ou licença documentada) antes de liberação comercial; para os grupos com fonte curricular/institucional de terceiro, isso inclui validar essa fonte (autorização do docente/instituição ou reautoria preservando tema/competência)."
a791d84e-b650-4b0c-a21e-1f16bee3a7e6,"Por pletismografia, um paciente apresenta capacidade residual funcional (CRF) de 3,2 L e volume de reserva expiratório (VRE) de 1,1 L. Qual ",published,,,,Dados/Educação/PUC/Periodos/04/Curriculares/Habilidades profissionais 4/Pneumologia/Prova função pulmonar da teoria a prática.pdf + Estudos/Base de Estudos/Bibl,authorial,provavel_com_dependencia_de_terceiro,pending,"Questão redigida pelo usuário, mas o caso/tutorial-fonte citado é material curricular da instituição de ensino (PUC), possivelmente de autoria de docente/curso — extensão de reuso verbatim do caso não auditada neste levantamento. Sem atestação humana de direitos.",false,false,not_applicable,hold_rights,curricular_PUC_tutorial_caso,Pneumologia,"Questão redigida pelo usuário, mas o caso/tutorial-fonte citado é material curricular da instituição de ensino (PUC), possivelmente de autoria de docente/curso — extensão de reuso verbatim do caso não auditada neste levantamento. Sem atestação humana de direitos.","Obter atestação humana específica de titularidade/direitos (ou licença documentada) antes de liberação comercial; para os grupos com fonte curricular/institucional de terceiro, isso inclui validar essa fonte (autorização do docente/instituição ou reautoria preservando tema/competência)."
6b71012d-043c-455d-952b-100b67437504,Qual característica farmacológica explica essa diferença de intervalo de dose? ,draft,"NexusMed (questão autoral, não extraída de prova real)",,2026,,authorial,rotulada_sem_atestacao,pending,"Marcado no banco como ""questão autoral NexusMed, não extraída de prova real"" — esse rótulo de origem é autodeclarado no próprio registro, não uma atestação humana específica de direitos (23-B) nem prova documental de titularidade. rights_status=pending até atestação ou licença.",false,false,not_applicable,hold_rights,autoral_explicito_NexusMed,Cardiologia,"Marcado no banco como ""questão autoral NexusMed, não extraída de prova real"" — esse rótulo de origem é autodeclarado no próprio registro, não uma atestação humana específica de direitos (23-B) nem prova documental de titularidade. rights_status=pending até atestação ou licença.","Obter atestação humana específica de titularidade/direitos (ou licença documentada) antes de liberação comercial; para os grupos com fonte curricular/institucional de terceiro, isso inclui validar essa fonte (autorização do docente/instituição ou reautoria preservando tema/competência)."
7fe22858-ae67-484b-9126-4f3077124e30,"Na curva fluxo-volume, qual característica diferencia o padrão obstrutivo do padrão restritivo?",published,,,,Dados/Educação/PUC/Periodos/04/Curriculares/Habilidades profissionais 4/Pneumologia/Prova função pulmonar da teoria a prática.pdf + Estudos/Base de Estudos/Bibl,authorial,provavel_com_dependencia_de_terceiro,pending,"Questão redigida pelo usuário, mas o caso/tutorial-fonte citado é material curricular da instituição de ensino (PUC), possivelmente de autoria de docente/curso — extensão de reuso verbatim do caso não auditada neste levantamento. Sem atestação humana de direitos.",false,false,not_applicable,hold_rights,curricular_PUC_tutorial_caso,Pneumologia,"Questão redigida pelo usuário, mas o caso/tutorial-fonte citado é material curricular da instituição de ensino (PUC), possivelmente de autoria de docente/curso — extensão de reuso verbatim do caso não auditada neste levantamento. Sem atestação humana de direitos.","Obter atestação humana específica de titularidade/direitos (ou licença documentada) antes de liberação comercial; para os grupos com fonte curricular/institucional de terceiro, isso inclui validar essa fonte (autorização do docente/instituição ou reautoria preservando tema/competência)."
aff0e1a6-ce66-4bfe-81ff-9c091c08f2f0,"Um paciente com estridor realiza espirometria. A curva fluxo-volume mostra achatamento do ramo inspiratório, com o ramo expiratório de aspec",published,,,,Dados/Educação/PUC/Periodos/04/Curriculares/Habilidades profissionais 4/Pneumologia/Prova função pulmonar da teoria a prática.pdf + Estudos/Base de Estudos/Bibl,authorial,provavel_com_dependencia_de_terceiro,pending,"Questão redigida pelo usuário, mas o caso/tutorial-fonte citado é material curricular da instituição de ensino (PUC), possivelmente de autoria de docente/curso — extensão de reuso verbatim do caso não auditada neste levantamento. Sem atestação humana de direitos.",false,false,not_applicable,hold_rights,curricular_PUC_tutorial_caso,Pneumologia,"Questão redigida pelo usuário, mas o caso/tutorial-fonte citado é material curricular da instituição de ensino (PUC), possivelmente de autoria de docente/curso — extensão de reuso verbatim do caso não auditada neste levantamento. Sem atestação humana de direitos.","Obter atestação humana específica de titularidade/direitos (ou licença documentada) antes de liberação comercial; para os grupos com fonte curricular/institucional de terceiro, isso inclui validar essa fonte (autorização do docente/instituição ou reautoria preservando tema/competência)."
221fd6ec-c2a9-4d89-b8cd-db48117841aa,"Em um serviço brasileiro de função pulmonar, a adoção das equações de referência internacionais da Global Lung Function Initiative (GLI), em",published,,,,Dados/Educação/PUC/Periodos/04/Curriculares/Habilidades profissionais 4/Pneumologia/Prova função pulmonar da teoria a prática.pdf + Estudos/Base de Estudos/Bibl,authorial,provavel_com_dependencia_de_terceiro,pending,"Questão redigida pelo usuário, mas o caso/tutorial-fonte citado é material curricular da instituição de ensino (PUC), possivelmente de autoria de docente/curso — extensão de reuso verbatim do caso não auditada neste levantamento. Sem atestação humana de direitos.",false,false,not_applicable,hold_rights,curricular_PUC_tutorial_caso,Pneumologia,"Questão redigida pelo usuário, mas o caso/tutorial-fonte citado é material curricular da instituição de ensino (PUC), possivelmente de autoria de docente/curso — extensão de reuso verbatim do caso não auditada neste levantamento. Sem atestação humana de direitos.","Obter atestação humana específica de titularidade/direitos (ou licença documentada) antes de liberação comercial; para os grupos com fonte curricular/institucional de terceiro, isso inclui validar essa fonte (autorização do docente/instituição ou reautoria preservando tema/competência)."
76eb43ae-3596-4c0e-8084-739feb45ab3a,"Uma espirometria mostra CVF abaixo do limite inferior da normalidade, relação VEF1/CVF normal, e capacidade pulmonar total (CPT) dentro da f",published,,,,Dados/Educação/PUC/Periodos/04/Curriculares/Habilidades profissionais 4/Pneumologia/Prova função pulmonar da teoria a prática.pdf + Estudos/Base de Estudos/Bibl,authorial,provavel_com_dependencia_de_terceiro,pending,"Questão redigida pelo usuário, mas o caso/tutorial-fonte citado é material curricular da instituição de ensino (PUC), possivelmente de autoria de docente/curso — extensão de reuso verbatim do caso não auditada neste levantamento. Sem atestação humana de direitos.",false,false,not_applicable,hold_rights,curricular_PUC_tutorial_caso,Pneumologia,"Questão redigida pelo usuário, mas o caso/tutorial-fonte citado é material curricular da instituição de ensino (PUC), possivelmente de autoria de docente/curso — extensão de reuso verbatim do caso não auditada neste levantamento. Sem atestação humana de direitos.","Obter atestação humana específica de titularidade/direitos (ou licença documentada) antes de liberação comercial; para os grupos com fonte curricular/institucional de terceiro, isso inclui validar essa fonte (autorização do docente/instituição ou reautoria preservando tema/competência)."
d371a5e3-61a7-47b6-a554-5e598d927814,Um paciente apresenta relação VEF1/CVF abaixo do limite inferior da normalidade e capacidade pulmonar total (CPT) também abaixo do limite in,published,,,,Dados/Educação/PUC/Periodos/04/Curriculares/Habilidades profissionais 4/Pneumologia/Prova função pulmonar da teoria a prática.pdf + Estudos/Base de Estudos/Bibl,authorial,provavel_com_dependencia_de_terceiro,pending,"Questão redigida pelo usuário, mas o caso/tutorial-fonte citado é material curricular da instituição de ensino (PUC), possivelmente de autoria de docente/curso — extensão de reuso verbatim do caso não auditada neste levantamento. Sem atestação humana de direitos.",false,false,not_applicable,hold_rights,curricular_PUC_tutorial_caso,Pneumologia,"Questão redigida pelo usuário, mas o caso/tutorial-fonte citado é material curricular da instituição de ensino (PUC), possivelmente de autoria de docente/curso — extensão de reuso verbatim do caso não auditada neste levantamento. Sem atestação humana de direitos.","Obter atestação humana específica de titularidade/direitos (ou licença documentada) antes de liberação comercial; para os grupos com fonte curricular/institucional de terceiro, isso inclui validar essa fonte (autorização do docente/instituição ou reautoria preservando tema/competência)."
fab810bc-e892-4747-a6d1-d8b263b750a9,"A resistência das vias aéreas (Raw) medida por pletismografia corporal, e seus derivados condutância específica (sGaw) e resistência específ",published,,,,Dados/Educação/PUC/Periodos/04/Curriculares/Habilidades profissionais 4/Pneumologia/Prova função pulmonar da teoria a prática.pdf + Estudos/Base de Estudos/Bibl,authorial,provavel_com_dependencia_de_terceiro,pending,"Questão redigida pelo usuário, mas o caso/tutorial-fonte citado é material curricular da instituição de ensino (PUC), possivelmente de autoria de docente/curso — extensão de reuso verbatim do caso não auditada neste levantamento. Sem atestação humana de direitos.",false,false,not_applicable,hold_rights,curricular_PUC_tutorial_caso,Pneumologia,"Questão redigida pelo usuário, mas o caso/tutorial-fonte citado é material curricular da instituição de ensino (PUC), possivelmente de autoria de docente/curso — extensão de reuso verbatim do caso não auditada neste levantamento. Sem atestação humana de direitos.","Obter atestação humana específica de titularidade/direitos (ou licença documentada) antes de liberação comercial; para os grupos com fonte curricular/institucional de terceiro, isso inclui validar essa fonte (autorização do docente/instituição ou reautoria preservando tema/competência)."
c0358526-dc72-4ed2-9ae9-6efd95588bf3,Um paciente com hemoglobina reduzida (anemia) realiza medida de DLCO. Qual conduta técnica é apropriada para interpretar corretamente o resu,published,,,,Dados/Educação/PUC/Periodos/04/Curriculares/Habilidades profissionais 4/Pneumologia/Prova função pulmonar da teoria a prática.pdf + Estudos/Base de Estudos/Bibl,authorial,provavel_com_dependencia_de_terceiro,pending,"Questão redigida pelo usuário, mas o caso/tutorial-fonte citado é material curricular da instituição de ensino (PUC), possivelmente de autoria de docente/curso — extensão de reuso verbatim do caso não auditada neste levantamento. Sem atestação humana de direitos.",false,false,not_applicable,hold_rights,curricular_PUC_tutorial_caso,Pneumologia,"Questão redigida pelo usuário, mas o caso/tutorial-fonte citado é material curricular da instituição de ensino (PUC), possivelmente de autoria de docente/curso — extensão de reuso verbatim do caso não auditada neste levantamento. Sem atestação humana de direitos.","Obter atestação humana específica de titularidade/direitos (ou licença documentada) antes de liberação comercial; para os grupos com fonte curricular/institucional de terceiro, isso inclui validar essa fonte (autorização do docente/instituição ou reautoria preservando tema/competência)."
59984b95-6224-446f-8045-0a6aff4adb00,"Uma espirometria mostra relação VEF1/CVF discretamente abaixo do limite inferior da normalidade, em paciente assintomático e sem fatores de ",published,,,,Dados/Educação/PUC/Periodos/04/Curriculares/Habilidades profissionais 4/Pneumologia/Prova função pulmonar da teoria a prática.pdf + Estudos/Base de Estudos/Bibl,authorial,provavel_com_dependencia_de_terceiro,pending,"Questão redigida pelo usuário, mas o caso/tutorial-fonte citado é material curricular da instituição de ensino (PUC), possivelmente de autoria de docente/curso — extensão de reuso verbatim do caso não auditada neste levantamento. Sem atestação humana de direitos.",false,false,not_applicable,hold_rights,curricular_PUC_tutorial_caso,Pneumologia,"Questão redigida pelo usuário, mas o caso/tutorial-fonte citado é material curricular da instituição de ensino (PUC), possivelmente de autoria de docente/curso — extensão de reuso verbatim do caso não auditada neste levantamento. Sem atestação humana de direitos.","Obter atestação humana específica de titularidade/direitos (ou licença documentada) antes de liberação comercial; para os grupos com fonte curricular/institucional de terceiro, isso inclui validar essa fonte (autorização do docente/instituição ou reautoria preservando tema/competência)."
0fa582b4-f324-4005-9929-5e0eb3e30153,"Ao interpretar a espirometria de um paciente muito idoso e saudável, capaz de realizar a manobra corretamente, por que a recomendação SBPT 2",published,,,,Dados/Educação/PUC/Periodos/04/Curriculares/Habilidades profissionais 4/Pneumologia/Prova função pulmonar da teoria a prática.pdf + Estudos/Base de Estudos/Bibl,authorial,provavel_com_dependencia_de_terceiro,pending,"Questão redigida pelo usuário, mas o caso/tutorial-fonte citado é material curricular da instituição de ensino (PUC), possivelmente de autoria de docente/curso — extensão de reuso verbatim do caso não auditada neste levantamento. Sem atestação humana de direitos.",false,false,not_applicable,hold_rights,curricular_PUC_tutorial_caso,Pneumologia,"Questão redigida pelo usuário, mas o caso/tutorial-fonte citado é material curricular da instituição de ensino (PUC), possivelmente de autoria de docente/curso — extensão de reuso verbatim do caso não auditada neste levantamento. Sem atestação humana de direitos.","Obter atestação humana específica de titularidade/direitos (ou licença documentada) antes de liberação comercial; para os grupos com fonte curricular/institucional de terceiro, isso inclui validar essa fonte (autorização do docente/instituição ou reautoria preservando tema/competência)."
ea7b8ced-829d-4e5a-a853-b4ef6ccc141f,Qual é o mecanismo molecular pelo qual uma única infusão de VERVE-102 reduz a expressão de PCSK9? ,draft,"NexusMed (questão autoral, não extraída de prova real)",,2026,,authorial,rotulada_sem_atestacao,pending,"Marcado no banco como ""questão autoral NexusMed, não extraída de prova real"" — esse rótulo de origem é autodeclarado no próprio registro, não uma atestação humana específica de direitos (23-B) nem prova documental de titularidade. rights_status=pending até atestação ou licença.",false,false,not_applicable,hold_rights,autoral_explicito_NexusMed,Cardiologia,"Marcado no banco como ""questão autoral NexusMed, não extraída de prova real"" — esse rótulo de origem é autodeclarado no próprio registro, não uma atestação humana específica de direitos (23-B) nem prova documental de titularidade. rights_status=pending até atestação ou licença.","Obter atestação humana específica de titularidade/direitos (ou licença documentada) antes de liberação comercial; para os grupos com fonte curricular/institucional de terceiro, isso inclui validar essa fonte (autorização do docente/instituição ou reautoria preservando tema/competência)."
39397388-9af4-4906-a568-bc503c5d2214,"Como a higiene oral, as bacteremias cotidianas e os procedimentos odontológicos se relacionam ao risco de endocardite infecciosa?",published,,,,Biblioteca/Medicina/Cardiologia/Clínica/Endocardite Infecciosa.docx + Casos Clínicos/tutorial/Cardiologia/Caso 3 — Endocardite Infecciosa.pdf,authorial,provavel_com_dependencia_de_terceiro,pending,"Questão redigida pelo usuário, mas o caso/tutorial-fonte citado é material curricular da instituição de ensino (PUC), possivelmente de autoria de docente/curso — extensão de reuso verbatim do caso não auditada neste levantamento. Sem atestação humana de direitos.",false,false,not_applicable,hold_rights,curricular_PUC_tutorial_caso,Infectologia,"Questão redigida pelo usuário, mas o caso/tutorial-fonte citado é material curricular da instituição de ensino (PUC), possivelmente de autoria de docente/curso — extensão de reuso verbatim do caso não auditada neste levantamento. Sem atestação humana de direitos.","Obter atestação humana específica de titularidade/direitos (ou licença documentada) antes de liberação comercial; para os grupos com fonte curricular/institucional de terceiro, isso inclui validar essa fonte (autorização do docente/instituição ou reautoria preservando tema/competência)."
b9f9eda2-a365-4b10-bded-85e4bc94364c,"Um paciente apresenta dor abdominal súbita e intensa após episódio de vômitos repetidos, com abdome em tábua ao exame físico e radiografia m",published,,,,"Pesquisa ativa em diretrizes internacionais (SOBED/FBG não publicam diretrizes próprias amplamente indexadas sobre os tópicos cobertos; ASGE, ESGE, ACG, Baveno ",authorial,provavel_com_dependencia_de_terceiro,pending,"Questão redigida pelo usuário, mas o caso/tutorial-fonte citado é material curricular da instituição de ensino (PUC), possivelmente de autoria de docente/curso — extensão de reuso verbatim do caso não auditada neste levantamento. Sem atestação humana de direitos.",false,false,not_applicable,hold_rights,curricular_PUC_tutorial_caso,Gastroenterologia,"Questão redigida pelo usuário, mas o caso/tutorial-fonte citado é material curricular da instituição de ensino (PUC), possivelmente de autoria de docente/curso — extensão de reuso verbatim do caso não auditada neste levantamento. Sem atestação humana de direitos.","Obter atestação humana específica de titularidade/direitos (ou licença documentada) antes de liberação comercial; para os grupos com fonte curricular/institucional de terceiro, isso inclui validar essa fonte (autorização do docente/instituição ou reautoria preservando tema/competência)."
cb51fea7-443b-45f4-b9c8-6b87bd6e1fa5,"Qual alternativa descreve corretamente a extensão anatômica rotineiramente avaliada por uma colonoscopia completa, incluindo o critério mais",published,,,,"Pesquisa ativa em diretrizes internacionais (SOBED/FBG não publicam diretrizes próprias amplamente indexadas sobre os tópicos cobertos; ASGE, ESGE, ACG, Baveno ",authorial,provavel_com_dependencia_de_terceiro,pending,"Questão redigida pelo usuário, mas o caso/tutorial-fonte citado é material curricular da instituição de ensino (PUC), possivelmente de autoria de docente/curso — extensão de reuso verbatim do caso não auditada neste levantamento. Sem atestação humana de direitos.",false,false,not_applicable,hold_rights,curricular_PUC_tutorial_caso,Gastroenterologia,"Questão redigida pelo usuário, mas o caso/tutorial-fonte citado é material curricular da instituição de ensino (PUC), possivelmente de autoria de docente/curso — extensão de reuso verbatim do caso não auditada neste levantamento. Sem atestação humana de direitos.","Obter atestação humana específica de titularidade/direitos (ou licença documentada) antes de liberação comercial; para os grupos com fonte curricular/institucional de terceiro, isso inclui validar essa fonte (autorização do docente/instituição ou reautoria preservando tema/competência)."
cc4519ca-5936-4a11-906f-855fc6b1af43,"Um homem de 54 anos com cirrose hepática é internado por hematêmese volumosa, hemodinamicamente instável, com hipótese principal de hemorrag",published,,,,"Pesquisa ativa em diretrizes internacionais (SOBED/FBG não publicam diretrizes próprias amplamente indexadas sobre os tópicos cobertos; ASGE, ESGE, ACG, Baveno ",authorial,provavel_com_dependencia_de_terceiro,pending,"Questão redigida pelo usuário, mas o caso/tutorial-fonte citado é material curricular da instituição de ensino (PUC), possivelmente de autoria de docente/curso — extensão de reuso verbatim do caso não auditada neste levantamento. Sem atestação humana de direitos.",false,false,not_applicable,hold_rights,curricular_PUC_tutorial_caso,Gastroenterologia,"Questão redigida pelo usuário, mas o caso/tutorial-fonte citado é material curricular da instituição de ensino (PUC), possivelmente de autoria de docente/curso — extensão de reuso verbatim do caso não auditada neste levantamento. Sem atestação humana de direitos.","Obter atestação humana específica de titularidade/direitos (ou licença documentada) antes de liberação comercial; para os grupos com fonte curricular/institucional de terceiro, isso inclui validar essa fonte (autorização do docente/instituição ou reautoria preservando tema/competência)."
6c799c47-1c8a-4045-bebf-635e46eb2163,"Durante uma colonoscopia de rastreamento, o segmento direito do cólon mostra fezes sólidas residuais que não são removidas pela lavagem, imp",published,,,,"Pesquisa ativa em diretrizes internacionais (SOBED/FBG não publicam diretrizes próprias amplamente indexadas sobre os tópicos cobertos; ASGE, ESGE, ACG, Baveno ",authorial,provavel_com_dependencia_de_terceiro,pending,"Questão redigida pelo usuário, mas o caso/tutorial-fonte citado é material curricular da instituição de ensino (PUC), possivelmente de autoria de docente/curso — extensão de reuso verbatim do caso não auditada neste levantamento. Sem atestação humana de direitos.",false,false,not_applicable,hold_rights,curricular_PUC_tutorial_caso,Gastroenterologia,"Questão redigida pelo usuário, mas o caso/tutorial-fonte citado é material curricular da instituição de ensino (PUC), possivelmente de autoria de docente/curso — extensão de reuso verbatim do caso não auditada neste levantamento. Sem atestação humana de direitos.","Obter atestação humana específica de titularidade/direitos (ou licença documentada) antes de liberação comercial; para os grupos com fonte curricular/institucional de terceiro, isso inclui validar essa fonte (autorização do docente/instituição ou reautoria preservando tema/competência)."
704a3c58-de8c-4c9e-a763-97b5a4f6bf50,"Um paciente será submetido a colonoscopia com sedação profunda por propofol, administrada por profissional dedicado exclusivamente à sedação",published,,,,"Pesquisa ativa em diretrizes internacionais (SOBED/FBG não publicam diretrizes próprias amplamente indexadas sobre os tópicos cobertos; ASGE, ESGE, ACG, Baveno ",authorial,provavel_com_dependencia_de_terceiro,pending,"Questão redigida pelo usuário, mas o caso/tutorial-fonte citado é material curricular da instituição de ensino (PUC), possivelmente de autoria de docente/curso — extensão de reuso verbatim do caso não auditada neste levantamento. Sem atestação humana de direitos.",false,false,not_applicable,hold_rights,curricular_PUC_tutorial_caso,Gastroenterologia,"Questão redigida pelo usuário, mas o caso/tutorial-fonte citado é material curricular da instituição de ensino (PUC), possivelmente de autoria de docente/curso — extensão de reuso verbatim do caso não auditada neste levantamento. Sem atestação humana de direitos.","Obter atestação humana específica de titularidade/direitos (ou licença documentada) antes de liberação comercial; para os grupos com fonte curricular/institucional de terceiro, isso inclui validar essa fonte (autorização do docente/instituição ou reautoria preservando tema/competência)."
47d351e6-e607-4545-920f-7d4a73805666,Esses indivíduos apresentam classicamente qual combinação de achados? ,draft,"NexusMed (questão autoral, não extraída de prova real)",,2026,,authorial,rotulada_sem_atestacao,pending,"Marcado no banco como ""questão autoral NexusMed, não extraída de prova real"" — esse rótulo de origem é autodeclarado no próprio registro, não uma atestação humana específica de direitos (23-B) nem prova documental de titularidade. rights_status=pending até atestação ou licença.",false,false,not_applicable,hold_rights,autoral_explicito_NexusMed,Cardiologia,"Marcado no banco como ""questão autoral NexusMed, não extraída de prova real"" — esse rótulo de origem é autodeclarado no próprio registro, não uma atestação humana específica de direitos (23-B) nem prova documental de titularidade. rights_status=pending até atestação ou licença.","Obter atestação humana específica de titularidade/direitos (ou licença documentada) antes de liberação comercial; para os grupos com fonte curricular/institucional de terceiro, isso inclui validar essa fonte (autorização do docente/instituição ou reautoria preservando tema/competência)."
583e33b8-7871-4f45-b20b-6ddf098b4825,"Qual achado de regurgitação valvular integra um critério maior, e não menor, nos critérios Duke-ISCVID 2023?",published,,,,Biblioteca/Medicina/Cardiologia/Clínica/Endocardite Infecciosa.docx + Casos Clínicos/tutorial/Cardiologia/Caso 3 — Endocardite Infecciosa.pdf,authorial,provavel_com_dependencia_de_terceiro,pending,"Questão redigida pelo usuário, mas o caso/tutorial-fonte citado é material curricular da instituição de ensino (PUC), possivelmente de autoria de docente/curso — extensão de reuso verbatim do caso não auditada neste levantamento. Sem atestação humana de direitos.",false,false,not_applicable,hold_rights,curricular_PUC_tutorial_caso,Infectologia,"Questão redigida pelo usuário, mas o caso/tutorial-fonte citado é material curricular da instituição de ensino (PUC), possivelmente de autoria de docente/curso — extensão de reuso verbatim do caso não auditada neste levantamento. Sem atestação humana de direitos.","Obter atestação humana específica de titularidade/direitos (ou licença documentada) antes de liberação comercial; para os grupos com fonte curricular/institucional de terceiro, isso inclui validar essa fonte (autorização do docente/instituição ou reautoria preservando tema/competência)."
abc612bc-de37-425d-9355-3403f0298144,"Uma criança de 2 anos é levada ao pronto-socorro após provável ingestão de uma pilha tipo botão há cerca de uma hora, hoje assintomática. Ra",published,,,,"Pesquisa ativa em diretrizes internacionais (SOBED/FBG não publicam diretrizes próprias amplamente indexadas sobre os tópicos cobertos; ASGE, ESGE, ACG, Baveno ",authorial,provavel_com_dependencia_de_terceiro,pending,"Questão redigida pelo usuário, mas o caso/tutorial-fonte citado é material curricular da instituição de ensino (PUC), possivelmente de autoria de docente/curso — extensão de reuso verbatim do caso não auditada neste levantamento. Sem atestação humana de direitos.",false,false,not_applicable,hold_rights,curricular_PUC_tutorial_caso,Gastroenterologia,"Questão redigida pelo usuário, mas o caso/tutorial-fonte citado é material curricular da instituição de ensino (PUC), possivelmente de autoria de docente/curso — extensão de reuso verbatim do caso não auditada neste levantamento. Sem atestação humana de direitos.","Obter atestação humana específica de titularidade/direitos (ou licença documentada) antes de liberação comercial; para os grupos com fonte curricular/institucional de terceiro, isso inclui validar essa fonte (autorização do docente/instituição ou reautoria preservando tema/competência)."
8d7282b4-3a55-40ca-bc61-3be8a933eab5,"Um paciente é internado com melena e hematêmese. Após ressuscitação volêmica inicial e estabilização hemodinâmica, a hipótese é hemorragia d",published,,,,"Pesquisa ativa em diretrizes internacionais (SOBED/FBG não publicam diretrizes próprias amplamente indexadas sobre os tópicos cobertos; ASGE, ESGE, ACG, Baveno ",authorial,provavel_com_dependencia_de_terceiro,pending,"Questão redigida pelo usuário, mas o caso/tutorial-fonte citado é material curricular da instituição de ensino (PUC), possivelmente de autoria de docente/curso — extensão de reuso verbatim do caso não auditada neste levantamento. Sem atestação humana de direitos.",false,false,not_applicable,hold_rights,curricular_PUC_tutorial_caso,Gastroenterologia,"Questão redigida pelo usuário, mas o caso/tutorial-fonte citado é material curricular da instituição de ensino (PUC), possivelmente de autoria de docente/curso — extensão de reuso verbatim do caso não auditada neste levantamento. Sem atestação humana de direitos.","Obter atestação humana específica de titularidade/direitos (ou licença documentada) antes de liberação comercial; para os grupos com fonte curricular/institucional de terceiro, isso inclui validar essa fonte (autorização do docente/instituição ou reautoria preservando tema/competência)."
7b7e9d95-7dec-4271-81f3-7aeb1e03baf0,"Durante uma endoscopia digestiva alta solicitada para investigação de dor epigástrica, é identificada uma úlcera na pequena curvatura gástri",published,,,,"Pesquisa ativa em diretrizes internacionais (SOBED/FBG não publicam diretrizes próprias amplamente indexadas sobre os tópicos cobertos; ASGE, ESGE, ACG, Baveno ",authorial,provavel_com_dependencia_de_terceiro,pending,"Questão redigida pelo usuário, mas o caso/tutorial-fonte citado é material curricular da instituição de ensino (PUC), possivelmente de autoria de docente/curso — extensão de reuso verbatim do caso não auditada neste levantamento. Sem atestação humana de direitos.",false,false,not_applicable,hold_rights,curricular_PUC_tutorial_caso,Gastroenterologia,"Questão redigida pelo usuário, mas o caso/tutorial-fonte citado é material curricular da instituição de ensino (PUC), possivelmente de autoria de docente/curso — extensão de reuso verbatim do caso não auditada neste levantamento. Sem atestação humana de direitos.","Obter atestação humana específica de titularidade/direitos (ou licença documentada) antes de liberação comercial; para os grupos com fonte curricular/institucional de terceiro, isso inclui validar essa fonte (autorização do docente/instituição ou reautoria preservando tema/competência)."
6cc8bff7-34dd-4b71-b4ad-7ee8b87032ea,"Durante endoscopia realizada por hemorragia digestiva alta, é identificada uma úlcera duodenal com vaso visível não sangrante em sua base, c",published,,,,"Pesquisa ativa em diretrizes internacionais (SOBED/FBG não publicam diretrizes próprias amplamente indexadas sobre os tópicos cobertos; ASGE, ESGE, ACG, Baveno ",authorial,provavel_com_dependencia_de_terceiro,pending,"Questão redigida pelo usuário, mas o caso/tutorial-fonte citado é material curricular da instituição de ensino (PUC), possivelmente de autoria de docente/curso — extensão de reuso verbatim do caso não auditada neste levantamento. Sem atestação humana de direitos.",false,false,not_applicable,hold_rights,curricular_PUC_tutorial_caso,Gastroenterologia,"Questão redigida pelo usuário, mas o caso/tutorial-fonte citado é material curricular da instituição de ensino (PUC), possivelmente de autoria de docente/curso — extensão de reuso verbatim do caso não auditada neste levantamento. Sem atestação humana de direitos.","Obter atestação humana específica de titularidade/direitos (ou licença documentada) antes de liberação comercial; para os grupos com fonte curricular/institucional de terceiro, isso inclui validar essa fonte (autorização do docente/instituição ou reautoria preservando tema/competência)."
935fbe38-6e2b-4149-8113-abeedc79d701,Um paciente com hematêmese é diagnosticado com úlcera péptica sangrando ativamente à endoscopia. Em relação ao manejo farmacológico e endosc,published,,,,"Pesquisa ativa em diretrizes internacionais (SOBED/FBG não publicam diretrizes próprias amplamente indexadas sobre os tópicos cobertos; ASGE, ESGE, ACG, Baveno ",authorial,provavel_com_dependencia_de_terceiro,pending,"Questão redigida pelo usuário, mas o caso/tutorial-fonte citado é material curricular da instituição de ensino (PUC), possivelmente de autoria de docente/curso — extensão de reuso verbatim do caso não auditada neste levantamento. Sem atestação humana de direitos.",false,false,not_applicable,hold_rights,curricular_PUC_tutorial_caso,Gastroenterologia,"Questão redigida pelo usuário, mas o caso/tutorial-fonte citado é material curricular da instituição de ensino (PUC), possivelmente de autoria de docente/curso — extensão de reuso verbatim do caso não auditada neste levantamento. Sem atestação humana de direitos.","Obter atestação humana específica de titularidade/direitos (ou licença documentada) antes de liberação comercial; para os grupos com fonte curricular/institucional de terceiro, isso inclui validar essa fonte (autorização do docente/instituição ou reautoria preservando tema/competência)."
75116822-3324-407f-97c4-fee0fc72887e,"Um paciente cirrótico é internado com hematêmese volumosa e, à endoscopia realizada após estabilização inicial, são identificadas varizes es",published,,,,"Pesquisa ativa em diretrizes internacionais (SOBED/FBG não publicam diretrizes próprias amplamente indexadas sobre os tópicos cobertos; ASGE, ESGE, ACG, Baveno ",authorial,provavel_com_dependencia_de_terceiro,pending,"Questão redigida pelo usuário, mas o caso/tutorial-fonte citado é material curricular da instituição de ensino (PUC), possivelmente de autoria de docente/curso — extensão de reuso verbatim do caso não auditada neste levantamento. Sem atestação humana de direitos.",false,false,not_applicable,hold_rights,curricular_PUC_tutorial_caso,Gastroenterologia,"Questão redigida pelo usuário, mas o caso/tutorial-fonte citado é material curricular da instituição de ensino (PUC), possivelmente de autoria de docente/curso — extensão de reuso verbatim do caso não auditada neste levantamento. Sem atestação humana de direitos.","Obter atestação humana específica de titularidade/direitos (ou licença documentada) antes de liberação comercial; para os grupos com fonte curricular/institucional de terceiro, isso inclui validar essa fonte (autorização do docente/instituição ou reautoria preservando tema/competência)."
60a99f6b-5f7d-4399-a431-ead866248595,"Um paciente com cirrose hepática compensada, sem varizes conhecidas, é avaliado ambulatorialmente. Elastografia hepática mostra rigidez de 2",published,,,,"Pesquisa ativa em diretrizes internacionais (SOBED/FBG não publicam diretrizes próprias amplamente indexadas sobre os tópicos cobertos; ASGE, ESGE, ACG, Baveno ",authorial,provavel_com_dependencia_de_terceiro,pending,"Questão redigida pelo usuário, mas o caso/tutorial-fonte citado é material curricular da instituição de ensino (PUC), possivelmente de autoria de docente/curso — extensão de reuso verbatim do caso não auditada neste levantamento. Sem atestação humana de direitos.",false,false,not_applicable,hold_rights,curricular_PUC_tutorial_caso,Gastroenterologia,"Questão redigida pelo usuário, mas o caso/tutorial-fonte citado é material curricular da instituição de ensino (PUC), possivelmente de autoria de docente/curso — extensão de reuso verbatim do caso não auditada neste levantamento. Sem atestação humana de direitos.","Obter atestação humana específica de titularidade/direitos (ou licença documentada) antes de liberação comercial; para os grupos com fonte curricular/institucional de terceiro, isso inclui validar essa fonte (autorização do docente/instituição ou reautoria preservando tema/competência)."
0fe198cd-417a-41c4-a325-8d3f5a549a09,O que os dados do substudy EBBINGHAUS e da coorte completa do FOURIER mostraram sobre essa hipótese? ,draft,"NexusMed (questão autoral, não extraída de prova real)",,2026,,authorial,rotulada_sem_atestacao,pending,"Marcado no banco como ""questão autoral NexusMed, não extraída de prova real"" — esse rótulo de origem é autodeclarado no próprio registro, não uma atestação humana específica de direitos (23-B) nem prova documental de titularidade. rights_status=pending até atestação ou licença.",false,false,not_applicable,hold_rights,autoral_explicito_NexusMed,Cardiologia,"Marcado no banco como ""questão autoral NexusMed, não extraída de prova real"" — esse rótulo de origem é autodeclarado no próprio registro, não uma atestação humana específica de direitos (23-B) nem prova documental de titularidade. rights_status=pending até atestação ou licença.","Obter atestação humana específica de titularidade/direitos (ou licença documentada) antes de liberação comercial; para os grupos com fonte curricular/institucional de terceiro, isso inclui validar essa fonte (autorização do docente/instituição ou reautoria preservando tema/competência)."
d8534c66-14d6-4c19-9918-31c5912fc0fc,Segundo a metanálise de dados individuais de mais de 170.000 participantes em 26 ensaios randomizados de estatina (Cholesterol Treatment Tri,draft,"NexusMed (questão autoral, não extraída de prova real)",,2026,,authorial,rotulada_sem_atestacao,pending,"Marcado no banco como ""questão autoral NexusMed, não extraída de prova real"" — esse rótulo de origem é autodeclarado no próprio registro, não uma atestação humana específica de direitos (23-B) nem prova documental de titularidade. rights_status=pending até atestação ou licença.",false,false,not_applicable,hold_rights,autoral_explicito_NexusMed,Cardiologia,"Marcado no banco como ""questão autoral NexusMed, não extraída de prova real"" — esse rótulo de origem é autodeclarado no próprio registro, não uma atestação humana específica de direitos (23-B) nem prova documental de titularidade. rights_status=pending até atestação ou licença.","Obter atestação humana específica de titularidade/direitos (ou licença documentada) antes de liberação comercial; para os grupos com fonte curricular/institucional de terceiro, isso inclui validar essa fonte (autorização do docente/instituição ou reautoria preservando tema/competência)."
648e2e92-7eea-4759-a4fc-548375d39f4f,Qual é a incidência mundial estimada da endocardite infecciosa e qual é sua faixa de mortalidade intra-hospitalar?,published,,,,Biblioteca/Medicina/Cardiologia/Clínica/Endocardite Infecciosa.docx + Casos Clínicos/tutorial/Cardiologia/Caso 3 — Endocardite Infecciosa.pdf,authorial,provavel_com_dependencia_de_terceiro,pending,"Questão redigida pelo usuário, mas o caso/tutorial-fonte citado é material curricular da instituição de ensino (PUC), possivelmente de autoria de docente/curso — extensão de reuso verbatim do caso não auditada neste levantamento. Sem atestação humana de direitos.",false,false,not_applicable,hold_rights,curricular_PUC_tutorial_caso,Infectologia,"Questão redigida pelo usuário, mas o caso/tutorial-fonte citado é material curricular da instituição de ensino (PUC), possivelmente de autoria de docente/curso — extensão de reuso verbatim do caso não auditada neste levantamento. Sem atestação humana de direitos.","Obter atestação humana específica de titularidade/direitos (ou licença documentada) antes de liberação comercial; para os grupos com fonte curricular/institucional de terceiro, isso inclui validar essa fonte (autorização do docente/instituição ou reautoria preservando tema/competência)."
42e46ce6-cf77-458c-9b58-8680f9b804e1,"Um homem de 62 anos é diagnosticado com anemia ferropriva sem causa aparente, sem sangramento digestivo evidente e sem outros sintomas assoc",published,,,,"Pesquisa ativa em diretrizes internacionais (SOBED/FBG não publicam diretrizes próprias amplamente indexadas sobre os tópicos cobertos; ASGE, ESGE, ACG, Baveno ",authorial,provavel_com_dependencia_de_terceiro,pending,"Questão redigida pelo usuário, mas o caso/tutorial-fonte citado é material curricular da instituição de ensino (PUC), possivelmente de autoria de docente/curso — extensão de reuso verbatim do caso não auditada neste levantamento. Sem atestação humana de direitos.",false,false,not_applicable,hold_rights,curricular_PUC_tutorial_caso,Gastroenterologia,"Questão redigida pelo usuário, mas o caso/tutorial-fonte citado é material curricular da instituição de ensino (PUC), possivelmente de autoria de docente/curso — extensão de reuso verbatim do caso não auditada neste levantamento. Sem atestação humana de direitos.","Obter atestação humana específica de titularidade/direitos (ou licença documentada) antes de liberação comercial; para os grupos com fonte curricular/institucional de terceiro, isso inclui validar essa fonte (autorização do docente/instituição ou reautoria preservando tema/competência)."
ac020f93-2b3a-40b6-b495-24af904ecea3,"Durante uma colonoscopia de rastreamento, o exame não consegue atingir o ceco devido a uma angulação intransponível do cólon sigmoide, apesa",published,,,,"Pesquisa ativa em diretrizes internacionais (SOBED/FBG não publicam diretrizes próprias amplamente indexadas sobre os tópicos cobertos; ASGE, ESGE, ACG, Baveno ",authorial,provavel_com_dependencia_de_terceiro,pending,"Questão redigida pelo usuário, mas o caso/tutorial-fonte citado é material curricular da instituição de ensino (PUC), possivelmente de autoria de docente/curso — extensão de reuso verbatim do caso não auditada neste levantamento. Sem atestação humana de direitos.",false,false,not_applicable,hold_rights,curricular_PUC_tutorial_caso,Gastroenterologia,"Questão redigida pelo usuário, mas o caso/tutorial-fonte citado é material curricular da instituição de ensino (PUC), possivelmente de autoria de docente/curso — extensão de reuso verbatim do caso não auditada neste levantamento. Sem atestação humana de direitos.","Obter atestação humana específica de titularidade/direitos (ou licença documentada) antes de liberação comercial; para os grupos com fonte curricular/institucional de terceiro, isso inclui validar essa fonte (autorização do docente/instituição ou reautoria preservando tema/competência)."
59035231-6c94-4a3f-934a-9e2c880ce14a,"Durante uma colonoscopia, é identificado um pólipo de 12 mm com pedículo bem definido, classificado como Paris 0-Ip. Em relação à abordagem ",published,,,,"Pesquisa ativa em diretrizes internacionais (SOBED/FBG não publicam diretrizes próprias amplamente indexadas sobre os tópicos cobertos; ASGE, ESGE, ACG, Baveno ",authorial,provavel_com_dependencia_de_terceiro,pending,"Questão redigida pelo usuário, mas o caso/tutorial-fonte citado é material curricular da instituição de ensino (PUC), possivelmente de autoria de docente/curso — extensão de reuso verbatim do caso não auditada neste levantamento. Sem atestação humana de direitos.",false,false,not_applicable,hold_rights,curricular_PUC_tutorial_caso,Gastroenterologia,"Questão redigida pelo usuário, mas o caso/tutorial-fonte citado é material curricular da instituição de ensino (PUC), possivelmente de autoria de docente/curso — extensão de reuso verbatim do caso não auditada neste levantamento. Sem atestação humana de direitos.","Obter atestação humana específica de titularidade/direitos (ou licença documentada) antes de liberação comercial; para os grupos com fonte curricular/institucional de terceiro, isso inclui validar essa fonte (autorização do docente/instituição ou reautoria preservando tema/competência)."
5f3291da-d5e8-45f5-b326-9a263daea65b,"Um paciente jovem investigado por diarreia sanguinolenta crônica realiza colonoscopia, que evidencia inflamação contínua e simétrica da muco",published,,,,"Pesquisa ativa em diretrizes internacionais (SOBED/FBG não publicam diretrizes próprias amplamente indexadas sobre os tópicos cobertos; ASGE, ESGE, ACG, Baveno ",authorial,provavel_com_dependencia_de_terceiro,pending,"Questão redigida pelo usuário, mas o caso/tutorial-fonte citado é material curricular da instituição de ensino (PUC), possivelmente de autoria de docente/curso — extensão de reuso verbatim do caso não auditada neste levantamento. Sem atestação humana de direitos.",false,false,not_applicable,hold_rights,curricular_PUC_tutorial_caso,Gastroenterologia,"Questão redigida pelo usuário, mas o caso/tutorial-fonte citado é material curricular da instituição de ensino (PUC), possivelmente de autoria de docente/curso — extensão de reuso verbatim do caso não auditada neste levantamento. Sem atestação humana de direitos.","Obter atestação humana específica de titularidade/direitos (ou licença documentada) antes de liberação comercial; para os grupos com fonte curricular/institucional de terceiro, isso inclui validar essa fonte (autorização do docente/instituição ou reautoria preservando tema/competência)."
38d9ff62-b2df-4545-91cf-7ea28e7b9e6e,"Um dia após a ressecção de um pólipo séssil grande por eletrocauterização, um paciente apresenta dor abdominal localizada na topografia do p",published,,,,"Pesquisa ativa em diretrizes internacionais (SOBED/FBG não publicam diretrizes próprias amplamente indexadas sobre os tópicos cobertos; ASGE, ESGE, ACG, Baveno ",authorial,provavel_com_dependencia_de_terceiro,pending,"Questão redigida pelo usuário, mas o caso/tutorial-fonte citado é material curricular da instituição de ensino (PUC), possivelmente de autoria de docente/curso — extensão de reuso verbatim do caso não auditada neste levantamento. Sem atestação humana de direitos.",false,false,not_applicable,hold_rights,curricular_PUC_tutorial_caso,Gastroenterologia,"Questão redigida pelo usuário, mas o caso/tutorial-fonte citado é material curricular da instituição de ensino (PUC), possivelmente de autoria de docente/curso — extensão de reuso verbatim do caso não auditada neste levantamento. Sem atestação humana de direitos.","Obter atestação humana específica de titularidade/direitos (ou licença documentada) antes de liberação comercial; para os grupos com fonte curricular/institucional de terceiro, isso inclui validar essa fonte (autorização do docente/instituição ou reautoria preservando tema/competência)."
0bf597c9-fa9c-4592-a220-3028da98b250,Quais são as limitações diagnósticas da ecocardiografia e a duração habitual do tratamento na endocardite de valva protética?,published,,,,Biblioteca/Medicina/Cardiologia/Clínica/Endocardite Infecciosa.docx + Casos Clínicos/tutorial/Cardiologia/Caso 3 — Endocardite Infecciosa.pdf,authorial,provavel_com_dependencia_de_terceiro,pending,"Questão redigida pelo usuário, mas o caso/tutorial-fonte citado é material curricular da instituição de ensino (PUC), possivelmente de autoria de docente/curso — extensão de reuso verbatim do caso não auditada neste levantamento. Sem atestação humana de direitos.",false,false,not_applicable,hold_rights,curricular_PUC_tutorial_caso,Infectologia,"Questão redigida pelo usuário, mas o caso/tutorial-fonte citado é material curricular da instituição de ensino (PUC), possivelmente de autoria de docente/curso — extensão de reuso verbatim do caso não auditada neste levantamento. Sem atestação humana de direitos.","Obter atestação humana específica de titularidade/direitos (ou licença documentada) antes de liberação comercial; para os grupos com fonte curricular/institucional de terceiro, isso inclui validar essa fonte (autorização do docente/instituição ou reautoria preservando tema/competência)."
c5e006b2-686b-45ed-8767-7ad67d4ba6d7,"Em comparação aos critérios de Duke modificados (2000), quais mudanças os critérios Duke-ISCVID 2023 trouxeram para a lista de patógenos  tí",published,,,,"Pesquisa ativa (Fowler VG Jr, et al. The 2023 Duke-ISCVID Criteria for Infective Endocarditis. Clin Infect Dis. 2023) — complemento aos critérios já cobertos no",authorial,provavel_independente,pending,"Fonte é pesquisa ativa em diretriz/literatura pública — indício de síntese própria, não prova documental de titularidade da redação. Sem atestação humana específica de direitos: rights_status=pending.",false,false,not_applicable,hold_rights,pesquisa_ativa_guideline,Infectologia,"Fonte é pesquisa ativa em diretriz/literatura pública — indício de síntese própria, não prova documental de titularidade da redação. Sem atestação humana específica de direitos: rights_status=pending.","Obter atestação humana específica de titularidade/direitos (ou licença documentada) antes de liberação comercial; para os grupos com fonte curricular/institucional de terceiro, isso inclui validar essa fonte (autorização do docente/instituição ou reautoria preservando tema/competência)."
68d30f8a-daa4-4159-9e11-0fa3d486d035,"Como é definido, radiologicamente, um nódulo pulmonar solitário?",published,,,,"Pneumologia/Radiografia de Tórax Básica.pdf (aula, Dr. Felipe Souza — Medicina PUCPR Londrina)",authorial,provavel_com_dependencia_de_terceiro,pending,"Fonte citada é PDF de aula de docente nomeado (Radiografia de Tórax Básica, Dr. Felipe Souza, PUCPR Londrina) — material didático de terceiro, direitos não documentados. Sem atestação humana de direitos.",false,false,not_applicable,hold_rights,aula_professor_pdf,Radiologia,"Fonte citada é PDF de aula de docente nomeado (Radiografia de Tórax Básica, Dr. Felipe Souza, PUCPR Londrina) — material didático de terceiro, direitos não documentados. Sem atestação humana de direitos.","Obter atestação humana específica de titularidade/direitos (ou licença documentada) antes de liberação comercial; para os grupos com fonte curricular/institucional de terceiro, isso inclui validar essa fonte (autorização do docente/instituição ou reautoria preservando tema/competência)."
569ec5f6-0994-4157-8788-c4aca774af48,"Paciente em uso de captopril apresenta tosse crônica há 2 anos, pneumonias de repetição no mesmo território, dispneia progressiva, emagrecim",published,,,,PUC/Saúde do Adulto 1/Pneumologia/Tutorial/Caso 3/Tutorial 3 - Estou tendo tosse.pdf; Pesquisa ativa (Irwin RS et al. Classification of Cough as a Symptom in Ad,authorial,provavel_com_dependencia_de_terceiro,pending,"Questão redigida pelo usuário, mas o caso/tutorial-fonte citado é material curricular da instituição de ensino (PUC), possivelmente de autoria de docente/curso — extensão de reuso verbatim do caso não auditada neste levantamento. Sem atestação humana de direitos.",false,false,not_applicable,hold_rights,curricular_PUC_tutorial_caso,Pneumologia,"Questão redigida pelo usuário, mas o caso/tutorial-fonte citado é material curricular da instituição de ensino (PUC), possivelmente de autoria de docente/curso — extensão de reuso verbatim do caso não auditada neste levantamento. Sem atestação humana de direitos.","Obter atestação humana específica de titularidade/direitos (ou licença documentada) antes de liberação comercial; para os grupos com fonte curricular/institucional de terceiro, isso inclui validar essa fonte (autorização do docente/instituição ou reautoria preservando tema/competência)."
ee2aa721-7cad-41cc-ae7d-2f7ba3673abe,Qual procedimento de controle de qualidade é recomendado antes do uso diário de um espirômetro de volume?,published,,,,Dados/Educação/PUC/Periodos/04/Curriculares/Habilidades profissionais 4/Pneumologia/Prova função pulmonar da teoria a prática.pdf + Estudos/Base de Estudos/Bibl,authorial,provavel_com_dependencia_de_terceiro,pending,"Questão redigida pelo usuário, mas o caso/tutorial-fonte citado é material curricular da instituição de ensino (PUC), possivelmente de autoria de docente/curso — extensão de reuso verbatim do caso não auditada neste levantamento. Sem atestação humana de direitos.",false,false,not_applicable,hold_rights,curricular_PUC_tutorial_caso,Pneumologia,"Questão redigida pelo usuário, mas o caso/tutorial-fonte citado é material curricular da instituição de ensino (PUC), possivelmente de autoria de docente/curso — extensão de reuso verbatim do caso não auditada neste levantamento. Sem atestação humana de direitos.","Obter atestação humana específica de titularidade/direitos (ou licença documentada) antes de liberação comercial; para os grupos com fonte curricular/institucional de terceiro, isso inclui validar essa fonte (autorização do docente/instituição ou reautoria preservando tema/competência)."
1ea4ff1a-7fe2-4a88-b5b7-fd70e1bd8ec4,Um paciente submetido a endoscopia digestiva alta para investigação de pirose apresenta erosões esofágicas distais confluentes que se estend,published,,,,"Pesquisa ativa em diretrizes internacionais (SOBED/FBG não publicam diretrizes próprias amplamente indexadas sobre os tópicos cobertos; ASGE, ESGE, ACG, Baveno ",authorial,provavel_com_dependencia_de_terceiro,pending,"Questão redigida pelo usuário, mas o caso/tutorial-fonte citado é material curricular da instituição de ensino (PUC), possivelmente de autoria de docente/curso — extensão de reuso verbatim do caso não auditada neste levantamento. Sem atestação humana de direitos.",false,false,not_applicable,hold_rights,curricular_PUC_tutorial_caso,Gastroenterologia,"Questão redigida pelo usuário, mas o caso/tutorial-fonte citado é material curricular da instituição de ensino (PUC), possivelmente de autoria de docente/curso — extensão de reuso verbatim do caso não auditada neste levantamento. Sem atestação humana de direitos.","Obter atestação humana específica de titularidade/direitos (ou licença documentada) antes de liberação comercial; para os grupos com fonte curricular/institucional de terceiro, isso inclui validar essa fonte (autorização do docente/instituição ou reautoria preservando tema/competência)."
3ec0ee41-29bb-4253-8927-95348bbcbac2,"Uma mulher de 45 anos, assintomática e sem fatores de risco adicionais para câncer colorretal (sem história familiar ou pessoal relevante), ",published,,,,"Pesquisa ativa em diretrizes internacionais (SOBED/FBG não publicam diretrizes próprias amplamente indexadas sobre os tópicos cobertos; ASGE, ESGE, ACG, Baveno ",authorial,provavel_com_dependencia_de_terceiro,pending,"Questão redigida pelo usuário, mas o caso/tutorial-fonte citado é material curricular da instituição de ensino (PUC), possivelmente de autoria de docente/curso — extensão de reuso verbatim do caso não auditada neste levantamento. Sem atestação humana de direitos.",false,false,not_applicable,hold_rights,curricular_PUC_tutorial_caso,Gastroenterologia,"Questão redigida pelo usuário, mas o caso/tutorial-fonte citado é material curricular da instituição de ensino (PUC), possivelmente de autoria de docente/curso — extensão de reuso verbatim do caso não auditada neste levantamento. Sem atestação humana de direitos.","Obter atestação humana específica de titularidade/direitos (ou licença documentada) antes de liberação comercial; para os grupos com fonte curricular/institucional de terceiro, isso inclui validar essa fonte (autorização do docente/instituição ou reautoria preservando tema/competência)."
d6b26e6b-c126-446d-9a18-df2aa8f7eb41,"A eficácia dessa classe em reduzir o LDL-c depende, em última instância, do aumento de qual estrutura na membrana do hepatócito? ",draft,"NexusMed (questão autoral, não extraída de prova real)",,2026,,authorial,rotulada_sem_atestacao,pending,"Marcado no banco como ""questão autoral NexusMed, não extraída de prova real"" — esse rótulo de origem é autodeclarado no próprio registro, não uma atestação humana específica de direitos (23-B) nem prova documental de titularidade. rights_status=pending até atestação ou licença.",false,false,not_applicable,hold_rights,autoral_explicito_NexusMed,Cardiologia,"Marcado no banco como ""questão autoral NexusMed, não extraída de prova real"" — esse rótulo de origem é autodeclarado no próprio registro, não uma atestação humana específica de direitos (23-B) nem prova documental de titularidade. rights_status=pending até atestação ou licença.","Obter atestação humana específica de titularidade/direitos (ou licença documentada) antes de liberação comercial; para os grupos com fonte curricular/institucional de terceiro, isso inclui validar essa fonte (autorização do docente/instituição ou reautoria preservando tema/competência)."
25afa8e4-7dbf-4644-8638-a02abddc9f81,Por que ampicilina associada à ceftriaxona é bactericida contra Enterococcus faecalis e particularmente útil quando há resistência de alto n,published,,,,"2023 ESC Guidelines for the management of endocarditis, seção 7.8",authorial,provavel_independente,pending,"Questão redigida a partir de diretriz internacional citável (ESC/Duke-ISCVID) — indício de síntese própria a partir de fato médico público, não prova documental de titularidade da redação. Sem atestação humana específica de direitos: rights_status=pending.",false,false,not_applicable,hold_rights,guideline_internacional_citada,Infectologia,"Questão redigida a partir de diretriz internacional citável (ESC/Duke-ISCVID) — indício de síntese própria a partir de fato médico público, não prova documental de titularidade da redação. Sem atestação humana específica de direitos: rights_status=pending.","Obter atestação humana específica de titularidade/direitos (ou licença documentada) antes de liberação comercial; para os grupos com fonte curricular/institucional de terceiro, isso inclui validar essa fonte (autorização do docente/instituição ou reautoria preservando tema/competência)."
49446155-3ca1-4cb5-9631-d5bcc1e5f918,"Paciente de 69 anos, ex-tabagista com carga de 30 anos-maço, apresenta tosse crônica há 2 anos, pneumonias de repetição sempre no mesmo terr",published,,,,"PUC/Saúde do Adulto 1/Pneumologia/Tutorial/Caso 3/Tutorial 3 - Estou tendo tosse.pdf; Pesquisa ativa (Goldman-Cecil Medicine, capítulo de Pneumologia — abordage",authorial,provavel_com_dependencia_de_terceiro,pending,"Questão redigida pelo usuário, mas o caso/tutorial-fonte citado é material curricular da instituição de ensino (PUC), possivelmente de autoria de docente/curso — extensão de reuso verbatim do caso não auditada neste levantamento. Sem atestação humana de direitos.",false,false,not_applicable,hold_rights,curricular_PUC_tutorial_caso,Pneumologia,"Questão redigida pelo usuário, mas o caso/tutorial-fonte citado é material curricular da instituição de ensino (PUC), possivelmente de autoria de docente/curso — extensão de reuso verbatim do caso não auditada neste levantamento. Sem atestação humana de direitos.","Obter atestação humana específica de titularidade/direitos (ou licença documentada) antes de liberação comercial; para os grupos com fonte curricular/institucional de terceiro, isso inclui validar essa fonte (autorização do docente/instituição ou reautoria preservando tema/competência)."
84a37ddb-c6a7-408c-b2b0-79b08437dde9,"Paciente com insuficiência cardíaca apresenta edema, congestão e sódio sérico de 128 mEq/L. Como classificar e tratar inicialmente esse dist",published,,,,"DISTÚRBIO DE SÓDIO E ÁGUA.pdf, slides 27–30",authorial,provavel_com_dependencia_de_terceiro,pending,"Fonte citada é slide de aula (Distúrbio de Sódio e Água) sem autor/instituição registrados no banco — provável material de curso de terceiro, direitos não documentados. Sem atestação humana de direitos.",false,false,not_applicable,hold_rights,aula_professor_pdf_sodio_agua,Fisiologia e fisiopatologia,"Fonte citada é slide de aula (Distúrbio de Sódio e Água) sem autor/instituição registrados no banco — provável material de curso de terceiro, direitos não documentados. Sem atestação humana de direitos.","Obter atestação humana específica de titularidade/direitos (ou licença documentada) antes de liberação comercial; para os grupos com fonte curricular/institucional de terceiro, isso inclui validar essa fonte (autorização do docente/instituição ou reautoria preservando tema/competência)."
98091d1a-b336-4eb6-ad2c-d1bdb0fd35ba,"Paciente euvolêmico tem Na 124 mEq/L, osmolalidade plasmática 260 mOsm/kg, osmolalidade urinária 420 mOsm/kg, Na urinário 52 mEq/L, creatini",published,,,,"DISTÚRBIO DE SÓDIO E ÁGUA.pdf, slide 62",authorial,provavel_com_dependencia_de_terceiro,pending,"Fonte citada é slide de aula (Distúrbio de Sódio e Água) sem autor/instituição registrados no banco — provável material de curso de terceiro, direitos não documentados. Sem atestação humana de direitos.",false,false,not_applicable,hold_rights,aula_professor_pdf_sodio_agua,Fisiologia e fisiopatologia,"Fonte citada é slide de aula (Distúrbio de Sódio e Água) sem autor/instituição registrados no banco — provável material de curso de terceiro, direitos não documentados. Sem atestação humana de direitos.","Obter atestação humana específica de titularidade/direitos (ou licença documentada) antes de liberação comercial; para os grupos com fonte curricular/institucional de terceiro, isso inclui validar essa fonte (autorização do docente/instituição ou reautoria preservando tema/competência)."
35235662-33ef-4986-a7de-5a9b8117529f,Por que a cilastatina é administrada com imipenem?,published,,,,Aulas Antimicrobianos I-III (Agressão e Defesa 2) + Guia Integrado de Antimicrobianos + pesquisa ativa,authorial,provavel_com_dependencia_de_terceiro,pending,"Fonte citada é aula de curso (Antimicrobianos I-III) + guia integrado — provável material didático de terceiro, direitos não documentados. Sem atestação humana de direitos.",false,false,not_applicable,hold_rights,aula_professor_pdf_antimicrobianos,Farmacologia,"Fonte citada é aula de curso (Antimicrobianos I-III) + guia integrado — provável material didático de terceiro, direitos não documentados. Sem atestação humana de direitos.","Obter atestação humana específica de titularidade/direitos (ou licença documentada) antes de liberação comercial; para os grupos com fonte curricular/institucional de terceiro, isso inclui validar essa fonte (autorização do docente/instituição ou reautoria preservando tema/competência)."
e0914f21-b613-4629-9124-176d61512360,Qual macrolídeo apresenta menor inibição clinicamente relevante do CYP3A4?,published,,,,Aulas Antimicrobianos I-III (Agressão e Defesa 2) + Guia Integrado de Antimicrobianos + pesquisa ativa,authorial,provavel_com_dependencia_de_terceiro,pending,"Fonte citada é aula de curso (Antimicrobianos I-III) + guia integrado — provável material didático de terceiro, direitos não documentados. Sem atestação humana de direitos.",false,false,not_applicable,hold_rights,aula_professor_pdf_antimicrobianos,Farmacologia,"Fonte citada é aula de curso (Antimicrobianos I-III) + guia integrado — provável material didático de terceiro, direitos não documentados. Sem atestação humana de direitos.","Obter atestação humana específica de titularidade/direitos (ou licença documentada) antes de liberação comercial; para os grupos com fonte curricular/institucional de terceiro, isso inclui validar essa fonte (autorização do docente/instituição ou reautoria preservando tema/competência)."
cc133c2b-c858-4ccd-8fe0-68b51a7911f8,Por que o bloqueio de um único passo do SRAA produz efeitos clínicos que ultrapassam a simples redução da pressão arterial?,published,,,,Estudos/Base de Estudos/Biblioteca/Medicina/_anki/anki_hipertensao_sraa_anti-hipertensivos.json (migrado e convertido para múltipla escolha),authorial,provavel_independente,pending,"Fonte é banco de flashcards pessoal do usuário (anki_hipertensao_sraa...), indício de processo autoral independente — mas isso é indício de processo de criação, não prova documental de titularidade da redação. Sem atestação humana específica de direitos: rights_status=pending.",false,false,not_applicable,hold_rights,anki_pessoal,Farmacologia,"Fonte é banco de flashcards pessoal do usuário (anki_hipertensao_sraa...), indício de processo autoral independente — mas isso é indício de processo de criação, não prova documental de titularidade da redação. Sem atestação humana específica de direitos: rights_status=pending.","Obter atestação humana específica de titularidade/direitos (ou licença documentada) antes de liberação comercial; para os grupos com fonte curricular/institucional de terceiro, isso inclui validar essa fonte (autorização do docente/instituição ou reautoria preservando tema/competência)."
dd9ad52b-9569-42c3-b5b2-84d6b88ee40d,"Por que o nifedipino de liberação imediata é evitado no controle crônico da hipertensão, enquanto formulações de longa ação e o anlodipino p",published,,,,Estudos/Base de Estudos/Biblioteca/Medicina/_anki/anki_hipertensao_sraa_anti-hipertensivos.json (migrado e convertido para múltipla escolha),authorial,provavel_independente,pending,"Fonte é banco de flashcards pessoal do usuário (anki_hipertensao_sraa...), indício de processo autoral independente — mas isso é indício de processo de criação, não prova documental de titularidade da redação. Sem atestação humana específica de direitos: rights_status=pending.",false,false,not_applicable,hold_rights,anki_pessoal,Farmacologia,"Fonte é banco de flashcards pessoal do usuário (anki_hipertensao_sraa...), indício de processo autoral independente — mas isso é indício de processo de criação, não prova documental de titularidade da redação. Sem atestação humana específica de direitos: rights_status=pending.","Obter atestação humana específica de titularidade/direitos (ou licença documentada) antes de liberação comercial; para os grupos com fonte curricular/institucional de terceiro, isso inclui validar essa fonte (autorização do docente/instituição ou reautoria preservando tema/competência)."
33ddd731-f70e-496d-9b7f-bbfe3dbf6c4f,"Paciente idoso, com alta carga tabágica, apresenta tosse crônica, pneumonias de repetição no mesmo território, hemoptise e lesão expansiva p",published,,,,PUC/Saúde do Adulto 1/Pneumologia/Tutorial/Caso 3/Tutorial 3 - Estou tendo tosse.pdf; Pesquisa ativa (Rivera MP et al. Establishing the Diagnosis of Lung Cancer,authorial,provavel_com_dependencia_de_terceiro,pending,"Questão redigida pelo usuário, mas o caso/tutorial-fonte citado é material curricular da instituição de ensino (PUC), possivelmente de autoria de docente/curso — extensão de reuso verbatim do caso não auditada neste levantamento. Sem atestação humana de direitos.",false,false,not_applicable,hold_rights,curricular_PUC_tutorial_caso,Pneumologia,"Questão redigida pelo usuário, mas o caso/tutorial-fonte citado é material curricular da instituição de ensino (PUC), possivelmente de autoria de docente/curso — extensão de reuso verbatim do caso não auditada neste levantamento. Sem atestação humana de direitos.","Obter atestação humana específica de titularidade/direitos (ou licença documentada) antes de liberação comercial; para os grupos com fonte curricular/institucional de terceiro, isso inclui validar essa fonte (autorização do docente/instituição ou reautoria preservando tema/competência)."
962a4946-ffb7-48e8-979d-6a4ffdcde5a1,"Em uma espirometria sem medida de capacidade pulmonar total (CPT), o VEF1 corresponde a 42% do previsto e a CVF a 70% do previsto, com relaç",published,,,,Dados/Educação/PUC/Periodos/04/Curriculares/Habilidades profissionais 4/Pneumologia/Prova função pulmonar da teoria a prática.pdf + Estudos/Base de Estudos/Bibl,authorial,provavel_com_dependencia_de_terceiro,pending,"Questão redigida pelo usuário, mas o caso/tutorial-fonte citado é material curricular da instituição de ensino (PUC), possivelmente de autoria de docente/curso — extensão de reuso verbatim do caso não auditada neste levantamento. Sem atestação humana de direitos.",false,false,not_applicable,hold_rights,curricular_PUC_tutorial_caso,Pneumologia,"Questão redigida pelo usuário, mas o caso/tutorial-fonte citado é material curricular da instituição de ensino (PUC), possivelmente de autoria de docente/curso — extensão de reuso verbatim do caso não auditada neste levantamento. Sem atestação humana de direitos.","Obter atestação humana específica de titularidade/direitos (ou licença documentada) antes de liberação comercial; para os grupos com fonte curricular/institucional de terceiro, isso inclui validar essa fonte (autorização do docente/instituição ou reautoria preservando tema/competência)."
c62fbba8-9ac8-445b-9d32-214f18e9225b,"Um homem de 58 anos relata disfagia progressiva para sólidos, iniciada há três meses e agora presente também para líquidos, associada a perd",published,,,,"Pesquisa ativa em diretrizes internacionais (SOBED/FBG não publicam diretrizes próprias amplamente indexadas sobre os tópicos cobertos; ASGE, ESGE, ACG, Baveno ",authorial,provavel_com_dependencia_de_terceiro,pending,"Questão redigida pelo usuário, mas o caso/tutorial-fonte citado é material curricular da instituição de ensino (PUC), possivelmente de autoria de docente/curso — extensão de reuso verbatim do caso não auditada neste levantamento. Sem atestação humana de direitos.",false,false,not_applicable,hold_rights,curricular_PUC_tutorial_caso,Gastroenterologia,"Questão redigida pelo usuário, mas o caso/tutorial-fonte citado é material curricular da instituição de ensino (PUC), possivelmente de autoria de docente/curso — extensão de reuso verbatim do caso não auditada neste levantamento. Sem atestação humana de direitos.","Obter atestação humana específica de titularidade/direitos (ou licença documentada) antes de liberação comercial; para os grupos com fonte curricular/institucional de terceiro, isso inclui validar essa fonte (autorização do docente/instituição ou reautoria preservando tema/competência)."
2f27f55b-99f7-40ae-bb4b-03399fda2060,Um paciente de 50 anos realiza colonoscopia de rastreamento com preparo adequado e intubação cecal completa. São identificados e ressecados ,published,,,,"Pesquisa ativa em diretrizes internacionais (SOBED/FBG não publicam diretrizes próprias amplamente indexadas sobre os tópicos cobertos; ASGE, ESGE, ACG, Baveno ",authorial,provavel_com_dependencia_de_terceiro,pending,"Questão redigida pelo usuário, mas o caso/tutorial-fonte citado é material curricular da instituição de ensino (PUC), possivelmente de autoria de docente/curso — extensão de reuso verbatim do caso não auditada neste levantamento. Sem atestação humana de direitos.",false,false,not_applicable,hold_rights,curricular_PUC_tutorial_caso,Gastroenterologia,"Questão redigida pelo usuário, mas o caso/tutorial-fonte citado é material curricular da instituição de ensino (PUC), possivelmente de autoria de docente/curso — extensão de reuso verbatim do caso não auditada neste levantamento. Sem atestação humana de direitos.","Obter atestação humana específica de titularidade/direitos (ou licença documentada) antes de liberação comercial; para os grupos com fonte curricular/institucional de terceiro, isso inclui validar essa fonte (autorização do docente/instituição ou reautoria preservando tema/competência)."
1000961c-e73c-4f0c-88b8-575afda7399f,Qual par associa corretamente a classe ao principal índice PK/PD?,published,,,,Aulas Antimicrobianos I-III (Agressão e Defesa 2) + Guia Integrado de Antimicrobianos + pesquisa ativa,authorial,provavel_com_dependencia_de_terceiro,pending,"Fonte citada é aula de curso (Antimicrobianos I-III) + guia integrado — provável material didático de terceiro, direitos não documentados. Sem atestação humana de direitos.",false,false,not_applicable,hold_rights,aula_professor_pdf_antimicrobianos,Farmacologia,"Fonte citada é aula de curso (Antimicrobianos I-III) + guia integrado — provável material didático de terceiro, direitos não documentados. Sem atestação humana de direitos.","Obter atestação humana específica de titularidade/direitos (ou licença documentada) antes de liberação comercial; para os grupos com fonte curricular/institucional de terceiro, isso inclui validar essa fonte (autorização do docente/instituição ou reautoria preservando tema/competência)."
7e7d74e4-ba26-411d-b15e-3434b185d221,Por que metronidazol é seletivo para anaeróbios e alguns protozoários?,published,,,,Aulas Antimicrobianos I-III (Agressão e Defesa 2) + Guia Integrado de Antimicrobianos + pesquisa ativa,authorial,provavel_com_dependencia_de_terceiro,pending,"Fonte citada é aula de curso (Antimicrobianos I-III) + guia integrado — provável material didático de terceiro, direitos não documentados. Sem atestação humana de direitos.",false,false,not_applicable,hold_rights,aula_professor_pdf_antimicrobianos,Farmacologia,"Fonte citada é aula de curso (Antimicrobianos I-III) + guia integrado — provável material didático de terceiro, direitos não documentados. Sem atestação humana de direitos.","Obter atestação humana específica de titularidade/direitos (ou licença documentada) antes de liberação comercial; para os grupos com fonte curricular/institucional de terceiro, isso inclui validar essa fonte (autorização do docente/instituição ou reautoria preservando tema/competência)."
a610fb0f-bd55-48d7-acf5-4715698a47d0,"O que caracteriza uma ESBL (betalactamase de espectro estendido), diferenciando-a de outras betalactamases?",published,,,,Aulas Antimicrobianos I-III (Agressão e Defesa 2) + Guia Integrado de Antimicrobianos + pesquisa ativa,authorial,provavel_com_dependencia_de_terceiro,pending,"Fonte citada é aula de curso (Antimicrobianos I-III) + guia integrado — provável material didático de terceiro, direitos não documentados. Sem atestação humana de direitos.",false,false,not_applicable,hold_rights,aula_professor_pdf_antimicrobianos,Farmacologia,"Fonte citada é aula de curso (Antimicrobianos I-III) + guia integrado — provável material didático de terceiro, direitos não documentados. Sem atestação humana de direitos.","Obter atestação humana específica de titularidade/direitos (ou licença documentada) antes de liberação comercial; para os grupos com fonte curricular/institucional de terceiro, isso inclui validar essa fonte (autorização do docente/instituição ou reautoria preservando tema/competência)."
68c5b495-04b2-40c4-86d0-3f1e9c0148e2,"No músculo liso vascular, qual sequência descreve corretamente o acoplamento entre o influxo de Ca²⁺ pelo canal tipo L e a contração?",published,,,,Estudos/Base de Estudos/Biblioteca/Medicina/_anki/anki_hipertensao_sraa_anti-hipertensivos.json (migrado e convertido para múltipla escolha),authorial,provavel_independente,pending,"Fonte é banco de flashcards pessoal do usuário (anki_hipertensao_sraa...), indício de processo autoral independente — mas isso é indício de processo de criação, não prova documental de titularidade da redação. Sem atestação humana específica de direitos: rights_status=pending.",false,false,not_applicable,hold_rights,anki_pessoal,Farmacologia,"Fonte é banco de flashcards pessoal do usuário (anki_hipertensao_sraa...), indício de processo autoral independente — mas isso é indício de processo de criação, não prova documental de titularidade da redação. Sem atestação humana específica de direitos: rights_status=pending.","Obter atestação humana específica de titularidade/direitos (ou licença documentada) antes de liberação comercial; para os grupos com fonte curricular/institucional de terceiro, isso inclui validar essa fonte (autorização do docente/instituição ou reautoria preservando tema/competência)."
3dcb31c8-c681-4df1-9b02-0a57cb836372,Em qual situação clínica o betabloqueador constitui escolha apropriada para o paciente hipertenso?,published,,,,Estudos/Base de Estudos/Biblioteca/Medicina/_anki/anki_hipertensao_sraa_anti-hipertensivos.json (migrado e convertido para múltipla escolha),authorial,provavel_independente,pending,"Fonte é banco de flashcards pessoal do usuário (anki_hipertensao_sraa...), indício de processo autoral independente — mas isso é indício de processo de criação, não prova documental de titularidade da redação. Sem atestação humana específica de direitos: rights_status=pending.",false,false,not_applicable,hold_rights,anki_pessoal,Farmacologia,"Fonte é banco de flashcards pessoal do usuário (anki_hipertensao_sraa...), indício de processo autoral independente — mas isso é indício de processo de criação, não prova documental de titularidade da redação. Sem atestação humana específica de direitos: rights_status=pending.","Obter atestação humana específica de titularidade/direitos (ou licença documentada) antes de liberação comercial; para os grupos com fonte curricular/institucional de terceiro, isso inclui validar essa fonte (autorização do docente/instituição ou reautoria preservando tema/competência)."
aa0cd06a-5083-42ad-bcc2-083aa2d05970,"Considerando que o paciente apresenta dispneia mesmo em atividades habituais como caminhar curtas distâncias no plano ou tomar banho, mas se",published,,,,Casos Clínicos/tutorial/Cardiologia/Caso 4.docx,authorial,provavel_com_dependencia_de_terceiro,pending,"Questão redigida pelo usuário, mas o caso/tutorial-fonte citado é material curricular da instituição de ensino (PUC), possivelmente de autoria de docente/curso — extensão de reuso verbatim do caso não auditada neste levantamento. Sem atestação humana de direitos.",false,false,not_applicable,hold_rights,curricular_PUC_tutorial_caso,Cardiologia,"Questão redigida pelo usuário, mas o caso/tutorial-fonte citado é material curricular da instituição de ensino (PUC), possivelmente de autoria de docente/curso — extensão de reuso verbatim do caso não auditada neste levantamento. Sem atestação humana de direitos.","Obter atestação humana específica de titularidade/direitos (ou licença documentada) antes de liberação comercial; para os grupos com fonte curricular/institucional de terceiro, isso inclui validar essa fonte (autorização do docente/instituição ou reautoria preservando tema/competência)."
91b9c603-5c55-49ff-b574-e21fa8d81577,"Paciente com insuficiência cardíaca congestiva apresenta redução do murmúrio vesicular na base pulmonar direita, achado compatível com derra",published,,,,Casos Clínicos/tutorial/Cardiologia/Caso 4.docx,authorial,provavel_com_dependencia_de_terceiro,pending,"Questão redigida pelo usuário, mas o caso/tutorial-fonte citado é material curricular da instituição de ensino (PUC), possivelmente de autoria de docente/curso — extensão de reuso verbatim do caso não auditada neste levantamento. Sem atestação humana de direitos.",false,false,not_applicable,hold_rights,curricular_PUC_tutorial_caso,Cardiologia,"Questão redigida pelo usuário, mas o caso/tutorial-fonte citado é material curricular da instituição de ensino (PUC), possivelmente de autoria de docente/curso — extensão de reuso verbatim do caso não auditada neste levantamento. Sem atestação humana de direitos.","Obter atestação humana específica de titularidade/direitos (ou licença documentada) antes de liberação comercial; para os grupos com fonte curricular/institucional de terceiro, isso inclui validar essa fonte (autorização do docente/instituição ou reautoria preservando tema/competência)."
ccbec404-35a9-4486-8cff-71676a107b23,"Em um adulto, as duas maiores medidas aceitáveis de CVF foram 3,42 L e 3,31 L; as duas maiores de VEF1 foram 2,61 L e 2,50 L. Como avaliar a",published,,,,Dados/Educação/PUC/Periodos/04/Curriculares/Habilidades profissionais 4/Pneumologia/Prova função pulmonar da teoria a prática.pdf + Estudos/Base de Estudos/Bibl,authorial,provavel_com_dependencia_de_terceiro,pending,"Questão redigida pelo usuário, mas o caso/tutorial-fonte citado é material curricular da instituição de ensino (PUC), possivelmente de autoria de docente/curso — extensão de reuso verbatim do caso não auditada neste levantamento. Sem atestação humana de direitos.",false,false,not_applicable,hold_rights,curricular_PUC_tutorial_caso,Pneumologia,"Questão redigida pelo usuário, mas o caso/tutorial-fonte citado é material curricular da instituição de ensino (PUC), possivelmente de autoria de docente/curso — extensão de reuso verbatim do caso não auditada neste levantamento. Sem atestação humana de direitos.","Obter atestação humana específica de titularidade/direitos (ou licença documentada) antes de liberação comercial; para os grupos com fonte curricular/institucional de terceiro, isso inclui validar essa fonte (autorização do docente/instituição ou reautoria preservando tema/competência)."
b1daccf0-d6cd-4be8-bee1-a9759256a9e7,"Um homem de 68 anos, com fibrilação atrial e prótese valvar mitral mecânica, faz uso contínuo de varfarina. Foi identificado um pólipo colôn",published,,,,"Pesquisa ativa em diretrizes internacionais (SOBED/FBG não publicam diretrizes próprias amplamente indexadas sobre os tópicos cobertos; ASGE, ESGE, ACG, Baveno ",authorial,provavel_com_dependencia_de_terceiro,pending,"Questão redigida pelo usuário, mas o caso/tutorial-fonte citado é material curricular da instituição de ensino (PUC), possivelmente de autoria de docente/curso — extensão de reuso verbatim do caso não auditada neste levantamento. Sem atestação humana de direitos.",false,false,not_applicable,hold_rights,curricular_PUC_tutorial_caso,Gastroenterologia,"Questão redigida pelo usuário, mas o caso/tutorial-fonte citado é material curricular da instituição de ensino (PUC), possivelmente de autoria de docente/curso — extensão de reuso verbatim do caso não auditada neste levantamento. Sem atestação humana de direitos.","Obter atestação humana específica de titularidade/direitos (ou licença documentada) antes de liberação comercial; para os grupos com fonte curricular/institucional de terceiro, isso inclui validar essa fonte (autorização do docente/instituição ou reautoria preservando tema/competência)."
0bc512b9-b376-42c8-9679-926648f39927,"Durante uma endoscopia digestiva alta de rotina em um paciente com doença do refluxo gastroesofágico de longa data, observa-se substituição ",published,,,,"Pesquisa ativa em diretrizes internacionais (SOBED/FBG não publicam diretrizes próprias amplamente indexadas sobre os tópicos cobertos; ASGE, ESGE, ACG, Baveno ",authorial,provavel_com_dependencia_de_terceiro,pending,"Questão redigida pelo usuário, mas o caso/tutorial-fonte citado é material curricular da instituição de ensino (PUC), possivelmente de autoria de docente/curso — extensão de reuso verbatim do caso não auditada neste levantamento. Sem atestação humana de direitos.",false,false,not_applicable,hold_rights,curricular_PUC_tutorial_caso,Gastroenterologia,"Questão redigida pelo usuário, mas o caso/tutorial-fonte citado é material curricular da instituição de ensino (PUC), possivelmente de autoria de docente/curso — extensão de reuso verbatim do caso não auditada neste levantamento. Sem atestação humana de direitos.","Obter atestação humana específica de titularidade/direitos (ou licença documentada) antes de liberação comercial; para os grupos com fonte curricular/institucional de terceiro, isso inclui validar essa fonte (autorização do docente/instituição ou reautoria preservando tema/competência)."
5f47a6c7-64f6-4427-a85a-0b0350d688be,"Algumas horas após a polipectomia de um pólipo séssil de 25 mm no cólon transverso, o paciente evolui com dor abdominal intensa e progressiv",published,,,,"Pesquisa ativa em diretrizes internacionais (SOBED/FBG não publicam diretrizes próprias amplamente indexadas sobre os tópicos cobertos; ASGE, ESGE, ACG, Baveno ",authorial,provavel_com_dependencia_de_terceiro,pending,"Questão redigida pelo usuário, mas o caso/tutorial-fonte citado é material curricular da instituição de ensino (PUC), possivelmente de autoria de docente/curso — extensão de reuso verbatim do caso não auditada neste levantamento. Sem atestação humana de direitos.",false,false,not_applicable,hold_rights,curricular_PUC_tutorial_caso,Gastroenterologia,"Questão redigida pelo usuário, mas o caso/tutorial-fonte citado é material curricular da instituição de ensino (PUC), possivelmente de autoria de docente/curso — extensão de reuso verbatim do caso não auditada neste levantamento. Sem atestação humana de direitos.","Obter atestação humana específica de titularidade/direitos (ou licença documentada) antes de liberação comercial; para os grupos com fonte curricular/institucional de terceiro, isso inclui validar essa fonte (autorização do docente/instituição ou reautoria preservando tema/competência)."
53e22bed-f622-454e-a133-2dfd546c9647,"Considerando as características globais do paciente, a conduta adequada no tratamento para o diabetes e da dislipidemia seria ",draft,UFPA (COREME) — Processo Seletivo de Residência Médica,,2021,,public_exam,nao_aplicavel,pending,"Questão de processo seletivo de residência médica (UFPA/COREME) — disponibilidade pública do processo seletivo não confirma licença de reuso comercial; status draft, não publicada.",false,false,not_applicable,hold_rights,exame_publico_UFPA,Cardiologia,"Questão de processo seletivo de residência médica (UFPA/COREME) — disponibilidade pública do processo seletivo não confirma licença de reuso comercial; status draft, não publicada.","Obter atestação humana específica de titularidade/direitos (ou licença documentada) antes de liberação comercial; para os grupos com fonte curricular/institucional de terceiro, isso inclui validar essa fonte (autorização do docente/instituição ou reautoria preservando tema/competência)."